cellID,barcode,sample
AAACCCACAAAGGCAC-1,CACTCACTGTCTGAGACAGTCTGAGTGACA,sampleName
AAAGGGCAGGACGCTA-1,CACTCACTGTCTGAGACAGTCTGAGTGACA,sampleName
AAAGGTACAGAGTGAC-1,GTGAGTCACACTCTGAGACTGACTGTCTGA,sampleName
AAAGGTATCATCCTGC-1,GAGACTGACACTGTGTCTGAGTCTGTCACA,sampleName
AAAGTCCTCAAACTGC-1,CACTGACAGACTGACACTCACTCTGTCACT,sampleName
AAAGTGACAGACGGAT-1,CACTGACTCTCACAGACACTCACTGTGAGT,sampleName
AAATGGACAGTCAGAG-1,GTCACACAGTCTGTCAGTGTCACTGACTCA,sampleName
AAATGGACATCACGGC-1,GACAGACAGAGTCTCTCTCACTGACAGTCA,sampleName
AAATGGACATCGCTCT-1,CTGACTCAGACTGAGAGTCTGAGTGTGAGA,sampleName
AACAAAGAGGGAGTTC-1,CACACTCTCTCTCTCTCTGAGACAGTGACA,sampleName
AACAAAGAGTAGTGCG-1,CTCTCTGACACACTCTCAGACTGACAGACA,sampleName
AACAAGAAGCCAAGGT-1,CTGTGTCAGACTGAGTGACTCTGTGTGACT,sampleName
AACAAGAGTCCTACGG-1,CACTCACTGTCTGAGACAGTCTGAGTGACA,sampleName
AACACACAGGTTGGAC-1,CACACTCTCTCTCTCTCTGAGACAGTGACA,sampleName
AACACACGTTCCACGG-1,GTCTCACAGACTCTCACAGAGACAGACTCT,sampleName
AACCAACCATCAGCGC-1,GACTCTCTGTGACACTGACAGAGTCTCAGA,sampleName
AACCACACATCTGTTT-1,CTCTCTGACACACTCTCAGACTGACAGACA,sampleName
AACCCAACAATTCTCT-1,CAGTCTCTCTCACACAGTCACTGTCAGTCA,sampleName
AACCCAACAGTGCCTG-1,GTCTCACAGACTCTCACAGAGACAGACTCT,sampleName
AACCCAAGTCATAGTC-1,GTGTCTGTCTCTCTGAGTCACTCACAGTCT,sampleName
AACCCAATCCGTATGA-1,GAGAGACTGACTCAGTGTGTCAGTGACACT,sampleName
AACCCAATCCGTATGA-1,GAGAGACTGACTCAGTGTGTCAGTGACACT,sampleName
AACCTTTGTAAGATTG-1,GTCTCACAGACTCTCACAGAGACAGTCTCT,sampleName
AACCTTTTCCGGACGT-1,GAGAGACTGACTCAGTGTGTCAGTGACACT,sampleName
AACGAAATCTTTGCTA-1,CTCACACACACACAGAGTCTGTCAGACACA,sampleName
AACGAAATCTTTGCTA-1,CTCACACACACACAGAGTCTGTCAGACACA,sampleName
AACGAAATCTTTGCTA-1,CTCTCACAGTCAGACTCACAGTCTCTGTCT,sampleName
AACGCCTTTTTTTTTT-1,CACTGAGTGTGTGACACAGTCTGTCTCACT,sampleName
AACGGGAAGTCGAAAT-1,CACTCACTGTCTGAGACAGTCTGAGTGACA,sampleName
AACGGGACACCTCAGG-1,GTGTGTGTCTGTGTCACACACTGACTGACA,sampleName
AACGGGACACGTCGGT-1,GACTCTGTGACTGAGACTGTGTCACACTCA,sampleName
AACTTCTCAGACATCT-1,CACTGACTGAGACACAGTCACACACTCTCA,sampleName
AACTTCTGTACCATAC-1,CTGTGTGACTCACTCACTGTCTCAGACTGA,sampleName
AAGAACATCTAGACAC-1,GTCACACAGTCTGTCAGTGTCACTGACTCA,sampleName
AAGACTCCAAACCACT-1,GTGAGACTCACTGACACACTGTCTCACTGA,sampleName
AAGACTCCACTGCACG-1,CACAGACTGTGAGAGAGTCAGTGACACTCA,sampleName
AAGATAGAGTCTGCAT-1,CAGTGAGAGTCAGAGTCTGACTCTGTGAGA,sampleName
AAGATAGTCCCATACC-1,CACTGACAGACTGACACACACTCTGTCACT,sampleName
AAGCATCTCACTAGCA-1,GTGTCTGTCAGACTGACACACACTCAGAGA,sampleName
AAGCGAGGTCAGTCGC-1,GACACACTCTCTCACTGACTCAGTGTGTCA,sampleName
AAGCGTTGTTGTGTTG-1,CTGAGACTCACTCAGTCACTGTCTGTCACT,sampleName
AAGCGTTTCCTCAGGG-1,GACAGACAGAGTCTCTCTCACTGACAGTCA,sampleName
AAGCGTTTCGAAGGAC-1,GACTCTCTGTGACACTGACAGAGTCTCAGA,sampleName
AAGGTAAGTGTTCGAT-1,CTGAGTCTCTCTCACAGACACTCACTGACT,sampleName
AAGGTAATCATAGGCT-1,CTGACACAGAGTCAGACAGTGTGACTCAGT,sampleName
AAGGTAATCTAAACGC-1,CTGACTCTCTCTCAGTCTCTCTCACTGACA,sampleName
AAGTACCGTGAGATCG-1,CTGAGACTCACTCAGTCACTGTCTGTCACT,sampleName
AAGTCGTGTGCACGCT-1,GTGAGACTCACTGACACACTGTCTCACTGA,sampleName
AAGTTCGAGTACGAGC-1,CTCACTGTCACTGTCTGTCTGACTCAGTGT,sampleName
AAGTTCGGTCGCAACC-1,CTCTCACAGTCAGACTCACAGTCTCTGTCT,sampleName
AAGTTCGGTGGCTTGC-1,CTGACACAGAGTCAGACAGTGTGACTCAGT,sampleName
AAGTTCGTCTCAGTCC-1,GTGTCTGTCTCTCTGAGTCACTCACAGTCT,sampleName
AATCGACCAACGGCCT-1,CTGACTCAGACTGAGAGTCTGAGTGTGAGA,sampleName
AATGAAGGTGTCTTCC-1,CACTCACTGTCTGAGACAGTCTGAGTGACA,sampleName
AATGACCCACGATTCA-1,GTGTGTGTCTGTGTCACACACTGACTGACA,sampleName
AATGACCCACGCCACA-1,CTGACAGTGAGTGACTCTCAGACTCTGTCA,sampleName
AATGACCGTGACTCGC-1,GACAGACAGAGTCTCTCTCACTGACAGTCA,sampleName
AATGACCGTGACTCGC-1,CTGTGTCAGACTGAGTGACTCTGTGTGACT,sampleName
AATGACCGTGACTCGC-1,CTGTGTCAGACTGAGTGACTCTGTGTGACT,sampleName
AATGCCACAAGTTCCA-1,CAGAGAGTCAGACACTCAGTCAGACTGTGA,sampleName
AATGCCACAAGTTCCA-1,CACACTCTCTCTCTCTCTGAGACAGTGACA,sampleName
AATGCCACAGTCGCAC-1,CTGTGTCAGACTGAGTGACTCTGTGTGACT,sampleName
AATGGAAGTGCAACAG-1,CACTGAGTGTGTGACACAGTCTGTCTCACT,sampleName
AATGGCTCAGAACTCT-1,GTCACACAGTCTGTCAGTGTCACTGACTCA,sampleName
AATGGCTGTTTCCAAG-1,GTCTCACAGACTCTCACAGAGACAGACTCT,sampleName
AATGGCTGTTTCCAAG-1,GTCTCACAGACTCTCACAGAGACAGACTCT,sampleName
AATTCCTGTAACACGG-1,GAGACACTCAGACACACACTCTGACTGACA,sampleName
AATTCCTGTTCTTGTT-1,CACTGAGTGTGTGACACAGTCTGTCTCACT,sampleName
AATTTCCGTACTTGTG-1,CACTCACTGTCTGAGACAGTCTGAGTGACA,sampleName
AATTTCCTCTATCACT-1,CACTCACTGTCTGAGACAGTCTGAGTGACA,sampleName
ACAAGCTCACAATTCG-1,GAGACACTGACTCTGAGACAGTCACTCTGA,sampleName
ACACAGTAGCTGTTCA-1,GAGAGACTCACTGACACACTGTCTCACTGA,sampleName
ACACAGTAGCTGTTCA-1,GAGAGACTCACTGACACACTGTCTCACTGA,sampleName
ACACAGTCACATGGTT-1,CACTCACTGTCTGAGACAGTCTGAGTGACA,sampleName
ACACAGTCACATGGTT-1,CACTCACTGTCTGAGACAGTCTGAGTGACA,sampleName
ACACAGTCACATGGTT-1,CACTCACTGTCTGAGACAGTCTGAGTGACA,sampleName
ACACCAAGTCACCGAC-1,CTGACTCAGACTGAGAGTCTGAGTGTGAGA,sampleName
ACACCAAGTCACCGAC-1,GTCTCACAGACTCTCACAGAGACAGACTCT,sampleName
ACACTGAGTCGCAACC-1,CTGTGTCAGACTGAGTGACTCTGTGTGACT,sampleName
ACAGGGAAGTAGGTTA-1,CTGACTCAGACTGAGAGTCTGAGTGTGAGA,sampleName
ACATCCCGTGAGATCG-1,GTCACACAGTCTGTCAGTGTCACTGACTCA,sampleName
ACATTTCAGTAACCGG-1,CTGACTCAGACTGAGAGTCTGAGTGTGAGA,sampleName
ACATTTCTCACTACTT-1,CAGTGTGAGACAGACAGACTCTGACACACT,sampleName
ACATTTCTCACTCCGT-1,CACTGAGTGTGTGACACAGTCTGTCTCACT,sampleName
ACCAACAAGGTCCCGT-1,CACTCACTGTCTGAGACAGTCTGAGTGACA,sampleName
ACCATTTCACATGGTT-1,CACAGTCAGTGAGTGAGACACAGACTGACA,sampleName
ACCCAAACATAACCCA-1,CACAGACACTGACACAGTGTCTGAGAGTCT,sampleName
ACCCAAACATAACCCA-1,CACAGACACTGACACAGTGTCTGAGAGTCT,sampleName
ACCGTTCAGACCCGCT-1,GTGAGACTCACTGACACACTGTCTCACTGA,sampleName
ACCGTTCGTATGTCCA-1,CAGTCTGTCAGAGTCTGTCACTGTGTCTCT,sampleName
ACCTACCGTTCGGCGT-1,GTCACAGACTCTGTCTGACAGTCTCACACT,sampleName
ACCTGTCCAAGTGTCT-1,GTCACACAGTCTGTCAGAGTCACTGACTCA,sampleName
ACGATGTCAAGTTCGT-1,CACAGTCAGTGAGTGAGACACAGACTGACA,sampleName
ACGGGTCAGAAACCAT-1,CACTGAGTGTGTGACACAGTCTGTCTCACT,sampleName
ACGGGTCAGTACTCGT-1,CTGTGTCAGACTGAGTGACTCTGTGTGACT,sampleName
ACGGGTCAGTGACACG-1,CACACTCTGAGAGTCTCAGACTCTCTCTCT,sampleName
ACGTAACCATGGCCAC-1,GTCACACAGTCTGTCAGTGTCACTGACTCA,sampleName
ACGTAACTCTAAGGAA-1,GTGAGTCACACAGACACTCTCTCTCACTGT,sampleName
ACGTACACACCAATTG-1,GTCTCACTGTCACTGACAGTGACTCTGAGA,sampleName
ACGTAGTCACTGCGAC-1,CTGTGTCAGACTGAGTGACTCTGTGTGACT,sampleName
ACGTAGTCATCTTTCA-1,CTGACTCTCTCTCAGTCTCTCTCACTGACA,sampleName
ACGTCCTTCTTCTAAC-1,GACTGAGTCTGTCTGACAGAGTCTCACTCT,sampleName
ACGTTCCAGCAGTACG-1,CTCTCACAGTCAGACTCACAGTCTCTGTCT,sampleName
ACGTTCCGTTATCTGG-1,CACTCACTGTCTGAGACAGTCTGAGTGACA,sampleName
ACTATCTGTGGCTACC-1,GACTCACAGACTCTCACAGAGTCAGACTCT,sampleName
ACTATGGAGGCTTAAA-1,CACACTCTCTCTCTCTCTGAGACAGTGACA,sampleName
ACTATGGGTGAGACGT-1,CACTCACTGTCTGAGACAGTCTGAGTGACA,sampleName
ACTCTCGAGACCCGCT-1,CAGAGAGTCAGACACTCAGTCTGACTGTGA,sampleName
ACTCTCGAGGTCCCGT-1,GTCACACAGTCAGTCAGTGTCACTGACTCA,sampleName
ACTCTCGAGGTCCCGT-1,GTCACACAGTCAGTCAGTGTCACTGACTCA,sampleName
ACTGATGAGCGCCTAC-1,CACAGACTGTGAGAGAGTCAGTGACACTCA,sampleName
ACTGCAAAGTCAATCC-1,CAGTCTCTCTCACACAGTCACTGTCAGTCA,sampleName
ACTGCAACAGTCAGCC-1,GACAGACAGAGTCTCTCTCACTGACAGTCA,sampleName
ACTGCAACAGTCAGCC-1,GTGAGTCACACTCTGAGACTGACTGTCTGA,sampleName
ACTGCAACAGTCAGCC-1,GTGAGTCACACTCTGAGACTGACTGTCTGA,sampleName
ACTGTGAGTGATAGTA-1,CACAGACTGTGAGAGAGTCAGTGACACTCA,sampleName
ACTGTGAGTTATAGCC-1,CACTCACTGTCTGAGACAGTCTGAGTGACA,sampleName
ACTGTGATCGTTGCCT-1,GAGAGACTGACTCAGTGTGTCAGTGACACT,sampleName
ACTTATCAGGTTGTTC-1,GACAGACAGAGTCTCTCTCACTGACAGTCA,sampleName
ACTTATCGTGATACTC-1,GAGACACTGACTCTGAGACAGTCACTCTGA,sampleName
ACTTCCGGTTGTTTGG-1,GTGAGTCACACTCTGAGACTGACTGTCTGA,sampleName
ACTTCGCCATGTGGTT-1,GACAGACAGAGTCTCTCTCACTGACAGTCA,sampleName
ACTTCGCGTCGCCACA-1,CACTGACTGAGACACAGTCACACACTCTCA,sampleName
ACTTTGTCAACCACGC-1,GTCACACAGTCTGTCAGTGTCACTGACTCA,sampleName
ACTTTGTGTAGGCTGA-1,GAGACACTGACTCTGAGACAGTCACTCTGA,sampleName
ACTTTGTGTAGGGAGG-1,CTCTCACAGTCAGACTCACAGTCTCTGTCT,sampleName
AGAAATGAGACCTGGA-1,CTGACTCAGACTGAGAGTCTGAGTGTGAGA,sampleName
AGAACAAGTCACAATC-1,CAGAGAGTCAGACACTCAGTCAGACTGTGA,sampleName
AGAACCTGTTCCTACC-1,GTGTCTGTCTCTCTGAGTCACTCACAGTCT,sampleName
AGAAGCGAGTCTGCGC-1,GTGAGTCACACTCTGAGACTGACTGTCTGA,sampleName
AGAAGCGAGTGTACCT-1,GTCACACAGTCTGTCAGTGTCACTGACTCA,sampleName
AGAAGTACATTCTGTT-1,GTCACACAGACTGTCAGTGTCACTGACTCA,sampleName
AGAAGTAGTCCACAGC-1,CAGTCACACACTCAGAGTCAGTGAGTCTCA,sampleName
AGACAAAAGATCGACG-1,GTGAGTCACACTCTGAGACTGACTGTCTGA,sampleName
AGACAAACAAGCCCAC-1,CTGACAGTGAGTGACTCTCAGACTCTGTCA,sampleName
AGACAAAGTTTGGGAG-1,CTGACACAGAGTCAGACAGTGTGACTCAGT,sampleName
AGACACTTCATGGAGG-1,CAGTCACACACTCAGAGTCAGTGAGTCTCA,sampleName
AGACCATGTTCGTACA-1,GTCACACAGTCTGTCAGTGTCACTGACTCA,sampleName
AGACCCGGTATCATGC-1,GTGAGTCACACTCTGAGACTGACTGTCTGA,sampleName
AGACTCAAGTACCCTA-1,CTGACTCTCTCTCAGTCTCTCTCACTGACA,sampleName
AGACTCACAGGTTCAT-1,CTCTCTGACACACTCTCAGACTGACAGACA,sampleName
AGAGAATGTAACTGCT-1,GTGAGTCACACTCTGAGACTGACTGTCTGA,sampleName
AGAGAGCCAGAGTCAG-1,CAGAGAGTCAGACACTCAGTCAGACTGTGA,sampleName
AGAGAGCCAGTCGTTA-1,GTGTCTGTCTCTCTGAGTCACTCACAGTCT,sampleName
AGAGCAGGTGGACCAA-1,GTCTCACAGACTCTCACAGAGACAGACTCT,sampleName
AGATCGTCAAAGCACG-1,GTGAGACTCACTGACACACTGTCTCACTGA,sampleName
AGATGAAAGCAGGCAT-1,GTCTCACAGACTCTCACAGAGACAGACTCT,sampleName
AGCCAATAGAATCGCG-1,CAGTCTGTCAGAGTCTGTCACTGTGTCTCT,sampleName
AGCCAATGTGGTATGG-1,GTGAGTCACACTCTGAGACTGACTGTCTGA,sampleName
AGCGATTAGCAAGTGC-1,CACTCACTGTCTGAGACAGTCTGAGTGACA,sampleName
AGCGCTGTCCCGATCT-1,GTGAGTCACACTCTGAGACTGACTGTCTGA,sampleName
AGCGCTGTCTTAATCC-1,CAGTCTCTCTCACACAGTCACTGTCAGTCA,sampleName
AGCGTATAGTAACGTA-1,CTCTCACAGTCAGACTCACAGTCTCTGTCT,sampleName
AGCGTCGAGATGCTGG-1,GTCACACAGTCTGTCAGTGTCACTGACTCA,sampleName
AGCTACAGTACCGCGT-1,CTGTGTCAGACTGAGTGACTCTGTGTGACT,sampleName
AGCTCAAAGCCTGGAA-1,CACTCACTGTCTGAGACAGTCTGAGTGACA,sampleName
AGCTCAATCGGTCAGC-1,GTGAGTCACACTCTGAGACTGACTGTCTGA,sampleName
AGCTTCCCAATCACGT-1,GTCTCACAGACTCTCACAGAGACAGACTCT,sampleName
AGGACTTAGCCGAACA-1,CAGAGAGTCAGACACTCAGTCAGACTGTGA,sampleName
AGGACTTCACATTGTG-1,CACTCACTGTCTGAGACAGTCTGAGTGACA,sampleName
AGGACTTGTAATCAAG-1,GTCACACAGTCTGTCAGTGTCACTGACTCA,sampleName
AGGAGGTCACGACGAA-1,GTGTGTGTCTGTGTCACACACTGACTGACA,sampleName
AGGCATTCAGACCAAG-1,CAGTCTCTCTCACACTGTCACTGTCAGTCA,sampleName
AGGCCACCACACCGCA-1,CTGTGTCAGACTGAGTGACTCTGTGTGACT,sampleName
AGGGAGTGTGACAACG-1,GTCTCACAGACTCTCACAGAGACAGACTCT,sampleName
AGGGCCTCACCCTATC-1,GTGAGTCACACTCTGAGACTGACTGTCTGA,sampleName
AGGGCCTTCTGGAGAG-1,CAGAGAGTCAGACACTCAGTCAGACTGTGA,sampleName
AGGGCTCAGTACTGTC-1,CACTCACTGTCTGAGACAGTCTGAGTGACA,sampleName
AGGGCTCAGTGCTCGC-1,CACTCACTGTCTGAGACAGTCTGAGTGACA,sampleName
AGGGCTCAGTGCTCGC-1,CACTCACTGTCTGAGACAGTCTGAGTGACA,sampleName
AGGGCTCAGTGCTCGC-1,CTCACTGTCACTGTCTGTCTGACTCAGTGT,sampleName
AGGGTCCGTAGCGTAG-1,CACTCACTGTCTGAGACAGTCTGAGTGACA,sampleName
AGGGTCCGTAGCGTAG-1,CACTCACTGTCTGAGACAGTCTGAGTGACA,sampleName
AGGGTTTCAAGACCTT-1,CACTCACTGTCTGAGACAGTCTGAGTGACA,sampleName
AGGTGTTAGCGTTGTT-1,GAGAGACTGACTCAGTGTGTCAGTGACACT,sampleName
AGGTTACGTCAACCTA-1,GTCTCACAGACTCTCACAGAGACAGACTCT,sampleName
AGTAACCGTCACTTCC-1,CTGAGACTCACTCAGTCACTGTCTGTCACT,sampleName
AGTAACCGTGAACGGT-1,CTCTCACAGTCAGACTCACAGTCTCTGTCT,sampleName
AGTACCACATGCGTGC-1,GTCACACAGTCTGTCAGTGTCACTGACTCA,sampleName
AGTACTGCAGGTGACA-1,CTGAGTCTCTCTCACAGACACTCACTGACT,sampleName
AGTAGCTAGGTTCCAT-1,GAGAGACTGACTCAGTGTGTCAGTGACACT,sampleName
AGTAGTCTCTTACTGT-1,CACTCACTGTCTGAGACAGTCTGAGTGACA,sampleName
AGTCTCCTCTCCAAGA-1,GTGAGTCACACTCTGAGACTGACTGTCTGA,sampleName
AGTGACTAGTATGTAG-1,GTGAGTCACACTCTGAGACTGACTGTCTGA,sampleName
AGTGACTCACAAGGTG-1,GTCTCACAGACTCTCACAGAGACAGACTCT,sampleName
AGTGTTGCATCCGAAT-1,GTCACACAGTCTGTCAGTGTCACTGACTCA,sampleName
AGTGTTGGTGAGCTCC-1,CTGACTCTCTCTCAGTCTCTCTCACTGACA,sampleName
AGTTAGCTCTAGAACC-1,CACTCACTGTCTGAGACAGTCTGAGTGACA,sampleName
AGTTAGCTCTAGAACC-1,CACTCACTGTCTGAGACAGTCTGAGTGACA,sampleName
ATACCTTGTTAGGCCC-1,GTCTCACAGACTCTCACAGAGACAGACTCT,sampleName
ATAGAGATCATCACAG-1,CTCTCACAGTCAGACTCACAGTCTCTGTCT,sampleName
ATAGGCTTCGTGGAAG-1,CACTGAGTGTGTGACACAGTCTGTCTCACT,sampleName
ATCAGGTCATTAGGAA-1,CACAGTGTCTCTCTGACTGACACACTGACA,sampleName
ATCCACTAGTGGTTGG-1,CACTCACTGTCTGAGACAGTCTGAGTGACA,sampleName
ATCCATTTCAAGCCCG-1,GTGAGTCACACTCTGAGACTGACTGTCTGA,sampleName
ATCCTATAGGTCCTGC-1,CTGAGACTCACTCAGTCACTGTCTGTCACT,sampleName
ATCGATGAGAAGCGGG-1,GACACACAGACACTCACTGACTCACACACA,sampleName
ATCGATGAGAGACAAG-1,CACTCACTGTCTGAGACAGTCTGAGTGACA,sampleName
ATCGATGGTTTCACTT-1,CACTCTCTGTGACACTCACAGAGTCTCAGA,sampleName
ATCGATGGTTTCACTT-1,CACTCTCTGTGACACTCACAGAGTCTCAGA,sampleName
ATCGCCTTCTCCGTGT-1,CTGACTCTCTCTCAGTCTCTCTCACTGACA,sampleName
ATCGTAGCACGACAAG-1,CACTCACTGTCTGAGACAGTCTGAGTGACA,sampleName
ATCTTCAAGTCGAAGC-1,CACACACTGACTGAGACAGTCTGAGTGACA,sampleName
ATCTTCAGTGGCTTAT-1,CACACTCTCTCTCTCTCTGACACAGTGACA,sampleName
ATCTTCAGTGGCTTAT-1,CACACTCTCTCTCTCTCTGACACAGTGACA,sampleName
ATCTTCAGTGGCTTAT-1,CTGACACAGAGTCAGACAGTGTGACTCAGT,sampleName
ATGAAAGGTTGCTTGA-1,CAGAGAGTCAGACACTCAGTCAGACTGTGA,sampleName
ATGAGTCCAGGTCAGA-1,CAGAGAGTCAGACACTCAGTCAGACTGTGA,sampleName
ATGATCGTCTGCCCTA-1,GTCACTCACACACTCACACAGAGTCAGTCA,sampleName
ATGCATGAGCCTTTCC-1,CTGACTCAGACTGAGAGTCTGAGTGTGAGA,sampleName
ATGCATGAGCCTTTCC-1,CACTGAGTGTGTGACACAGTCTGTCTCACT,sampleName
ATGCATGAGCCTTTCC-1,CACTGAGTGTGTGACACAGTCTGTCTCACT,sampleName
ATGCCTCAGATGATTG-1,CTCTCACAGTCAGACTCACAGTCTCTGTCT,sampleName
ATGCCTCGTTAAGGGC-1,CAGTCTCTCTCACACAGTCACTGTCAGTCA,sampleName
ATGCGATAGCCGTTAT-1,GACTCTCTGTGACACTGACAGAGTCTCAGA,sampleName
ATGCGATTCATCGCCT-1,GTCTCACTGTCACTGACAGTGAGTCTGAGA,sampleName
ATGGAGGCAGTAGGAC-1,CTGACTCTCTCACTCAGACACTGAGTCTCT,sampleName
ATGGGTTCAGTTGAAA-1,CTCAGACTCACTCACACAGAGTCTCTCACA,sampleName
ATGTCCCAGGACGCTA-1,CTGAGACTCACTCAGTCACTGTCTGTCACT,sampleName
ATTACCTAGGTTGACG-1,CACTCACTGTCTGAGACAGTCTGAGTGACA,sampleName
ATTCAGGAGTCTAGAA-1,CACTCACTGTCTGAGACAGTCTGAGTGACA,sampleName
ATTCAGGCATCGGAAG-1,CTGACAGTGAGTGACTCTCAGACTCTGTCA,sampleName
ATTCATCGTACCATAC-1,CACTCACTGTCTGAGAGAGTCTGAGTGACA,sampleName
ATTCCATGTGGGAGAG-1,GTCACACAGTCTGTCAGTGTCACTGACTCA,sampleName
ATTCCTAGTGGAAGTC-1,GTCACACAGTCTGTCAGTGTCACTGACTCA,sampleName
ATTCGTTCACTCCTGT-1,CTCTGACAGTGTCACAGACAGACAGAGACT,sampleName
ATTCGTTCACTCCTGT-1,CTCTGACAGTGTCACAGACAGACAGAGACT,sampleName
ATTCGTTGTATCAGGG-1,CTGACAGTGAGTGACTCTCAGACTCTGTCA,sampleName
ATTGGGTCAGCCGTTG-1,GTCACACAGTCTGTCAGTGTCACTGACTCA,sampleName
ATTGTTCCACGTAGAG-1,GAGACACTGACTCTGAGACAGTCACTCTGA,sampleName
ATTTCACTCGCAACAT-1,CTGTGTCAGACTGAGTGACTCTGTGTGACT,sampleName
ATTTCACTCGCAACAT-1,CTGTGTCAGACTGAGTGACTCTGTGTGACT,sampleName
ATTTCTGGTATTGACC-1,GAGAGACTGACTCAGTGTGTCAGTGACACT,sampleName
CAAAGAAAGTTGTAAG-1,GTGAGTCACACTCTGAGACTGACTGTCTGA,sampleName
CAACAGTGTCAAAGCG-1,GTGAGTCACACTCTGAGACTGACTGTCTGA,sampleName
CAACCTCAGCGCTGAA-1,CTCTCTGACACACTCTCAGACTGACAGACA,sampleName
CAACGGCTCACCTGGG-1,GTGAGTCACACTCTGAGACTGACTGTCTGA,sampleName
CAAGACTGTTGGGTTT-1,CAGACTGAGAGTGTCTCACTCACACTCACT,sampleName
CAAGACTGTTGGGTTT-1,CACACTCTCTCTCTCTCTGAGACAGTGACA,sampleName
CAAGGGATCTCCAAGA-1,GTCTCACAGACTCTCACAGAGACAGACTCT,sampleName
CAATCGATGGCGTTTT-1,CACTCACTGTCTGAGACAGTCTGAGTGACA,sampleName
CAATTTCAGCGTGCCT-1,CACAGACTGTGAGAGAGTCAGTGACACTCA,sampleName
CAATTTCAGGGTATAT-1,CACACTCTGAGAGTCTCAGACTCTCTCTCT,sampleName
CAATTTCCATTGTACG-1,CTCAGTGACTCAGACACAGACTCTGACAGA,sampleName
CACAACACAGGTGTGA-1,GTCACACAGTCTGTCAGTGTCACTGACTCA,sampleName
CACAACACAGTCGGTC-1,GTCACACAGTCTGTCAGTGTCACTGACTCA,sampleName
CACACAAGTCGCATTA-1,CAGTCTCTCTCACACAGTCACTGTCAGTCA,sampleName
CACACAAGTCGCATTA-1,CAGTCTCTCTCACACAGTCACTGTCAGTCA,sampleName
CACACAAGTCGCGTTG-1,GTGTCTGTCTCTCTGAGTCACTCACAGTCT,sampleName
CACAGGCAGACCAGAC-1,CACTGAGTGTGTGACACAGTCTGTCTCACT,sampleName
CACAGGCATTTTTTTT-1,GAGAGACTGACTCAGTGTGTCAGTGACACT,sampleName
CACAGGCTCCACTGGG-1,CAGTCTCTCTCACACAGTCACTGTCAGTCA,sampleName
CACATGAAGAATTCAG-1,GTCTCACAGACTCTCACAGAGACAGACTCT,sampleName
CACATGAAGACTCCGC-1,CACACTCAGTGACACAGACACTGTCACAGA,sampleName
CACATGAAGACTCCGC-1,GTCTCACTGTCACTGACAGTGACTCTGAGA,sampleName
CACCAAACAATGGCAG-1,GAGAGACTGACTCAGTGTGTCAGTGACACT,sampleName
CACCAAAGTGAACTAA-1,CTCACTGTCACTGTCTGTCTGACTCAGTGT,sampleName
CACGAATCAGGTGACG-1,GTGAGTCACACTCTGAGACTGACTGTCTGA,sampleName
CACGGGTAGATCCTAC-1,GACTCTCTGTGACACTGACAGAGTCTCAGA,sampleName
CACGTTCAGACTAGAT-1,CAGTGACTCACAGTCAGTCACACACACACA,sampleName
CACGTTCCAACCGGAA-1,GAGTCACTCTCACAGTCAGACTCTCACTGT,sampleName
CACTAAGGTGCTCTCT-1,CTGTGTCAGACTGAGTGACTCTGTGTGACT,sampleName
CACTAAGGTTCGGCGT-1,CTCTCACAGTCAGACTCACAGTCTCTGTCT,sampleName
CACTAAGTCGCATTAG-1,GTGAGTCACACTCTGAGACTGACTGTCTGA,sampleName
CACTGGGAGAGTCTGG-1,CACTCACTGTCTGAGACAGTCTGAGTGACA,sampleName
CACTGGGTCACCTGGG-1,GTGACACAGTCTGTCAGTGTCACTGACTCA,sampleName
CACTGGGTCGCCAACG-1,GTCACACTCTCTCAGTGACTGAGAGTCAGT,sampleName
CACTGTCGTAAGGCCA-1,CTCAGTGACTCAGACACAGACTCTGACAGA,sampleName
CACTGTCTCTGAGGCC-1,GTGAGTCACACTCTGAGACTGACTGTCTGA,sampleName
CACTGTCTCTGAGGCC-1,GTGAGTCACACTCTGAGACTGACTGTCTGA,sampleName
CAGAGCCAGTTTCGAC-1,CACTCACTGTCTGAGACAGTCTGAGTGACA,sampleName
CAGATACCACGGCTAC-1,GTCTCACAGACTCTCACAGAGACAGACTCT,sampleName
CAGATCAAGTCTAGAA-1,GTGAGTCACACTCTGAGACTGACTGTCTGA,sampleName
CAGATCACACAATGTC-1,GTCTCACAGACTCTCACAGAGACAGACTCT,sampleName
CAGATTGAGTTTAGGA-1,GTGAGTCACACTCTGAGACTGACTGTCTGA,sampleName
CAGCAATGTTTAGAGA-1,CTCTCACAGTCAGACTCACAGTCTCTGTCT,sampleName
CAGCAATTCCCATAAG-1,GTCACAGACTCTGTCTGACAGTCTCACACT,sampleName
CAGCAGCAGACGTCGA-1,CACTCACTGTCTGAGACAGTCTGAGTGACA,sampleName
CAGCAGCAGACGTCGA-1,CACTCACTGTCTGAGACAGTCTGAGTGACA,sampleName
CAGCAGCCAGAACTTC-1,CTGAGACTCACTCAGTCACTGTCTGTCACT,sampleName
CAGCAGCGTTCTCACC-1,CACTCACTGTCTGAGACAGTCTGAGTGACA,sampleName
CAGCAGCGTTCTCACC-1,CACTCACTGTCTGAGACAGTCTGAGTGACA,sampleName
CAGCAGCTCCGACAGC-1,CTGAGACTCACTCAGTCACTGTCTGTCACT,sampleName
CAGCCAGCATGCCATA-1,GACTCTCTGTGACACTGACAGAGTCTCAGA,sampleName
CAGGGCTGTATCAAGA-1,GTGAGTCACACTCTGAGACTGACTGTCTGA,sampleName
CAGGGCTGTGTGGTCC-1,GACACACTGTCTCTCAGTCAGACTGTCAGA,sampleName
CAGGTATCACAAACCC-1,CACTCACTGTCTGAGACAGTCTGAGTGACA,sampleName
CAGTGCGCAAGGTCGA-1,CACTGACAGACTGACACTCACTCTGTCACT,sampleName
CAGTGCGGTACGGCAA-1,CACACTCTCTCTCTCTCTGAGACAGTGACA,sampleName
CAGTTCCGTCCGTTTC-1,GAGAGACTGACTCAGTGTGTCAGTGACACT,sampleName
CATAAGCAGCATGGGT-1,GAGAGACTGACTCAGTGTGTCAGTGACACT,sampleName
CATAAGCTCCGAAATC-1,CACTGAGTGTGTGACACAGTCTGTCTCACT,sampleName
CATACAGTCCGTGACG-1,CTCTCACAGTCAGACTCACAGTCTCTGTCT,sampleName
CATACCCAGGAGAATG-1,GACTCTCTGTGACACTGACAGAGTCTCAGA,sampleName
CATACCCCAAATGAAC-1,GACTCTCTGTGACACTGACAGAGTCTCAGA,sampleName
CATCCACTCCGTGACG-1,GTCACACAGTCTGTCAGTGTCACTGACTCA,sampleName
CATCCGTCAACTCGTA-1,GTGAGTCACACTCTGAGACTGACTGTCTGA,sampleName
CATCGCTGTATTAAGG-1,CACAGACTGTGAGAGAGTCAGTGACACTCA,sampleName
CATCGGGCACGACAGA-1,CTGACTCAGACTGAGAGTCTGAGTGTGAGA,sampleName
CATGCAAAGACGCCAA-1,CACTCACTGTCTGAGACAGTCTGAGTGACA,sampleName
CATGCCTCATCGAAGG-1,CTGAGACTCACTCAGTCACTGTCTGTCACT,sampleName
CATGCCTTCGTCGACG-1,CAGTCTCTCTCACACAGTCACTGTCAGTCA,sampleName
CATGCGGGTGCGGATA-1,CACTGAGTGTGTGACACAGTCTGTCTCACT,sampleName
CATGCTCCAAGTCCAT-1,GTGAGTCACACTCTGAGACTGACTGTCTGA,sampleName
CATGGATGTCAAAATT-1,CAGACTCTCACTCTCTGTGTGAGACAGTCA,sampleName
CATGGATGTCCACACG-1,GTCTCACAGACTCTCACAGAGACAGACTCT,sampleName
CATGGATGTCCACACG-1,GTCTCACAGACTCTCACAGAGACAGACTCT,sampleName
CATGGTAAGGAAACGA-1,CACTCACTGTCTGAGACAGTCTGAGTGACA,sampleName
CATGGTAGTACGGCAA-1,GACTGTCTCTCACACTGACTGTGTGTGTGA,sampleName
CATTCCGTCCAAAGGG-1,GTGAGACTCACTGACACACTGTCTCACTGA,sampleName
CATTCTACAAGCACAG-1,GTCACACAGTCTGTCAGTGTCACTGACTCA,sampleName
CATTGTTCAACACAGG-1,CTCTCTGACACACTCTCAGACTGACAGACA,sampleName
CATTGTTTCAGTCATG-1,GAGACACTGACTCTGAGACAGTCACTCTGA,sampleName
CATTGTTTCTTCTCAA-1,CACTGTGTCACACACTCAGTGTCACACACT,sampleName
CCAAGCGTCCACTTCG-1,GTCTCACAGACTCTCACAGAGACAGACTCT,sampleName
CCAATGACAGTCGGTC-1,GTGAGTCACACTCTGAGACTGACTGTCTGA,sampleName
CCAATTTGTCGTAATC-1,GTCACACAGTCTGTCAGTGTCACTGACTCA,sampleName
CCACAAAGTGGTCTTA-1,CAGTCTCTCTCACACAGTCACTGTCAGTCA,sampleName
CCACACTAGTATGAAC-1,GTCACACAGTCTGTCAGTGTCACTGACTCA,sampleName
CCACCATGCCCATCAC-1,GTCTCACAGACTCTCACAGAGACAGACTCT,sampleName
CCACGAGTTTTTTTTT-1,GACAGACAGAGTCTCTCTCACTGACAGTCA,sampleName
CCATAAGAGAAATTGC-1,CACACTCTCTCTCTCTCTGAGACAGTGACA,sampleName
CCCAACTGTATCACCA-1,CACTCACTGTCTGAGACAGTCTGAGTGACA,sampleName
CCCTGATAGTAGTCAA-1,CACTCACTGTCTGAGACAGTCTGAGTGACA,sampleName
CCGAACGGTTGTTGCA-1,CTGAGACTCACTCAGTCACTGTCTGTCACT,sampleName
CCGAACGTCGGATAAA-1,GAGAGTGACACACTGTCTGTGACAGTCTCT,sampleName
CCGAACGTCGGATAAA-1,GAGAGTGACACACTGTCTGTGACAGTCTCT,sampleName
CCGATGGAGGGCGAGA-1,GTCTCACTGTCACTGACAGTGACTCTGAGA,sampleName
CCGGGTACACCTGCTT-1,CACACTCTCTCTCTCTCTGAGACAGTGACA,sampleName
CCGGTAGCACCATTCC-1,CACTGAGTGTGTGACACAGTCTGTCTCACT,sampleName
CCGTAGGAGTAACCGG-1,CACTCACTGTCTGAGACAGTCTGAGTGACA,sampleName
CCGTAGGCAGCACAAG-1,CTCTCTGACACACTCTCAGACTGACAGACA,sampleName
CCGTAGGGTACTGCCG-1,CACTCACTGTCTGAGACAGTCTGAGTGACA,sampleName
CCTAAGATCGCGTGAC-1,CACTCACTGTCTGAGACAGTCTGAGTGACA,sampleName
CCTCAACAGAAGATCT-1,GTCACACAGTCTGTCAGTGTCACTGACTCA,sampleName
CCTCAACTCATGAGAA-1,CAGTCTGTCAGAGTCTGTCACTGTGTCTCT,sampleName
CCTCACAAGGAGAGGC-1,CAGTCTCTCTCACACAGTCACTGTCAGTCA,sampleName
CCTCACAATTCCCATC-1,CAGTCTCTCTCACACAGTCACTGTCAGTCA,sampleName
CCTCCTCGTACGGGAT-1,CACTCACTGTCTGAGACAGTCTGAGTGACA,sampleName
CCTCTAGGTGTAAATG-1,CTGACTCTCTCTCAGTCTCTCTCACTGACA,sampleName
CCTCTAGGTGTAAATG-1,GTCTCACAGACTCTCACAGAGACAGACTCT,sampleName
CCTCTCCTCCCTCATG-1,CACAGACTGTGAGAGAGTCAGTGACACTCA,sampleName
CCTTCAGGTCCAACGC-1,GTCACACAGTCTGTCAGTGTCACTGACTCA,sampleName
CCTTGTGCAACGACAG-1,GACAGACAGAGTCTCTCTCACTGACAGTCA,sampleName
CCTTTGGAGGAACTCG-1,CTGACTCAGACTGAGAGTCTGAGTGTGAGA,sampleName
CCTTTGGCACGTATAC-1,GTCACACAGTCTGTCAGTGTCACTGACTCA,sampleName
CCTTTGGTCTATGCCC-1,CTCAGTGTGAGACACTGACTCACAGTGAGT,sampleName
CGAAGTTAGTGAGCCA-1,GTCACAGACTCTGTCTGACAGTCTCACACT,sampleName
CGACAGCAGATTGTGA-1,CTGACTCTCTCTCAGTCTCTCTCACTGACA,sampleName
CGAGAAGCATGCAGCC-1,GAGAGACTGACTCAGTGTGTCAGTGACACT,sampleName
CGAGTGCTCCAAGGGA-1,GTCACACAGTCTGTCAGTGTCACTGACTCA,sampleName
CGATCGGAGCTGTCCG-1,CACACTCTCTCTCTCTCTGAGACAGTGACA,sampleName
CGATCGGAGTATGCAA-1,CTCTCTGACACACTCTCAGACTGACAGACA,sampleName
CGATCGGCCGATCTCG-1,GACAGACAGAGTCTCTCTCACTGACAGTCA,sampleName
CGATCGGGTGGACTAG-1,CTGAGACTCACTCAGTCACTGTCTGTCACT,sampleName
CGATGCGGTAACACCT-1,GACAGACAGAGTCTCTCTCACTGACAGTCA,sampleName
CGATGGCAGCGTCAAG-1,GTGAGACTCACTGACACACTGTCTCACTGA,sampleName
CGATGGCCACCAGCGT-1,CACTCACTGTCTGAGACAGTCTGAGTGACA,sampleName
CGATGGCCACCAGCGT-1,CACTCACTGTCTGAGACAGTCTGAGTGACA,sampleName
CGCAGGTTCGCCTTGT-1,CTCTCACAGTCAGACTCACAGTCTCTGTCT,sampleName
CGCCAGAAGCTGGTGA-1,CACTCACTGTCTGAGACAGTCTGAGTGACA,sampleName
CGCCAGAGTTGGAGAC-1,CAGTCACACACTCAGAGTCAGTGAGTCTCA,sampleName
CGGAACCGTCCCGCAA-1,CACAGACTGTGAGAGAGTCAGTGACACTCA,sampleName
CGGAATTTCATGAGTC-1,CACTCACTGTCTGAGACAGTCTGAGTGACA,sampleName
CGGACACTCTATGTGG-1,GAGACACTCAGACACACACTCTGACTGACA,sampleName
CGGAGAACAATCCAGT-1,GTCACACAGTCTGTCAGTGTCACTGACTCA,sampleName
CGGCAGTAGGAACGAA-1,CTGACACAGAGTCAGACAGTGAGACTCAGT,sampleName
CGGCAGTAGGTGCTTT-1,CACTGAGTGTGTGACACAGTCTGTCTCACT,sampleName
CGGCAGTAGGTGCTTT-1,CACTGAGTGTGTGACACAGTCTGTCTCACT,sampleName
CGGGACTGTTCAATCG-1,CACTGACTCTCACAGACACTCACTGTGAGT,sampleName
CGGGCATCATCGCCTT-1,CTGACTCTCTCTCAGTCTCTCTCACTGACA,sampleName
CGGGCATTCAAGAATG-1,CTGTGTGACTCACTCACTGTCTCAGACTGA,sampleName
CGGTCAGAGATCCGAG-1,CTCAGTGACTCAGACACAGACTCTGACAGA,sampleName
CGTAAGTTCGATGCAT-1,CTCAGTGACTCAGACACAGACTCTGACAGA,sampleName
CGTCAAAGTGGCATCC-1,GTCTCACTGTCACTGACAGTGACTCTGAGA,sampleName
CGTGAATAGTTGGAAT-1,GTGTGAGTCAGTGAGACTCAGTGACTGTGA,sampleName
CGTTAGACAAGTGGGT-1,CAGTCTCTCTCACACAGTCACTGTCAGTCA,sampleName
CGTTAGACATGTCAGT-1,GTGAGACAGAGAGTGACAGAGTGTGAGTGA,sampleName
CGTTAGATCAACCTCC-1,CTCTCTGACACACTCTCAGACTGACAGACA,sampleName
CGTTCTGCAGAACTCT-1,GTGTCTGTCTCTCTGAGTCACTCACAGTCT,sampleName
CGTTCTGGTCGAATGG-1,CTGACACAGAGTCAGACAGTGTGACTCAGT,sampleName
CGTTCTGTCCGATTAG-1,GTGTCTGTCTCTCTGAGTCACTCACAGTCT,sampleName
CGTTGGGAGCGATGCA-1,CAGTCTCTCTCACACAGTCACTGTCAGTCA,sampleName
CGTTGGGTCAAATGCC-1,CTGACTCAGACTGAGAGTCTGAGTGTGAGA,sampleName
CGTTGGGTCTGTTGGA-1,CACTGAGTGTGTGACACAGTCTGTCTCACT,sampleName
CTAACCCTCGTCAACA-1,CTCTCACAGTCAGACTCACAGTCTCTGTCT,sampleName
CTAACCCTCTGCCTGT-1,GTGTCTGTCTCTCTGAGTCACTCACAGTCT,sampleName
CTAACTTGTAGGCAAC-1,GTCACACAGTCTGTCAGTGTCACTGACTCA,sampleName
CTACCCATCTGGGAGA-1,GTGAGTCACACTCTGAGACTGACTGTCTGA,sampleName
CTACCCATCTGGGAGA-1,GTGAGTCACACTCTGAGACTGACTGTCTGA,sampleName
CTACGGGGTGATCATC-1,CACAGACACTGACACAGTGTCTGAGAGTCT,sampleName
CTACTATCATGATAGA-1,CACACTCTCTCTCTCTCTGAGACAGTGACA,sampleName
CTAGACAGTACGACTT-1,GTCTCACAGACTCTCACAGAGACAGACTCT,sampleName
CTATAGGGTTCTCCAC-1,CTCTGTCTCTGAGTCAGAGACTCAGACTGT,sampleName
CTATCCGGTAACCCGC-1,CACTGACTGAGACACAGTCACACACTCTCA,sampleName
CTATCCGTCTGTGCGG-1,CTCAGACTCACTCTGTCACACTCTGTCTGA,sampleName
CTCAACCAGGACACTG-1,GTGAGACTCACTGACACACTGTCTCACTGA,sampleName
CTCAACCAGGGATCTG-1,GTGAGACTCACTGACACACTGTCTCACTGA,sampleName
CTCAACCGTGGCCACT-1,GTCACACAGTCTGTCAGTGTCACTGACTCA,sampleName
CTCAACCTCGAGAAGC-1,GTGTCTGTCTCTCTGAGTCACTCACAGTCT,sampleName
CTCACTGGTCTCGGGT-1,CTGACTCAGACTGAGAGTCTGAGTGTGAGA,sampleName
CTCACTGGTCTCGGGT-1,GTGAGTCACACAGACACTCTCTCTCACTGT,sampleName
CTCAGAGTCCGGCATT-1,CTGACTCTCTCTCAGTCTCTCTCACTGACA,sampleName
CTCAGGGTCATGAGGG-1,GACACACTGTCTCTCAGTCAGACTGTCAGA,sampleName
CTCAGGGTCATGGCCG-1,GAGAGACTCACTCACTCTCAGTGTCTGACT,sampleName
CTCATCGCAGGCCCTA-1,CACAGACTGTGAGAGAGTCAGTGACACTCA,sampleName
CTCATGCAGCACCGTC-1,CTGACACAGAGTCAGACAGTGTGACTCAGT,sampleName
CTCATGCGTGACTCTA-1,GTGTCTGTCTCTCTGAGTCACTCACAGTCT,sampleName
CTCATGCGTGACTCTA-1,GTGTCTGTCTCTCTGAGTCACTCACAGTCT,sampleName
CTCATTAGTAGGGAGG-1,GTGAGTCACACTCTGAGACTGACTGTCTGA,sampleName
CTCCACACACGAAGAC-1,GTCACACAGTCTGTCAGTGTCACTGACTCA,sampleName
CTCCACACAGTCTACA-1,CACACTCTCTCTCTCTCTGAGACAGTGACA,sampleName
CTCCATGTCCCGATCT-1,GAGAGACTGACTCAGTGTGTCAGTGACACT,sampleName
CTCCCAAAGGTAAGAG-1,GTCTCACAGACTCTCACAGAGACAGACTCT,sampleName
CTCCGATAGCGTCTGC-1,CACTGAGTGTGTGACACAGTCTGTCTCACT,sampleName
CTCCGATCAGACAAGC-1,GTGAGTCACACTCTGAGACTGACTGTCTGA,sampleName
CTCCGATTCCATCCGT-1,CTGACTCAGACTGAGAGTCTGAGAGTGAGA,sampleName
CTCCTCCAGCTTTGTG-1,CACTCACTGTCTGAGACAGTCTGAGTGACA,sampleName
CTCCTTTCACACGGTC-1,CTGTCTCACTCTCAGACACTGACTCAGAGA,sampleName
CTCGAGGTCTTACCGC-1,GTGAGTCACACAGACACTCTCTCTCACTGT,sampleName
CTCTCGAAGGGTTAAT-1,CACAGACTGTGAGAGAGTCAGTGACACTCA,sampleName
CTCTCGACAATTGTGC-1,CTGAGACTCACTCAGTCACTGTCTGTCACT,sampleName
CTCTCGAGTGCCTACG-1,CAGTCTGTCAGAGTCTGTCACTGTGTCTCT,sampleName
CTCTGGTAGGTTCTAC-1,GAGACACTGACTCTGAGACAGTCACTCTGA,sampleName
CTGAATGGTCAGACGA-1,CACTCACTGTCTGAGACAGTCTGAGTGACA,sampleName
CTGAATGGTGGACCAA-1,CTGAGACTCACTCAGTCACTGTCTGTCACT,sampleName
CTGAATGGTTACGCCG-1,GACTCTGTGACTGAGACTGTGTCACACTCA,sampleName
CTGAATGGTTACGCCG-1,GACTCTGTGACTGAGACTGTGTCACACTCA,sampleName
CTGAGCGAGTAGATCA-1,GTCACACAGTCTGTCAGTGTCACTGACTCA,sampleName
CTGAGGCAGTAACGAT-1,CAGTCTCTCTCACACAGTCACTGTCAGTCA,sampleName
CTGATCCGTTCAGTAC-1,GTCTCACAGACTCTCACAGAGACAGACTCT,sampleName
CTGCAGGCACATGTTG-1,CACTCACTGTCTGAGACAGTCTGAGTGACA,sampleName
CTGCAGGGTTGTCATG-1,CTGACTCAGACTGAGAGTCTGAGTGTGAGA,sampleName
CTGCATCCAGCCCACA-1,CTCTGACAGTGTCACAGACAGACAGAGACT,sampleName
CTGCATCTCGCTTGAA-1,CAGTGTGAGACAGACAGACTCTGACACACT,sampleName
CTGCCTAAGGGCAGAG-1,CACTCACTGTCTGAGACAGTCTGAGTGACA,sampleName
CTGCCTACACCGGTCA-1,CTGAGACTCACTCAGTCACTGTCTGTCACT,sampleName
CTGGTCTAGACATATG-1,CACTCACTGTCTGAGACAGTCTGAGTGACA,sampleName
CTGGTCTAGACATATG-1,GTCTCACAGACTCTCACAGAGACAGACTCT,sampleName
CTGTACCGTTAGGCCC-1,CACTGAGTGTGTGACACAGTCTGTCTCACT,sampleName
CTGTACCGTTAGGCCC-1,CACTGAGTGTGTGACACAGTCTGTCTCACT,sampleName
CTGTATTCATGGCTGC-1,CACACTCTCTCTCTCTCTGAGACAGTGACA,sampleName
CTGTCGTAGTTCCATG-1,GTGTGTGTCTGTGTCACACACTGACTGACA,sampleName
CTGTCGTGTCACTGAT-1,CTCAGTGACTCAGACACAGACTCTGACAGA,sampleName
CTTCCTTGTGATTCTG-1,GTCTCACAGACTCTCACAGAGACAGACTCT,sampleName
CTTCCTTGTGATTCTG-1,GTCTCACAGACTCTCACAGAGACAGACTCT,sampleName
CTTCCTTGTGATTCTG-1,GTCTCACAGACTCTCACAGAGACAGACTCT,sampleName
CTTCGGTGTAGAGGAA-1,CACTCACTGTCTGAGACAGTCTGAGTGACA,sampleName
CTTCTCTCAGGTGTTT-1,GTCTCACAGACTCTCACAGAGACAGACTCT,sampleName
CTTTCGGTCGGTTAGT-1,GACAGACAGAGTCTCTCTCACTGACAGTCA,sampleName
GAAACCTTCATACGAC-1,CACACTCTCTCTCTCTCTGAGACAGTGACA,sampleName
GAAATGAAGATACCAA-1,GTCTCACAGACTCTCACAGAGACAGACTCT,sampleName
GAAATGAAGATACCAA-1,GTCTCACAGACTCTCACAGAGACAGACTCT,sampleName
GAAATGACAAACTGCT-1,GTGAGACTCACTGACACACTGTCTCACTGA,sampleName
GAAATGACAAACTGCT-1,GTGAGACTCACTGACACACTGTCTCACTGA,sampleName
GAACACTGTAGAGACC-1,GTGTCTGTCTCTCTGAGTCACTCACAGTCT,sampleName
GAACACTGTTAAACCC-1,CTGACACAGAGTCAGACAGTGTGACTCAGT,sampleName
GAACACTTCGAACACT-1,CTGTGTCAGACTGAGTGACTCTGTGTGACT,sampleName
GAACGTTCATGCGGTC-1,GTGAGTCACACTCTGAGACTGACTGTCTGT,sampleName
GAACGTTTCTACTGCC-1,CTCTGACAGTGTCACAGACAGACAGAGACT,sampleName
GAACTGTCAACTTGCA-1,CAGTCACACACTCAGAGTCAGTGAGTCTCA,sampleName
GAACTGTCAGAGATGC-1,CACTCACTGTCTGAGACAGTCTGAGTGACA,sampleName
GAACTGTGTAGTTCCA-1,CAGTGAGAGTCAGAGTCTGACTCTGTGAGA,sampleName
GAAGCCCAGTCCCTAA-1,GAGAGACTGACTCAGTGTGTCAGTGACACT,sampleName
GAAGCCCCACCCTAGG-1,CACTCACTGTCTGAGACAGTCTGAGTGACA,sampleName
GAAGCCCCACCCTAGG-1,CACTCACTGTCTGAGACAGTCTGAGTGACA,sampleName
GAAGCCCGTTCGGCCA-1,GTGAGACTCACTGACACACTGTCTCACTGA,sampleName
GAAGGACAGCACCAGA-1,CTGTGTCAGACTGAGTGACTCTGTGTGACT,sampleName
GAAGGACAGCACCAGA-1,CTGTGTCAGACTGAGTGACTCTGTGTGACT,sampleName
GAAGTAACAAGTGGAC-1,CACTGACAGACTGACACTCACTCTGTCACT,sampleName
GAATAGACAAGAGGTC-1,CTGTGTCAGACTGAGTGACTCTGTGTGACT,sampleName
GAATAGAGTGATCGTT-1,CTCTCTGACACACTCTCAGACTGACAGACA,sampleName
GAATAGATCGGACCAC-1,CTGAGACTCACTCAGTCACTGTCTGTCACT,sampleName
GAATCGTAGCGACGTT-1,CTGACACAGAGTCAGACAGTGTGACTCAGT,sampleName
GACACGCGTACCAATC-1,CTGACTCAGACTGAGAGTCTGAGTGTGAGA,sampleName
GACAGCCAGCCACCGT-1,CTGACTCTCTCTCAGTCTCTCTCACTGACA,sampleName
GACCCAGGTGCGGATA-1,GTCACACAGTCTGTCAGTGTCACTGACTCA,sampleName
GACCGTGCATAGAGGC-1,CTCTCTGACACACTCTCAGACTGACAGACA,sampleName
GACGCTGCATGAATCC-1,GTGAGACTCACTGACACACTGTCTCACTGA,sampleName
GACGCTGGTTGTCATG-1,CAGAGAGTCAGACACTCAGTCAGACTGTGA,sampleName
GACGCTGGTTGTCATG-1,GAGAGACTGACTCAGTGTGTCAGTGACACT,sampleName
GACGCTGGTTGTGTTG-1,CTCAGTCTCTCTCTGTGACACTGACAGACT,sampleName
GACGTTACAACTGGTT-1,CACTCACTGTCTGAGACAGTCTGAGTGACA,sampleName
GACGTTATCTTCGGAA-1,CAGTCTCTCTCACACAGTCACTGTCAGTCA,sampleName
GACTCAAAGACTCCGC-1,GTGAGTCACACTCTGAGACTGACTGTCTGA,sampleName
GACTCAATCTTCGGAA-1,CACTCACTGTCTGAGACAGTCTGAGTGACA,sampleName
GACTGATCAAGCCATT-1,GTCTCACAGACTCTCACAGAGACAGACTCT,sampleName
GACTTCCTCCACAAGT-1,CACACTCTCTCTCTCTCTGAGACAGTGACA,sampleName
GAGAAATCAGATTCGT-1,GAGAGACTGACTCAGTGTGTCAGTGACACT,sampleName
GAGACCCTCGTACACA-1,GTGAGTCACACTCTGAGACTGACTGTCTGA,sampleName
GAGAGGTCACTGCTTC-1,GTGAGTCACACTCTGAGACTGACTGTCTGA,sampleName
GAGAGGTCACTGCTTC-1,GTGAGTCACACTCTGAGACTGACTGTCTGA,sampleName
GAGAGGTCAGAGAAAG-1,GTCACACAGTCTGTCAGTGTCACTGACTCA,sampleName
GAGATGGTCAAGTTGA-1,GTCACACAGTCTGTCAGTGTCACTGACTCA,sampleName
GAGATGGTCGTGGACC-1,CACTGAGTGTGTGACACAGTCTGTCTCACT,sampleName
GAGGCCTCAATTTCCT-1,GTGTCTGTCTCTCTGAGTCACTCACAGTCT,sampleName
GAGGCCTGTCTTGGTA-1,CACTCACTGTCTGAGACAGTCTGAGTGACA,sampleName
GAGGGTAAGCGCCTCA-1,CTCTCACAGTCAGACTCACAGTCTCTGTCT,sampleName
GAGGGTAGTCAACATC-1,CACACTCTCTCTCTCTCTGAGACAGTGACA,sampleName
GAGTCATCATTCACAG-1,CACTGAGTGTGTGACACAGTCTGTCTCACT,sampleName
GAGTCATTCGCAGTGC-1,CAGTGAGAGTCAGAGTCTGACTCTGTGAGA,sampleName
GAGTCATTCGCAGTGC-1,CACTGAGTGTGTGACACAGTCTGTCTCACT,sampleName
GAGTCTAGTGTCCGTG-1,GACACACTGTCTCTCAGTCAGACTGTCAGA,sampleName
GAGTCTAGTGTCCGTG-1,CTGACACAGAGTCAGACAGTGTGACTCAGT,sampleName
GAGTTGTTCATCCTGC-1,CTGAGTCTCTCTCTCAGACACTCACTGACT,sampleName
GAGTTGTTCCCAGGAC-1,GTGAGACTCACTGACACACTGTCTCACTGA,sampleName
GATAGAACACCCGTAG-1,GTGAGTCACACTCTGAGACTGACTGTCTGA,sampleName
GATAGAACATACGCAT-1,CTGACTCAGACTGAGAGTCTGAGAGTGAGA,sampleName
GATCATGAGTGAACAT-1,GTCTCACAGACTCTCACAGAGACAGACTCT,sampleName
GATCATGTCCATATGG-1,GTGAGTCACACTCTGAGACTGACTGTCTGA,sampleName
GATCATGTCGAGAACG-1,GTGAGTCACACTCTGAGACTGACTGTCTGA,sampleName
GATCGTACATTGAGCT-1,GTGAGTCACACTCTGAGACTGACTGTCTGA,sampleName
GATCGTAGTAGCCAGA-1,CAGTCTCTCTCACACAGTCACTGTCAGTCA,sampleName
GATCGTAGTTGTCATG-1,CAGAGAGTCAGACACTCAGTCAGACTGTGA,sampleName
GATGACTGTGGTAATA-1,CTCAGTGACTCAGACACAGACTCTGACAGA,sampleName
GATGCTACAAAGACTA-1,GTGAGTCACACTCTGAGACTGACTGTCTGA,sampleName
GATGGAGAGAAGTGTT-1,GTGAGTCACACTCTGAGACTGACTGTCTGA,sampleName
GATGGAGAGTGGACGT-1,GTCACACAGTCTGTCAGTGTCACTGACTCA,sampleName
GATGTTGTCGTGGAAG-1,CTGACAGTGAGTGACTCTCAGACTCTGTCA,sampleName
GATGTTGTCGTGGAAG-1,CTGACAGTGAGTGACTCTCAGACTCTGTCA,sampleName
GATGTTGTCTTTTTTT-1,CAGTGAGAGTCAGAGTCTGACTCTGTGAGA,sampleName
GCAACCGCACTCTGCT-1,GAGTCACTCTCACAGTCAGACTCTCACTGT,sampleName
GCAACCGCACTCTGCT-1,GAGTCACTCTCACAGTCAGACTCTCACTGT,sampleName
GCAACCGCACTGGCCA-1,GTCTCACAGACTCTCACAGAGACAGACTCT,sampleName
GCACATAGTGACACAG-1,CTCTCACAGTCAGACTCACAGTCTCTGTCT,sampleName
GCACTAAGTACGGGAT-1,CTGAGACTCACTCAGTCACTGTCTGTCACT,sampleName
GCAGCTGTCGGTAAGG-1,GTCACAGACTCTGTCTGACAGTCTCACACT,sampleName
GCAGCTGTCGGTAAGG-1,GTCACAGACTCTGTCTGACAGTCTCACACT,sampleName
GCAGGCTAGGTCTGGA-1,GTGTCTCTCTGTGACTGTCTCACTCACACA,sampleName
GCAGTTAGTCAGGCAA-1,CTGTGTCAGACTGAGTGACTCTGTGTGACT,sampleName
GCAGTTAGTGAGAGGG-1,GTGTCTGTCTCTCTGAGTCACTCACAGTCT,sampleName
GCAGTTATCAAAGAAC-1,GTCACACAGTCTGTCAGTGTCACTGACTCA,sampleName
GCATCTCTCTGAATGC-1,GTGAGACAGAGAGTGACAGAGTGTGAGTGA,sampleName
GCCAACGAGGGACACT-1,GTGAGACTCACTGACACACTGTCTCACTGA,sampleName
GCCAACGTCTTTCCAA-1,CTGAGACTCACTCAGTCACTGTCTGTCACT,sampleName
GCCAGCAGTAAGGTCG-1,CACACTCAGTGACACAGACACTGTCACAGA,sampleName
GCCAGCATCTGCGGGT-1,GTCTCACTGTCACTGACAGTGACTCTGAGA,sampleName
GCCATGGAGAACTTCC-1,CTGACTCTCTCTCAGTCTCTCTCACTGACA,sampleName
GCCATGGAGTTGGCTT-1,CACACTCTCTCTCTCTCTGAGACAGTGACA,sampleName
GCCATGGCAGATGCGA-1,GTCACACAGTCTGTCAGTGTCACTGACTCA,sampleName
GCCATGGGTGCCCTTT-1,GTCACACAGTCTGTCAGTGTCACTGACTCA,sampleName
GCCCAGAAGGTCTGGA-1,GTGAGTCACACTCTGAGACTGACTGTCTGA,sampleName
GCCCAGACATGTTTGG-1,CTCTCACAGTCAGACTCACAGTCTCTGTCT,sampleName
GCCGATGCAGAACTTC-1,GTCTCACAGACTCTCACAGAGACAGACTCT,sampleName
GCCGATGCTTTTTTTT-1,GTGACTCTGACTGTGACTGTCTGTCTCAGT,sampleName
GCCGTGAAGCCATATC-1,GACTCTCTGTGACACTGACAGAGTCTCAGA,sampleName
GCCGTGACATCATTTC-1,CAGTCTCTCTCACACAGTCACTGTCAGTCA,sampleName
GCCGTGACATTCTCCG-1,CTGACTCTCTCTCAGTCTCTCTCACTGACA,sampleName
GCGAGAACAGAGGACT-1,CTCAGTGACTCAGACACAGACTCTGACAGA,sampleName
GCGATCGCATCGATCA-1,GAGAGACTGACTCAGTGTGTCAGTGACACT,sampleName
GCGATCGCATCGATCA-1,GAGAGACTGACTCAGTGTGTCAGTGACACT,sampleName
GCGGAAAGTCGTACAT-1,GTGTCTCACTCAGACTCACACTCTGAGACA,sampleName
GCGGATCAGGCAGTCA-1,CACAGACTGTGAGAGAGTCAGTGACACTCA,sampleName
GCGTGCATCAGCATTG-1,GTGAGTCACACTCTGAGACTGACTGTCTGA,sampleName
GCTACAAAGTCTGCAT-1,CTGACACAGAGTCAGACAGTGTGACTCAGT,sampleName
GCTACAATCATGAGTC-1,GTGAGTCACACTCTGAGACTGACTGTCTGA,sampleName
GCTCAAAAGCAAACAT-1,GTCACACAGTCTGTCAGTGTCACTGACTCA,sampleName
GCTGAATGTATGATCC-1,CTGACTCAGACTGAGAGTCTGAGTGTGAGA,sampleName
GCTGAATTCCATAAGC-1,CACTCACTGTCTGAGACAGTCTGAGTGACA,sampleName
GCTGCAGGTAACTTCG-1,CACTGAGTGTGTGACACAGTCTGTCTCACT,sampleName
GCTGGTAGCGCATCCG-1,CACTCACTGTCTGAGACAGTCTGAGTGACA,sampleName
GCTTGGGCATCCGGTG-1,CACTCACTGTCTGAGACAGTCTGAGTGACA,sampleName
GCTTTCGTCTGGAGAG-1,CTCACAGACTCAGTCTCACAGTCTGTCAGA,sampleName
GGAATCGCAAGTGGGT-1,GTCACACAGTCTGTCAGTGTCACTGACTCA,sampleName
GGACGTCAGGTCGAGT-1,CTGACTCTCTCTCAGTCTCTCTCACTGACA,sampleName
GGACGTCCATGACGAG-1,GTCTCACAGACTCTCACAGAGACAGACTCT,sampleName
GGACGTCCATGGAAGC-1,CACTCACTGTCTGAGACAGTCTGAGTGACA,sampleName
GGAGAACCACTGAGGA-1,GTCTCACAGACTCTCACAGAGACAGACTCT,sampleName
GGAGAACGTATTAAGG-1,CACTCACTGTCTGAGACAGTCTGAGTGACA,sampleName
GGAGATGGTTTCGTTT-1,CTCAGTGACTCAGACACAGACTCTGACAGA,sampleName
GGAGCAACAGAATGTA-1,CTGACTCTCTCACTCAGACACTGAGTCTCT,sampleName
GGAGGATCAACCGACC-1,CACAGACACTGACACAGTGTCTGAGAGTCT,sampleName
GGAGGATGTTCCTAGA-1,GTGAGTCACACTCTGAGACTGACTGTCTGA,sampleName
GGAGGATTCGGACAAG-1,CTGTGTCAGACTGAGTGACTCTGTGTGACT,sampleName
GGAGGATTCGGACAAG-1,CTGTGTCAGACTGAGTGACTCTGTGTGACT,sampleName
GGATGTTAGGCATCTT-1,CTGACACTGTGAGACACACTGACAGAGAGT,sampleName
GGATGTTTCACGATAC-1,CAGAGAGTCAGACACTCAGTCAGACTGTGA,sampleName
GGCACGTTCATGCCAA-1,GAGACACTCAGACACACACTCTGACTGACA,sampleName
GGCAGTCGTGCTCTCT-1,CAGTCTCTCTCACACAGTCACTGTCAGTCA,sampleName
GGCGTCACATGGCTAT-1,GACTCTCTGTGACACTGACAGAGTCTCAGA,sampleName
GGCTTGGAGGACTATA-1,GTCACACAGTCTGTCAGTGTCACTGACTCA,sampleName
GGCTTGGGTGTCATTG-1,GAGAGACTGACTCAGTGTGTCAGTGACACT,sampleName
GGCTTGGGTTAGAAAC-1,CTGACTCTCTCTCAGTCTCTCTCACTGACA,sampleName
GGGAAGTGTGACCTGC-1,GAGAGACTGACTCAGTGTGTCAGTGACACT,sampleName
GGGACCTTCTTAGCTT-1,CACACTCTCTCTCTCTCTGAGACAGTGACA,sampleName
GGGAGTAAGCAAGGAA-1,CACTGACTGAGACACAGTCACACACTCTCA,sampleName
GGGATGAGTTCTTAGG-1,CACTCACTGTCTGAGACAGTCTGAGTGACA,sampleName
GGGCCATCAACAGAGC-1,CACACTCTCTCTCTCTCTGAGACAGTGACA,sampleName
GGGCCATCACAGTCAT-1,GTCACACAGTCTGTCAGTGTCACTGACTCA,sampleName
GGGCGTTGTGATCGTT-1,GTCTCACAGACTCTCACAGAGACAGACTCT,sampleName
GGGCGTTTCGACATAC-1,CTCTGACTCTGACACAGTGACAGTCAGTCT,sampleName
GGGCTACGTGCCGGTT-1,CTGAGACTCACTCAGTCACTGTCTGTCACT,sampleName
GGGTAGACATCCTATT-1,CACTCACTGTCTGAGACAGTCTGAGTGACA,sampleName
GGGTGTCAGGGTTAAT-1,GTGAGTCACACTCTGAGACTGACTGTCTGA,sampleName
GGGTTATCCCGTTCAT-1,CTGACTCTCTCTCAGTCTCTCTCACTGACA,sampleName
GGTAACTGTATGGAGC-1,CACTCACTGTCTGAGACAGTCTGAGTGACA,sampleName
GGTAATCGTCTCGGGT-1,GTGTCTGTCTCTCTGAGTCACTCACAGTCT,sampleName
GGTCACGTCTCTATAC-1,GTCACACAGTCTGTCAGTGTCACTGACTCA,sampleName
GGTGAAGGTCAGGTGA-1,GACTGTGACAGTCTGACTCTCACACTGTCT,sampleName
GGTGAAGGTTTCGTTT-1,CTCTCACAGTCAGACTCACAGTCTCTGTCT,sampleName
GGTGGCTAGATGCTTC-1,CTGTGTCAGACTGAGTGACTCTGTGTGACT,sampleName
GGTGGCTGTCGTTGCG-1,CAGTCAGTCAGAGTCTGTCACTGTGTCTCT,sampleName
GGTGGCTGTCGTTGCG-1,CAGTCAGTCAGAGTCTGTCACTGTGTCTCT,sampleName
GGTGTCGCAACGATCT-1,CACAGACTGTGAGAGAGTCAGTGACACTCA,sampleName
GGTGTTAAGACCTCCG-1,GTCACAGACTCTGTCTGACAGTCTCACACT,sampleName
GGTTAACTCCGACAGC-1,CAGTCACACACTCAGAGTCAGTGAGTCTCA,sampleName
GGTTGTATCAGATGCT-1,CACTGAGTGTGTGACACAGTCTGTCTCACT,sampleName
GTAACCAGTGCATCTA-1,GACACACTGTCTCTCAGTCAGACTGTCAGA,sampleName
GTAACCAGTTCGTACA-1,CAGAGAGTCAGACACTCAGTCAGACTGTGA,sampleName
GTAACCAGTTCGTACA-1,CTCTCTGACACACTCTCAGACTGACAGACA,sampleName
GTAATCGCAGGTGGAT-1,CTCTCTGACACACTCTCAGACTGACAGACA,sampleName
GTAATCGCAGGTGGAT-1,CTCTCTGACACACTCTCAGACTGACAGACA,sampleName
GTACAACGTTCTTCAT-1,CAGAGAGTCAGACACTCAGTCAGACTGTGA,sampleName
GTACAACGTTGCACGC-1,GTCTCACAGACTCTCACAGAGACAGACTCT,sampleName
GTACAACTTGGCTCTT-1,CACACTCTCTCTCTCTCTGAGACAGTGACA,sampleName
GTAGAAACATAGTCAC-1,GTGAGTCACACTCTGAGACTGACTGTCTGA,sampleName
GTAGATCTCAGAATAG-1,CACTCACTGTCTGAGACAGTCTGAGTGACA,sampleName
GTAGATCTCAGAATAG-1,CTGACTCAGACTGAGAGTCTGAGTGTGAGA,sampleName
GTAGCTAGTAATGCGG-1,CAGTCACACACTCAGAGTCAGTGAGTCTCA,sampleName
GTAGCTAGTAATGCGG-1,CTGACACAGAGTCAGACAGTGTGACTCAGT,sampleName
GTAGGTTGTAAGCGGT-1,GTCTCACAGACTCTCACAGAGACAGACTCT,sampleName
GTAGTACGTGGAATGC-1,CTCTCTGACACACTCTCAGACTGACAGACA,sampleName
GTATTGGAGACTTCCA-1,CTCAGACTCACTCTGTCACACTCTGTCTGA,sampleName
GTATTGGTCAAGGAGC-1,GTCACACAGTCTGTCAGTGTCACTGACTCA,sampleName
GTATTTCAGAATCGTA-1,GTGAGACTCACTGACACACTGTCTCACTGA,sampleName
GTCACGGCATTGTAGC-1,CACTCACTGTCTGAGACAGTCTGAGTGACA,sampleName
GTCATCCAGCATTGTC-1,CACAGACACTGACACAGTGTCTGAGAGTCT,sampleName
GTCATGAGTCACTACA-1,CACAGACTGTGAGAGAGTCAGTGACACTCA,sampleName
GTCCACTGTACTGAGG-1,CTGACTCTCTCTCAGTCTCTCTCACTGACA,sampleName
GTCCACTTCTCGACGG-1,GTCACACAGTCTGTCAGTGTCACTGACTCA,sampleName
GTCCTCACACCGTGCA-1,CTCTCACAGTCAGACTCACAGTCTCTGTCT,sampleName
GTCCTCAGTGATACTC-1,CTCTCTGTGTGTGACAGTGTCTCACTCAGT,sampleName
GTCCTCAGTGGGAGAG-1,CACTCACTGTCTGAGACAGTCTGAGTGACA,sampleName
GTCGAATGTGGCATCC-1,GTCTCACAGACTCTCACAGAGACAGACTCT,sampleName
GTCGCGACAAGTGACG-1,CTGACTCAGTGTCACTCACACTCTCTCTCT,sampleName
GTCGCGACAAGTGACG-1,GTCTCACAGACTCTCACAGAGACAGACTCT,sampleName
GTCGCGAGTGAGAACC-1,GTGAGTCACACTCTGAGACTGACTGTCTGA,sampleName
GTCGTTCAGCTTTGTG-1,GTGTGTGTCTGTGTCACACACTGACTGACA,sampleName
GTCGTTCTCCGAAATC-1,GTCTCACAGACTCTCACAGAGACAGACTCT,sampleName
GTCTACCAGAGCATCG-1,CTCAGTGACTCAGACACAGACTCTGACAGA,sampleName
GTCTACCCAGCTATAC-1,GTCACACAGTCTGTCAGTGTCACTGACTCA,sampleName
GTCTGTCAGCGCCCAT-1,CACTCACTGTCTGAGACAGTCTGAGTGACA,sampleName
GTGACGCAGCAACTCT-1,GTGAGTCACACTCTGAGACTGACTGTCTGA,sampleName
GTGACGCTCAAGAATG-1,GTGAGTCACACTCTGAGACTGACTGTCTGA,sampleName
GTGAGCCCATAACTCG-1,CACACTCTCTCTCTCTCTGAGACAGTGACA,sampleName
GTGAGCCTCCAACACA-1,GTGTCTGTCTCTCTGAGTCACTCACAGTCT,sampleName
GTGAGGATCGTGGGAA-1,CACTCACTGTCTGAGACAGTCTGAGTGACA,sampleName
GTGAGGATCTTTACAC-1,CTGACTCTCTCTCAGTCTCTCTCACTGACA,sampleName
GTGAGTTAGAAATCCA-1,GACACTGACAGTCACACTCACAGTCACACT,sampleName
GTGAGTTGTCCATAGT-1,CTCAGTGTGAGACACTGACTCACAGTGAGT,sampleName
GTGCAGCAGGTGGGTT-1,CAGTGAGAGTCAGAGTCTGACTCTGTGAGA,sampleName
GTGCGTGCACTCAGAT-1,GTCTCACAGACTCTCACAGAGACAGACTCT,sampleName
GTGCTGGTCATTCCTA-1,CTGAGACTCACTCAGTCACTGTCTGTCACT,sampleName
GTGCTTCCAGTATACC-1,CACTCACTGTCTGAGACAGTCTGAGTGACA,sampleName
GTGCTTCGTCACGACC-1,GTCACACAGTCTGTCAGTGTCACTGACTCA,sampleName
GTGCTTCTCTTGGTCC-1,GTCACACAGTCTGTCAGTGTCACTGACTCA,sampleName
GTGGAAGCATCCGTTC-1,GTCTCACAGACTCTCACAGAGACAGACTCT,sampleName
GTGGAAGTCGCACTCT-1,GTCACACAGTCTGTCAGTGTCACTGACTCA,sampleName
GTGGAGAAGGGCAGGA-1,CACTCACTGTCTGAGACAGTCTGAGTGACA,sampleName
GTGGAGAAGGTTGGTG-1,GTGAGTCACACTCTGAGACTGACTGTCTGA,sampleName
GTGGAGACACAATGCT-1,GTCACACAGTCTGTCAGTGTCACTGACTCA,sampleName
GTGGAGACACAATGCT-1,GTCTCACAGACTCTCACAGAGACAGACTCT,sampleName
GTGGCTTTTTTTTTTT-1,CACTCACTGTCTGAGACAGTCTGAGTGACA,sampleName
GTGGGAAAGCCAGAGT-1,GAGAGACTGACTCAGTGTGTCAGTGACACT,sampleName
GTGGTTAGTACACTAT-1,GACTCTCTGTGACACTGACAGAGTCTCAGA,sampleName
GTGTCCTCAACACAGG-1,GTCTCACAGACTCTCACAGAGACAGACTCT,sampleName
GTGTCCTCAACACAGG-1,GTCTCACAGACTCTCACAGAGACAGACTCT,sampleName
GTGTCCTCATGAGTAA-1,CACTCACTGTCTGAGACAGTCTGAGTGACA,sampleName
GTGTCCTTTTTTTTTT-1,CTGACTCAGACTGAGAGTCTGAGTGTGAGA,sampleName
GTGTCCTTTTTTTTTT-1,CTGACTCAGACTGAGAGTCTGAGTGTGAGA,sampleName
GTGTGGCTCGCCTATC-1,GTCACACAGTCTGTCAGTGTCACTGACTCA,sampleName
GTGTTAGCAGGAAGTC-1,CTGACTCAGACTGAGAGTCTGAGTGTGAGA,sampleName
GTGTTCCAGCTTTCTT-1,CTGTGTGACTCACTCACTGTCTCAGACTGA,sampleName
GTGTTCCTCGGCTTCT-1,GTGTGTGTCTGTGTCACACACTGACTGACA,sampleName
GTTACCCAGGTAAGTT-1,CAGTCTCTCTCACACAGTCACTGTCAGTCA,sampleName
GTTACCCAGGTAAGTT-1,CAGTCTCTCTCACACAGTCACTGTCAGTCA,sampleName
GTTACCCCAAGACTGG-1,CTGTGTCAGACTGAGTGACTCTGTGTGACT,sampleName
GTTACGAAGTGGTGAC-1,CTCACTGTCAGTGTGTGTCTCAGTGTCTGT,sampleName
GTTAGACGTAACACGG-1,CACTCACTGTCTGAGACAGTCTGAGTGACA,sampleName
GTTAGTGGTTAGGCTT-1,GACAGACAGAGTCTCTCTCACTGACAGTCA,sampleName
GTTCCGTAGTTGCGCC-1,GTGAGTCACACTCTGAGACTGACTGTCTGA,sampleName
GTTCTATCAAGGTCGA-1,CAGTCTCTCTCACACAGTCACTGTCAGTCA,sampleName
GTTGTAGCAACTTGGT-1,CAGTCTGTCAGAGTCTGTCACTGTGTCTCT,sampleName
GTTGTGAAGGATGTTA-1,CACTCACTGTCTGAGACAGTCTGAGTGACA,sampleName
GTTTGGAAGACTCGAG-1,CACTGAGTGTGTGACACAGTCTGTCTCACT,sampleName
TAACACGAGCGGTAGT-1,CACTCACTGTCTGAGACAGTCTGAGTGACA,sampleName
TAACCAGTCGGCTTGG-1,GAGACACTGACTCTGAGACAGTCACTCTGA,sampleName
TAAGCGTCACGTCATA-1,CTCAGTGTGAGACACTGACTCACAGTGAGT,sampleName
TAAGGGGGCGTTTTTT-1,CAGTCTCTCTCACACAGTCACTGTCAGTCA,sampleName
TAAGTCGAGGCTGGAT-1,CACTCACTGTCTGAGACAGTCTGAGTGACA,sampleName
TAATTCCTCCCAAGCG-1,CAGTCTGTCAGAGTCTGTCACTGTGTCTCT,sampleName
TAATTCCTCGATTGGT-1,CAGAGAGTCAGACACTCAGTCAGACTGTGA,sampleName
TACAACGAGGCGTTAG-1,CACTGACTGAGACACAGTCACACACTCTCA,sampleName
TACAACGCACGACAGA-1,CACTCACTGTCTGAGACAGTCTGAGTGACA,sampleName
TACAACGCACGACAGA-1,CACTCACTGTCTGAGACAGTCTGAGTGACA,sampleName
TACACCCGTTAAACAG-1,CACTGAGTGTGTGACACAGTCTGTCTCACT,sampleName
TACCCGTAGGAGGCAG-1,CTCTCTCTGAGTCACACAGACACAGACTGT,sampleName
TACCCGTCATATGGCT-1,GTGTCTGTCTCTCTGAGTCACTCACAGTCT,sampleName
TACCCGTCATATGGCT-1,GTGTCTGTCTCTCTGAGTCACTCACAGTCT,sampleName
TACCGGGCAACGGGTA-1,GTCACACAGTCTGTCAGTGTCACTGACTCA,sampleName
TACCGGGCAGTATACC-1,CACTCACTGTCTGAGACAGTCTGAGTGACA,sampleName
TACCGGGCATTCCTCG-1,GTCTCACAGACTCTCACAGAGACAGACTCT,sampleName
TACCGGGGTGCTCTTC-1,CAGAGAGTCAGACACTCAGTCAGACTGTGA,sampleName
TACCGGGGTTCCTACC-1,CACTCACTGTCTGAGACAGTCTGAGTGACA,sampleName
TACCTCGCACGGCACT-1,CACTCACTGTCTGAGACAGTCTGAGTGACA,sampleName
TACGCTCCACTTGAGT-1,CTGAGACTCACTCAGTCACTGTCTGTCACT,sampleName
TACGCTCCACTTGAGT-1,CTGAGACTCACTCAGTCACTGTCTGTCACT,sampleName
TACGGGCGTGGCTACC-1,CACTGACAGACTGACACTCACTCTGTCACT,sampleName
TACGGGCGTGGCTACC-1,CACTGACAGACTGACACTCACTCTGTCACT,sampleName
TACGGTAGTTACGTAC-1,GTGAGTCACACTCTGAGACTGACTGTCTGA,sampleName
TACTGCCAGTGTGTTC-1,CTGACACAGAGTCAGACAGTGTGACTCAGT,sampleName
TACTTACGTCAGTTTG-1,CACTCACTGTCTGAGACAGTCTGAGTGACA,sampleName
TACTTACGTCAGTTTG-1,CACTCACTGTCTGAGACAGTCTGAGTGACA,sampleName
TACTTGTGTGTTCATG-1,GTGAGTCACACTCTGAGACTGACTGTCTGA,sampleName
TACTTGTTCGCACTCT-1,CACACTCTCTCTCTCTCTGAGACAGTGACA,sampleName
TACTTGTTCGGCACTG-1,GTGAGTCACACTCTGAGACTGACTGTCTGA,sampleName
TACTTGTTCTCCTGTG-1,CTCTCACAGTCAGACTCACAGTCTCTGTCT,sampleName
TAGACCAAGATCCCAT-1,GTCTCACAGACTCTCACACAGACAGACTCT,sampleName
TAGAGTCCAATAGTCC-1,GACTGTGACAGTCTGACTCTCACACTGTCT,sampleName
TAGAGTCTCGCGGTAC-1,CAGAGAGTCAGACACTCAGTCAGACTGTGA,sampleName
TAGATCGGTTGCGTAT-1,CTCTCACAGTCAGACTCACAGTCTCTGTCT,sampleName
TAGCTCGTTTTTTTTT-1,GACAGACAGAGTCTCTCTCACTGACAGTCA,sampleName
TAGGAGGTCCTCAGAA-1,GACAGACAGAGTCTCTCTCACTGACAGTCA,sampleName
TAGGGTTGTTGCGTAT-1,CTGACTCAGACTGAGAGTCTGAGTGTGAGA,sampleName
TAGGGTTGTTGCGTAT-1,CTGACTCAGACTGAGAGTCTGAGTGTGAGA,sampleName
TAGTGCACAACACACT-1,GTCACACAGTCTGTCAGTGTCACTGACTCA,sampleName
TAGTGCATCGACCCAG-1,CTGACACAGAGTCAGACAGTGTGACTCAGT,sampleName
TATACCTAGACGGTTG-1,CACTGAGTGTGTGACACAGTCTGTCTCACT,sampleName
TATATCCGTCAGGTGA-1,CACAGACTGTGAGAGAGTCAGTGACACTCA,sampleName
TATCAGGCTGGCTGCC-1,CACTCACTGTCTGAGACAGTCTGAGTGACA,sampleName
TATCAGGTCCACTGGG-1,CACTCACTGTCTGAGACAGTCTGAGTGACA,sampleName
TATCTTGTCAACGCTA-1,CACTCACTGTCTGAGACAGTCTGAGTGACA,sampleName
TATTGCTGTCTTGAAC-1,GTGAGTCACACTCTGAGACTGACTGTCTGA,sampleName
TCAAGCAAGTACAGCG-1,GTGTCTGTCTCTCTGAGTCACTCACAGTCT,sampleName
TCAAGCAGTACCCACG-1,CACTCACTGTCTGAGACAGTCTGAGTGACA,sampleName
TCAAGTGGTGAGCAGT-1,CTCAGACTCACTCTGTCACACTCTGTCTGA,sampleName
TCACACCTCGAACGCC-1,CTGACTCTCTCTCAGTCTCTCTCACTGACA,sampleName
TCACGCTCACCCTGTT-1,GTGAGTCACACTCTGAGACTGACTGTCTGA,sampleName
TCACGGGGTGCTCTCT-1,GTGAGTCACACAGACACTCTCTCTCACTGT,sampleName
TCACTATAGATCCCGC-1,CACACTCAGTGACACAGACACTGTCACAGA,sampleName
TCACTCGAGACAACAT-1,GTCTCACAGACTCTCACAGAGACAGACTCT,sampleName
TCAGCAATCGCTTGAA-1,GTGAGACTCACTGACACACTGTCTCACTGA,sampleName
TCAGGGCGTGAACGGT-1,CAGAGACTCAGAGAGAGTCTCTCTCACTGA,sampleName
TCAGGTATCCGCCTAT-1,GTGTGTGTCTGTGTCACACACTGACTGACA,sampleName
TCAGTTTGTATCCCAA-1,CTGAGACTCACTCAGTCACTGTCTGTCACT,sampleName
TCAGTTTGTCCGGATC-1,CAGTCTCTCTCACACAGTCACTGTCAGTCA,sampleName
TCATACTCCGATCTTC-1,GTGAGTCACACTCTGAGACTGACTGTCTGA,sampleName
TCATACTTCGTGTTCC-1,CACTCACTGTCTGAGACAGTCTGAGTGACA,sampleName
TCATATCTCCACGGAC-1,CACTCACTGTCTGAGACAGTCTGAGTGACA,sampleName
TCATCATTCAAGAATG-1,CACTCACTGTCTGAGACAGTCTGAGTGACA,sampleName
TCATCATTCAAGAATG-1,GACTCTCTGTGACACTGACAGAGTCTCAGA,sampleName
TCATGAGCAACAGTGG-1,CTGTCAGTGTCTCTGACACTGTCAGTGTCA,sampleName
TCATGCCCAGGACGAT-1,CTGACTCTCTCTCAGTCTCTCTCACTGACA,sampleName
TCATGCCTCAGGAGAC-1,GTCACACAGTCTGTCAGTGTCACTGACTCA,sampleName
TCATTCAGTCCACGCA-1,CTGAGACTCACTCAGTCACTGTCTGTCACT,sampleName
TCATTGTGTCTACACA-1,GTGAGTCACACTCTGAGACTGACTGTCTGA,sampleName
TCATTTGTCCGAAATC-1,CTGTGTCAGACTGAGTGACTCTGTGTGACT,sampleName
TCCACGTGTCAGCGTC-1,CTCAGTGACTCAGACACAGACTCTGACAGA,sampleName
TCCATCGAGGTAAACT-1,CACTCACTGTCTGAGACAGTCTGAGTGACA,sampleName
TCCATCGTCTTCTCAA-1,GTCTCTGACACTGACACTCACTGTCTCACT,sampleName
TCCCACAGTTGAGAGC-1,GTGAGACTCACTGACACACTGTCTCACTGA,sampleName
TCCCAGTAGTCAGAGC-1,CTGACTCAGTGTCACTCACACTCTCTCTCT,sampleName
TCCCAGTGTCACGTGC-1,CACACACTGTCTCAGACAGTCTGAGTGACA,sampleName
TCCGAAAGTGCCTAAT-1,CTGACTCTCTCTCAGTCTCTCTCACTGACA,sampleName
TCCTGCAAGACTAAGT-1,GTCACACAGTCTGTCAGTGTCACTGACTCA,sampleName
TCGATTTCATGACTCA-1,GTGAGTCACACTCTGAGACTGACTGTCTGA,sampleName
TCGATTTGTCGTCGGT-1,CTCAGTGACTCAGACACAGACTCTGACAGA,sampleName
TCGATTTTCTGGAGAG-1,GTCTCACTGTCACTGACAGTGACTCTGAGA,sampleName
TCGCACTCATTGAGGG-1,GAGAGACTGACTCAGTGTGTCAGTGACACT,sampleName
TCGCAGGCATCGGAGA-1,CTCTCACAGTCAGACTCACAGTCTCTGTCT,sampleName
TCGCTCAGTGTGGACA-1,GTCTCACAGACTCTCACAGAGACAGACTCT,sampleName
TCGCTCATCTCTGAGA-1,CTGACTCTCTCTCAGTCTCTCTCACTGACA,sampleName
TCGGATAGTGATGGCA-1,CACTCACTGTCTGAGACAGTCTGAGTGACA,sampleName
TCGGATAGTGATGGCA-1,CACTCACTGTCTGAGACAGTCTGAGTGACA,sampleName
TCGGATATCTTACCAT-1,CACAGACTGTGAGAGAGTCAGTGACACTCA,sampleName
TCGGGCAAGCCTTTCC-1,GTCTCACAGACTCTCACAGAGACAGACTCT,sampleName
TCGGGTGAGGCACAAC-1,GACACACTGTCTCTCAGTCAGACTGTCAGA,sampleName
TCGGGTGGTCTCAAGT-1,GTGTCTGTCTCTCTGAGTCACTCACAGTCT,sampleName
TCGGTCTCATGACAAA-1,CTGTGTCAGACTGAGTGACTCTGTGTGACT,sampleName
TCGGTCTCATGACAAA-1,CTGTGTCAGACTGAGTGACTCTGTGTGACT,sampleName
TCGTAGAAGCGACCCT-1,CAGTCACACACTCAGAGTCAGTGAGTCTCA,sampleName
TCGTAGAAGCGACCCT-1,CAGTCACACACTCAGAGTCAGTGAGTCTCA,sampleName
TCGTGCTAGGCTCCCA-1,CAGTCTCTCTCACACAGTCACTGTCAGTCA,sampleName
TCGTGCTTCAGCACCG-1,CTCTCACAGTCAGACTCACAGTCTCTGTCT,sampleName
TCGTGGGGTCATAGTC-1,GTGAGACAGAGAGTGACAGAGTGTGAGTGA,sampleName
TCTAACTGTCACTGAT-1,CTCAGTGACTCAGACACAGACTCTGACAGA,sampleName
TCTAACTGTGGAGAAA-1,CACTCACTGTCTGAGACAGTCTGAGTGACA,sampleName
TCTACATGTCTGCAAT-1,GTGAGACTCACTGACACACTGTCTCACTGA,sampleName
TCTACCGTCGTTAGTG-1,CTGAGACTCACTCAGTCACTGTCTGTCACT,sampleName
TCTCAGCTCTCGACCT-1,CAGAGAGTCAGACACTCAGTCAGACTGTGA,sampleName
TCTCCGAAGTGGTTAA-1,CTGACACAGAGTCAGACAGTGTGACTCAGT,sampleName
TCTGCCAAGAATACAC-1,CTGACACAGAGTCAGACAGTGTGACTCAGT,sampleName
TCTGCCACAGTCGGAA-1,GTCACACAGTCTGTCAGTGTCACTGACTCA,sampleName
TCTGCCACAGTCGGAA-1,GTCACACAGTCTGTCAGTGTCACTGACTCA,sampleName
TCTGGCTCACAAGCCA-1,GTGTGTGTCTGTGTCACACACTGACTGACA,sampleName
TCTGGCTCACAAGCCA-1,GTGTGTGTCTGTGTCACACACTGACTGACA,sampleName
TCTGGCTGTTCGGCTG-1,GTCTCACAGACTCTCACAGAGACAGACTCT,sampleName
TCTGGCTTCATTGTGG-1,CTCTCACAGTCAGACTCACAGTCTCTGTCT,sampleName
TCTGTCGAGAGTTGAT-1,CAGTCTCTCTCACACAGTCACTGTCAGTCA,sampleName
TCTGTCGAGAGTTGAT-1,CAGTCTCTCTCACACAGTCACTGTCAGTCA,sampleName
TCTGTCGTCTTTCAGT-1,GTGAGTCACACTCTGAGACTGACTGTCTGA,sampleName
TCTTAGTCATCGGCCA-1,CTGACAGTGAGTGACTCTCAGACTCTGTCA,sampleName
TCTTCCTCAAGAGTTA-1,CTGACTGTCACAGACACACAGTGTCTGTCT,sampleName
TCTTCCTCAAGAGTTA-1,GTCTCACAGACTCTCACAGAGACAGACTCT,sampleName
TCTTGCGTCATGCCGG-1,GACTGTGACAGTCTGACTCTCACACTGTCT,sampleName
TCTTGCGTCTGGACTA-1,CACTCACTGTCTGAGACAGTCTGAGTGACA,sampleName
TCTTGCGTCTTACGTT-1,CACAGACTGTGAGAGAGTCAGTGACACTCA,sampleName
TCTTGCGTCTTCTCAA-1,CTGAGACTCACTCAGTCACTGTCTGTCACT,sampleName
TCTTTGAGTGCAATAA-1,CACTGACTCTGTGAGTGTGACACACTCTCT,sampleName
TCTTTGATCCCGTAAA-1,GTGTCTGTCTCTCTGAGTCACTCACAGTCT,sampleName
TGAATCGGTCAGTCTA-1,CTGACAGTGAGTGACTCTCAGACTCTGTCA,sampleName
TGAATGCGTCGAGCTC-1,CACAGTGTCTCTCTGACTGACACACTGACA,sampleName
TGAATGCGTGAATGTA-1,GTCACACAGTCTGTCAGTGTCACTGACTCA,sampleName
TGAATGCTCCCGTGTT-1,GTGAGTCACACTCTGAGACTGACTGTCTGA,sampleName
TGACAGTGTCCACAGC-1,CACACTCTCTCTCTCTCTGAGACAGTGACA,sampleName
TGACAGTGTCGCTCGA-1,GAGAGACTGACTCAGTGTGTCAGTGACACT,sampleName
TGACAGTGTCGCTCGA-1,GAGAGACTGACTCAGTGTGTCAGTGACACT,sampleName
TGAGCATTCTTCTGTA-1,GTCTCTGTCAGTCTCAGTCACTCTGACACA,sampleName
TGAGCGCCATGGAATA-1,CACTCACTGTCTGAGACAGTCTGAGTGACA,sampleName
TGAGGAGCAGCAATTC-1,GTCACACAGTCTGTCAGTGTCACTGACTCA,sampleName
TGAGGTTCATCATTGG-1,GTCTCACAGACTCTCACAGAGACAGACTCT,sampleName
TGAGGTTTCCATTCAT-1,GTGTCTGTCTCTCTGAGTCACTCACAGTCT,sampleName
TGAGGTTTCCTCTTTC-1,GTCACACAGTCTGTCAGTGTCACTGACTCA,sampleName
TGAGTCATCTGTTCAT-1,CAGTCTCTCTCACACAGACACTGTCAGTCA,sampleName
TGATCAGCATCACGGC-1,CTCTCTGTGTGTGACAGTGTCTCACTCAGT,sampleName
TGATCAGTCACTGTTT-1,GTCTCACAGACTCTCACAGAGACAGACTCT,sampleName
TGATTCTAGTTGCTCA-1,CACACTCTCTCTCTCTCTGAGACAGTGACA,sampleName
TGCACGGGTCCAGCGT-1,CAGTCTCTCTCACACAGTCACTGTCAGTCA,sampleName
TGCACGGTCCATACAG-1,CTCTCACAGTCAGACTCACAGTCTCTGTCT,sampleName
TGCAGATCAAGTTCCA-1,GTGAGACTCACTGACACACTGTCTCACTGA,sampleName
TGCAGATTCTCAAAGC-1,CACAGTCAGTGAGTGAGACACAGACTGACA,sampleName
TGCAGTACACAACCGC-1,CTGACTCTCTCTCAGTCTCTCTCACTGACA,sampleName
TGCAGTATCTCCGAAA-1,CAGACTCTCACTCTCTGTGTGAGACAGTCA,sampleName
TGCATCCCAACCCGCA-1,CTCAGTGACTCAGACACAGACTCTGACAGA,sampleName
TGCATCCCAACGTAAA-1,CACTCACTGTCTGAGACAGTCTGAGTGACA,sampleName
TGCATCCTCCAGCACG-1,GTCTCACAGACTCTCACAGAGACAGACTCT,sampleName
TGCATCCTCTCGTCGT-1,CACACTCTCTCTCTCTCTGAGACAGTGACA,sampleName
TGCGACGGTGGCATCC-1,GTGAGTCACACTCTGAGACTGACTGTCTGA,sampleName
TGCGATAGTGACATCT-1,GTGTCTGTCTCTCTGAGTCACTCACAGTCT,sampleName
TGCGATATCTTCGGAA-1,GTCACACAGTCTGTCAGTGTCACTGACTCA,sampleName
TGCGGGTGTAACGTTC-1,GAGAGACTGACTCAGTGTGTCAGTGACACT,sampleName
TGCTCGTTCGTCTAAG-1,GTGAGTCACACAGACACTCTCTCTCACTGT,sampleName
TGCTGAAGTAGACGTG-1,CACACTCTCTCTCTCTCTGAGACAGTGACA,sampleName
TGCTGAAGTAGACGTG-1,CACTGAGTGTGTGACACAGTCTGTCTCACT,sampleName
TGCTGAAGTAGACGTG-1,CACTGAGTGTGTGACACAGTCTGTCTCACT,sampleName
TGGAACTGTCTAGTGT-1,CTCAGTGACTCAGACACAGACTCTGACAGA,sampleName
TGGATGTGTCGAAGCA-1,CTGAGACACAGTGAGACACTCTGACAGTCA,sampleName
TGGCGTGCAGGCATTT-1,GTCACACAGTCTGTCAGTGTCACTGACTCA,sampleName
TGGCGTGGTACGGGAT-1,GTCTCACTGTCACTGACAGTGACTCTGAGA,sampleName
TGGCGTGTCCTGATAG-1,GTCACACAGTCTGTCAGTGTCACTGACTCA,sampleName
TGGGAAGGTGTCCAAT-1,GTCACACAGTCTGTCAGTGTCACTGACTCA,sampleName
TGGGAGAAGCGTACAG-1,CACTCACTGTCTGAGACAGTCTGAGTGACA,sampleName
TGGGAGACACTCCCTA-1,GACACACAGACACTCACTGACTCACACACA,sampleName
TGGGAGAGTGATAGAT-1,GTGAGTCACACTCTGAGACTGACTGTCTGA,sampleName
TGGGATTTCAAGTGGG-1,CACTCACTGTCTGAGACAGTCTGAGTGACA,sampleName
TGGGCGTAGGACTTCT-1,GTGAGTCACACTCTGAGACTGACTGTCTGA,sampleName
TGGGCGTTCGTTAGAC-1,GAGAGTGACACACTGTCTGTGACAGTCTCT,sampleName
TGGGCTGAGTGTAGTA-1,GTCTCACAGACTCTCACAGAGACAGACTCT,sampleName
TGGGCTGGTTGCGTAT-1,CTGACAGTGAGTGACTCTCAGACTCTGTCA,sampleName
TGGTACAAGGAGGGTG-1,CACACTCTCTCTCTCTCTGAGACAGTGACA,sampleName
TGGTAGTGTGATTCAC-1,CACTCACTGTCTGAGACAGTCTGAGTGACA,sampleName
TGGTGATAGGGAGGGT-1,CACTCACTGTCTGAGACAGTCTGAGTGACA,sampleName
TGGTGATCACGGAAGT-1,CTGACTCAGTGTCACTCACACTCTCTCTCT,sampleName
TGTAACGTCACATACG-1,CTGACTCTCTCTCAGTCTCTCTCACTGACA,sampleName
TGTACAGTCTCTTAAC-1,GTGAGACTCACTGACACACTGTCTCACTGA,sampleName
TGTCAGAAGGATACAT-1,GTGAGTCACACTCTGAGACTGACTGTCTGA,sampleName
TGTCAGACAATCTAGC-1,GAGACACTCAGACACACACTCTGACTGACA,sampleName
TGTCCACGTCGTGGTC-1,CTCAGACTCACTCACACAGAGTCTCTCACA,sampleName
TGTCCTGAGATGACCG-1,GTGAGTCACACTCTGAGACTGACTGTCTGA,sampleName
TGTGAGTAGTGGAATT-1,CTGACAGACTCTGTGTCTCAGACTGACAGA,sampleName
TGTGAGTGTCATTGCA-1,GTGAGTCACACTCTGAGACTGACTGTCTGA,sampleName
TGTGATGAGCGATGCA-1,CACACTCTCTCTCTCTCTGAGACAGTGACA,sampleName
TGTGCGGCATTGGATC-1,CACAGACTGTGAGAGAGTCAGTGACACTCA,sampleName
TGTGCGGCATTGGATC-1,CACTCACTGTCTGAGACAGTCTGAGTGACA,sampleName
TGTTCATCACAGAAGC-1,CACTCACTGTCTGAGACAGTCTGAGTGACA,sampleName
TGTTCATCACAGAAGC-1,CACTCACTGTCTGAGACAGTCTGAGTGACA,sampleName
TGTTCATCATTCTGTT-1,CACAGACTGTGAGAGAGTCAGTGACACTCA,sampleName
TGTTCCGGTAGATCGG-1,GTCTCACAGACTCTCACAGAGACAGACTCT,sampleName
TGTTGAGCACGACTAT-1,CTCTCTGACACACTCTCAGACTGACAGACA,sampleName
TGTTGGAGTAACATCC-1,GACTCTCTGTGACACTGACAGAGTCTCAGA,sampleName
TGTTGGATCGGAGTGA-1,GTGAGTCACACTCTGAGACTGACTGTCTGA,sampleName
TTACCATCAACACTAC-1,CACTCACTGTCTGAGACAGTCTGAGTGACA,sampleName
TTACCATGTCTACAGT-1,CAGTCTGTCAGAGTCTGTCACTGTGTCTCT,sampleName
TTACCGCAGAGCCCAA-1,GTGTCTGTCTCTCTGAGTCACTCACAGTCT,sampleName
TTACCGCTCTAACGCA-1,GTGAGTCACACTCTGAGACTGACTGTCTGA,sampleName
TTACGTTAGCAAGCCA-1,CAGTCTCTCTCACACAGTCACTGTCAGTCA,sampleName
TTAGGCAAGGTGCAGT-1,CACTGAGTGTGTGACACAGTCTGTCTCACT,sampleName
TTAGGCAAGGTGCAGT-1,GTCACACAGTCTGTCAGTGTCACTGACTCA,sampleName
TTAGGCAAGGTGCAGT-1,GACAGACAGAGTCTCTCTCACTGACAGTCA,sampleName
TTAGGCATCGTCCTTG-1,GACACTGACAGTCACACTCACAGTCACACT,sampleName
TTAGGGTTCGGCTGTG-1,CTGACTCTCTCTCAGTCTCTCTCACTGACA,sampleName
TTAGTCTAGACTTCCA-1,CAGTCACACACTCAGAGTCAGTGAGTCTCA,sampleName
TTAGTCTGTTATCTGG-1,CTGACACAGAGTCAGACAGTGTGACTCAGT,sampleName
TTATTGCTCTTGCGCT-1,GTCACTCACACACTCACACAGAGTCAGTCA,sampleName
TTCAATCTCTGGCTGG-1,GTCTCACAGACTCTCACAGAGACAGACTCT,sampleName
TTCATGTGTAGAATAC-1,GAGACACTCAGACACACACTCTGACTGACA,sampleName
TTCATTGAGATACCAA-1,GAGACACTGACTCTGAGACAGTCACTCTGA,sampleName
TTCATTGTCTAGAACC-1,CTGTGACACAGTCACACACAGTGACACACT,sampleName
TTCCAATCAGACTGCC-1,GACACTGACAGTCACACTCACAGTCACACT,sampleName
TTCCGGTAGTAAGACT-1,GTGAGACTCACTGACACACTGTCTCACTGA,sampleName
TTCCTCTGTGCATTTG-1,GTGAGTCACACTCTGAGACTGACTGTCTGA,sampleName
TTCGATTAGAGAGGGC-1,CACTGAGTGTGTGACACAGTCTGTCTCACT,sampleName
TTCGATTAGAGAGGGC-1,CACTGAGTGTGTGACACAGTCTGTCTCACT,sampleName
TTCTCTCAGATGATTG-1,GTGTGTGTCTGTGTCACACACTGACTGACA,sampleName
TTCTTGACATTGCTTT-1,CTCAGTGACTCAGACACAGACTCTGACAGA,sampleName
TTCTTGAGTAGGACTG-1,GACACACTGTCTCTCAGTCAGACTGTCAGA,sampleName
TTGAGTGTCAGCACCG-1,CTGTGACACAGTCACACACAGTGACACACT,sampleName
TTGAGTGTCAGCACCG-1,CTCAGTGACTCAGACACAGACTCTGACAGA,sampleName
TTGAGTGTCTCCTACG-1,CAGAGAGTCAGACACTCAGTCAGACTGTGA,sampleName
TTGCATTTCTCGGTCT-1,CTGACTCTCTCACTCAGACACTGAGTCTCT,sampleName
TTGCATTTCTCGGTCT-1,CTGACTCTCTCACTCAGACACTGAGTCTCT,sampleName
TTGCCTGCAACCTATG-1,CTGTGTCAGACTGAGTGACTCTGTGTGACT,sampleName
TTGCTGCGTGCTGATT-1,GTCTCACAGACTCTCACAGAGACAGACTCT,sampleName
TTGCTGCGTTCGGTCG-1,GTGAGTCACACTCTGAGACTGACTGTCTGA,sampleName
TTGCTGCGTTCGGTCG-1,CACTCACTGTCTGAGACAGTCTGAGTGACA,sampleName
TTGCTGCTCGTTCCCA-1,CTGACTCTCTCACTCAGACACTGAGTCTCT,sampleName
TTGGATGCAACGGGTA-1,GTGAGACTCACTGACACACTGTCTCACTGA,sampleName
TTGGATGCAACGGGTA-1,GTGAGACTCACTGACACACTGTCTCACTGA,sampleName
TTGGATGCAACGGGTA-1,GTGAGACTCACTGACACACTGTCTCACTGA,sampleName
TTGGATGCAACGGGTA-1,GTGAGACTCACTGACACACTGTCTCACTGA,sampleName
TTGGATGGTCCAGGTC-1,CTCAGTGACTCAGACACAGACTCTGACAGA,sampleName
TTGGGATTCGGAATGG-1,CACAGACTGTGAGAGAGTCAGTGACACTCA,sampleName
TTGGGCGCACCATTCC-1,CTCTGACAGTGTCACAGACAGACAGAGACT,sampleName
TTGGGTGTCCTTTTTT-1,GAGAGACTGACTCAGTGTGTCAGTGACACT,sampleName
TTGGGTGTCCTTTTTT-1,GAGAGACTGACTCAGTGTGTCAGTGACACT,sampleName
TTGTTGTGTCGTAATC-1,GTGAGACTCACTGACACACTGTCTCACTGA,sampleName
TTGTTGTGTGAGTGAC-1,CTGACACAGAGTCAGACAGTGTGACTCAGT,sampleName
TTGTTTGAGAAATCCA-1,CTCTCACAGTCAGACTCACAGTCTCTGTCT,sampleName
TTTACCAAGTAACGTA-1,CAGTGTGAGACAGACAGACTCTGACACACT,sampleName
TTTACCAAGTAACGTA-1,CACTCACTGTCTGAGACAGTCTGAGTGACA,sampleName
TTTAGTCAGAGATCGC-1,GTGTCTGTCTCTCTGAGTCACTCACAGTCT,sampleName
TTTAGTCGTTGGAGAC-1,CTGACTCAGACTGAGAGTCTGAGTGTGAGA,sampleName
TTTCACAGTTTGTTCT-1,GTGTCTGTCTCTCTGAGTCACTCACAGTCT,sampleName
TTTCAGTAGAAGGTAG-1,CTCTGACAGTGTCACAGACAGACAGAGACT,sampleName
TTTCAGTAGGTCTTTG-1,CACAGACTGTGAGAGAGTCAGTGACACTCA,sampleName
TTTCAGTGTATTGGCT-1,GTGTCTGTCTCTCTGAGTCACTCACAGTCT,sampleName
TTTCAGTTCGTAATGC-1,CTCTCACAGTCAGACTCACAGTCTCTGTCT,sampleName
TTTCATGGTCGAGATG-1,CAGTGTGAGACAGACAGACTCTGACACACT,sampleName
TTTGATCGTCTGATCA-1,CACTCACTGTCTGAGACAGTCTGAGTGACA,sampleName
TTTGATCGTTGGGTAG-1,GTGTCTGTCTCTCTGAGTCACTCACAGTCT,sampleName
TTTGGAGGTGCAATGG-1,CTGACTCAGACTGAGAGTCTGAGTGTGAGA,sampleName
TTTGGTTGTGATCGTT-1,GTGTCTGTCTCTCTGAGTCACTCACAGTCT,sampleName
TTTGTTGAGCCAAGCA-1,CTCTGACAGTGTCACAGACAGACAGAGACT,sampleName
TTTGTTGAGGCGATAC-1,CACAGACTGTGAGAGAGTCAGTGACACTCA,sampleName
TTTGTTGCAGTCTACA-1,GTGTCTGTCTCTCTGAGTCACTCACAGTCT,sampleName
AAACCCACACCTCGTT-2,GAGACACTCAGACACACACTCTGACTGACA,otherSampleName
AAACGAACACGTCGGT-2,CTCTCTGTGTGTGACAGTGTCTCACTCAGA,otherSampleName
AAACGCTGTCCTGAAT-2,CAGTCTCTCTCACACAGTCACTGTCAGTCA,otherSampleName
AAAGAACCAGTTTGGT-2,CACTCACTGTCTGAGACAGTCTGAGTGACA,otherSampleName
AAATGGACAGTCAGAG-2,CTCAGTGTGAGACACTGACTCACAGTGAGT,otherSampleName
AAATGGACATCGCTCT-2,CTGACTCAGACTGAGAGTCTGAGTGTGAGA,otherSampleName
AAATGGACATCGCTCT-2,CTGACTCAGACTGAGAGTCTGAGTGTGAGA,otherSampleName
AAATGGATCTTTGCGC-2,CTGACACAGAGTCAGACAGTGTGACTCAGT,otherSampleName
AACAAAGAGACGAAGA-2,GACAGACAGAGTCTCTCTCACTGACAGTCA,otherSampleName
AACAAAGTCGGATAAA-2,CTCTCTGACACACTCTCAGACTGACAGACA,otherSampleName
AACAACCCAGTTGTTG-2,CTGACACAGAGTCAGACAGTGTGACTCAGT,otherSampleName
AACCAACCATCAGCGC-2,CACTCACTGTCTGAGACAGTCTGAGTGACA,otherSampleName
AACCAACCATCAGCGC-2,CTCTCACAGTCAGACTCACAGTCTCTGTCT,otherSampleName
AACCACAAGAGCTGAC-2,CAGTCTCTCTCACACAGTCACTGTCAGTCA,otherSampleName
AACCCAATCAGGAAAT-2,GTGAGTCACACTCTGAGACTGACTGTCTGA,otherSampleName
AACCTGACATCAGCGC-2,CTCTCTGACACACTCTCAGACTGACAGACA,otherSampleName
AACGGGAAGTCGAAAT-2,CACTGAGTGTGTGACACAGTCTGTCTCACT,otherSampleName
AACGGGACACCTCAGG-2,CACTCACTGTCTGAGACAGTCTGAGTGACA,otherSampleName
AACTTCTGTCAGTCTA-2,GTGTCTGTCTCTCTGAGTCACTCACAGTCT,otherSampleName
AAGAACAGTTCTATCT-2,GACACACTGTCTCTCAGTCAGACTGTCAGA,otherSampleName
AAGATAGTCCCATACC-2,CAGTGAGAGTCAGAGTCTGACTCTGTGAGA,otherSampleName
AAGCATCAGCAACTCT-2,CTGAGACTCACTCAGTCACTGTCTGTCACT,otherSampleName
AAGCCATTCCCATTCG-2,CTGACACAGAGTCAGACAGTGTGACTCAGT,otherSampleName
AAGGAATTCGAGTCTA-2,GACACACTGTCTCTCAGTCAGACTGTCAGA,otherSampleName
AAGGTAATCTAAACGC-2,CTGACACAGAGTCAGACAGTGTGACTCAGT,otherSampleName
AAGTCGTTCGCCGAGT-2,GTGAGACTCACTGACACACTGTCTCACTGA,otherSampleName
AAGTCGTTCTCGAACA-2,CTCACAGACTCAGTCTCACAGTCTGTCAGA,otherSampleName
AAGTGAAAGTTGTACC-2,CAGTGTCTCTCTGACTCTCACTCAGTGAGA,otherSampleName
AAGTTCGGTCGCAACC-2,CTCACTGTCACTGTCTGTCTGACTCAGTGT,otherSampleName
AAGTTCGTCGAATCCA-2,CAGAGAGTCAGACACTCAGTCAGACTGTGA,otherSampleName
AATCACGCAAGATCCT-2,CACTCACTGTCTGAGACAGTCTGAGTGACA,otherSampleName
AATCGACCACCTATAC-2,GTGAGTCACACTCTGAGACTGACTGTCTGA,otherSampleName
AATCGTGAGCTGAGTG-2,GTCACACAGTCTGTCAGTGTCACTGACTCA,otherSampleName
AATCGTGAGTATCCTG-2,GTGACACTGTCACAGTGTGTGAGAGAGTCA,otherSampleName
AATCGTGCACACGGTC-2,GAGAGACTGACTCAGTGTGTCAGTGACACT,otherSampleName
AATGACCCACGCCACA-2,GTGTGTGTCTGTGTCACACACTGACTGACA,otherSampleName
AATGACCGTCGTTGGC-2,GTGAGTCACACTCTGAGACTGACTGTCTGA,otherSampleName
AATGGCTGTTTCCAAG-2,CTCACACAGTCTGTCAGTGTCACTGACTCA,otherSampleName
AATTCCTCACTTGAAC-2,CACAGTGTCTCTCTGACTGACACACTGACA,otherSampleName
ACAAGCTAGTTGGCGA-2,CTGACTCAGACTGAGAGTCTGAGTGTGAGA,otherSampleName
ACAAGCTCACAATTCG-2,CACTCACTGTCTGAGACAGTCTGAGTGACA,otherSampleName
ACAAGCTCACGAGGAT-2,GTCTCACAGACTCTCACAGAGACAGACTCT,otherSampleName
ACAAGCTTCGACGCGT-2,CAGAGAGTCAGACACTCAGTCAGACTGTGA,otherSampleName
ACACCAAAGCCAAGCA-2,CACACTCTCTCTCTCTCTGAGACAGTGACA,otherSampleName
ACACGCGAGAGTCCGA-2,CACTGAGTGTGTGACACAGTCTGTCTCACT,otherSampleName
ACACTGAGTCGCAACC-2,CACTCACTGTCTGAGACAGTCTGAGTGACA,otherSampleName
ACAGGGACATCCGAGC-2,CTCAGTGACTCAGACACAGACTCTGACAGA,otherSampleName
ACCCTCAGTAGTATAG-2,GTGAGTCACACTCTGAGACTGACTGTCTGA,otherSampleName
ACCTGAACACGCGGTT-2,GTCTCACTGTCACTGACAGTGACTCTGAGA,otherSampleName
ACGGGTCAGTGACACG-2,CACAGTCAGTGAGTGAGACACAGACTGACA,otherSampleName
ACGGTCGTCGCACGGT-2,GTGTCTGTCTCTCTGAGTCACTCACAGTCT,otherSampleName
ACGGTTAGTGATGGCA-2,GTGAGTCACACTCTGAGACTGACTGTCTGA,otherSampleName
ACGTAACTCTAAGGAA-2,CTGTGTCAGACTGAGTGACTCTGTGTGACT,otherSampleName
ACGTAGTAGCATGAAT-2,CAGTCACACACTCAGAGTCAGTGAGTCTCA,otherSampleName
ACTCCCACAGCTTTCC-2,CTCTCTGTGTGTGACAGTGTCTCACTCAGT,otherSampleName
ACTCCCACAGCTTTCC-2,CTCTCTGTGTGTGACAGTGTCTCACTCAGT,otherSampleName
ACTGTCCCATTGACAC-2,CTGTGTCAGACTGAGTGACTCTGTGTGACT,otherSampleName
ACTGTGAGTGATAGTA-2,CACAGACTGTGAGAGAGTCAGTGACACTCA,otherSampleName
ACTTAGGTCTTCGATT-2,GTGTCTGTCTCTCTGAGTCACTCACAGTCT,otherSampleName
ACTTCCGGTAACCAGG-2,CTGACTCTCTCTCAGTCTCTCTCACTGACA,otherSampleName
ACTTCGCGTTTGTTGG-2,GTGAGTCACACTCTGAGACTGACTGTCTGA,otherSampleName
ACTTTGTGTCATGCAT-2,GACAGACAGAGTCTCTCTCACTGACAGTCA,otherSampleName
AGAAATGGTGTTTCTT-2,GTGACTCTGACTGTGACTGTCTGTCTCAGT,otherSampleName
AGAAGCGAGTCTGCGC-2,CAGTCTCTCTCACACAGTCACTGTCAGTCA,otherSampleName
AGAAGTATCTCCGATC-2,GACACACTGTCTCTCAGTCAGACTGTCAGA,otherSampleName
AGACAAAGTTTGGGAG-2,GTCACACAGTCTGTCAGTGTCACTGACTCA,otherSampleName
AGACACTCAATAACGA-2,CACTCACTGTCTGAGACAGTCTGAGTGACA,otherSampleName
AGACAGGGTGCCGTTG-2,CACACTCTCTCTCTCTCTGAGACAGTGACA,otherSampleName
AGACCATGTGCATTAC-2,GTCTCACAGACTCTCACAGAGACAGACTCT,otherSampleName
AGACCATTCAGGCGAA-2,CTGACTCAGACTGAGAGTCTGAGTGTGAGA,otherSampleName
AGACCCGGTATCATGC-2,CACTCACTGTCTGAGACAGTCTGAGTGACA,otherSampleName
AGAGAATAGCGAGAAA-2,CTGACTCTCTCACTCAGACACTGAGTCTCT,otherSampleName
AGAGAATCAGTAGAGC-2,GTCTGTGACTCTCAGTCTGTGTCACAGAGT,otherSampleName
AGAGAGCCAGTGCCTG-2,GTGAGTCACACTCTGAGACTGACTGTCTGA,otherSampleName
AGAGCAGCAAGACTGG-2,CACACTCAGTGACACAGACACTGTCACAGA,otherSampleName
AGAGCAGTCACGGAGA-2,CTGAGACTCACTCAGTCACTGTCTGTCACT,otherSampleName
AGAGCAGTCACGGAGA-2,GTGAGTCACACTCTGAGACTGACTGTCTGA,otherSampleName
AGAGCCCCACTTTATC-2,CACACTCTCTCTCTCTCTGAGACAGTGACA,otherSampleName
AGATCGTCAAAGCACG-2,GTGAGTCACACTCTGAGACTGACTGTCAGA,otherSampleName
AGATCGTGTGATCATC-2,CTGACTCTCTCACTCAGACACTGAGTCTCT,otherSampleName
AGATCGTTCACTACGA-2,GACAGACAGAGTCTCTCTCACTGACAGTCA,otherSampleName
AGATGCTGTGCCTACG-2,GTGTCTGTCTCTCTGAGTCACTCACAGTCT,otherSampleName
AGCCAATTCAGAACCT-2,GTCACACAGTCTGTCAGTGTCACTGACTCA,otherSampleName
AGCCACGGTCGGAAAC-2,CTGTGTCAGACTGAGTGACTCTGTGTGACT,otherSampleName
AGCCAGCAGGCATTTC-2,CTGTGTGACTCACTCACTGTCTCAGACTGA,otherSampleName
AGCGCCACAATACCTG-2,CTGAGTCACACTCTGAGACTGACTGTCTGA,otherSampleName
AGCGCTGGTCTATGAC-2,CTGAGTCTCTCTCACAGACACTCACTGACT,otherSampleName
AGCTACATGTAACTGT-2,GACAGACAGAGTCTCTCTCACTGACAGTCA,otherSampleName
AGCTTCCAGTGGTTAA-2,CACTCACTGTCTGAGACAGTCTGAGTGACA,otherSampleName
AGCTTCCCAATGACCT-2,CTGACTCAGTGTCACTCACACTCTCTCTCT,otherSampleName
AGGAATACAGCATCTA-2,CACACTCTCTCTCTCTCTGAGACAGTGACA,otherSampleName
AGGACGAAGAGCTGAC-2,GTGAGTCACACTCTGAGACTGACTGTCTGA,otherSampleName
AGGACTTGTACTCCCT-2,CACTCACTGTCTGAGACAGTCTGAGTGACA,otherSampleName
AGGAGGTTCAGGCGAA-2,GTCACACAGTCTGTCAGTGTCACTGACTCA,otherSampleName
AGGCATTAGACACACG-2,GACAGACAGAGTCTCTCTCACTGACAGTCA,otherSampleName
AGGGCTCCAAGTGGTG-2,CACTCACTGTCTGAGACAGTCTGAGTGACA,otherSampleName
AGGGTCCAGCGAGTAC-2,GTCTGTCTGACTCTGTGTCACTCTCTCACA,otherSampleName
AGGGTCCCATGGTACT-2,CTGACTCTCTCTCAGTCTCTCTCACTGACA,otherSampleName
AGGGTTTCAAGACCTT-2,CACTCACTGTCTGAGACAGTCTGAGTGACA,otherSampleName
AGGTGTTAGCGTTGTT-2,CACTCACTGTCTGAGACAGTCTGAGTGACA,otherSampleName
AGGTTACGTCAGCGTC-2,GTCACACAGTCTGTCAGTGTCACTGACTCA,otherSampleName
AGTACCACATGCGTGC-2,GAGAGACTGACTCAGTGTGTCAGTGACACT,otherSampleName
AGTACTGAGAAGAGCA-2,GTGAGTCACACTCTGAGACTGACTGTCTGA,otherSampleName
AGTACTGTCTTAAGGC-2,GTGAGACTCACTGACACACTGTCTCACTGA,otherSampleName
AGTCAACGTGCAAGAC-2,CTGTCTCAGAGTGACTCAGTGTCAGTGAGT,otherSampleName
AGTCAACTCCCACAGG-2,CTCTCTGTGTGTGACAGTGTCTCACTCAGT,otherSampleName
AGTGACTAGTTGGACG-2,GTCACACAGTCTGTCAGTGTCACTGACTCA,otherSampleName
AGTGCCGCACTGCGTG-2,CTCTCTGACACACTCTCAGACTGACAGACA,otherSampleName
AGTGTTGAGTATGACA-2,GTCACACAGTCTGTCAGTGTCACTGACTCA,otherSampleName
AGTGTTGAGTATGACA-2,GTCACACAGTCTGTCAGTGTCACTGACTCA,otherSampleName
AGTTCCCAGCGCGTTC-2,CACAGAGTGAGTGACACAGTCTGTCTCACT,otherSampleName
ATACCGACACAGCGCT-2,GTCTCACAGACTCTCACAGAGACAGACTCT,otherSampleName
ATACCGACACCTGCGA-2,CTCAGTGACTCAGACACAGACTCTGACAGA,otherSampleName
ATAGAGAAGGTCACTT-2,GTGTGTGTCTGTGTCACACACTGACTGACA,otherSampleName
ATAGGCTCATGACTGT-2,GTCACACAGTCTGTCAGTGTCACTGACTCA,otherSampleName
ATCACTTTCTTCACGC-2,CACAGACTGTGAGAGAGTCAGTGACACTCA,otherSampleName
ATCCATTTCAAGCCCG-2,CTCTCACAGTCAGACTCACAGTCTCTGTCT,otherSampleName
ATCGATGCACTGTCGG-2,GTCTCACAGACTCTCACAGAGACAGACTCT,otherSampleName
ATCGCCTCAAGTATAG-2,GAGAGACTGACTCAGTGTGTCAGTGACACT,otherSampleName
ATCGTCCGTATATGGA-2,CAGTCTCTCTCACACAGTCACTGTCAGTCA,otherSampleName
ATCGTCCTCGGAACTT-2,GTCACAGACTCTGTCTGACAGTCTCACACT,otherSampleName
ATCTCTAAGCTAAATG-2,CACAGACTGTGAGAGAGTCAGTGACACTCA,otherSampleName
ATCTCTAAGCTAAATG-2,CACAGACTGTGAGAGAGTCAGTGACACTCA,otherSampleName
ATCTTCAGTGGCTTAT-2,GACTCTCTGTGACACTGACAGAGTCTCAGA,otherSampleName
ATGAGTCCACTGGAAG-2,GTGAGACTCACTGACACACTGTCTCACTGA,otherSampleName
ATGATCGTCAAGGAGC-2,GACAGACAGAGTCTCTCTCACTGACAGTCA,otherSampleName
ATGATCGTCTCCACTG-2,CACTGAGTGTGTGACACAGTCTGTCTCACT,otherSampleName
ATGCCTCTCCTAGCGG-2,CACTGACAGACTGACACTCACTCTGTCACT,otherSampleName
ATGCGATTCATCGCCT-2,GTCACTCACACACTCACACAGAGTCAGTCA,otherSampleName
ATGGATCAGCCTAGGA-2,CACTCACTGTCTGAGACAGTCTGAGTGACA,otherSampleName
ATTATCCCAGCGGTTC-2,GTGAGACTCACTGACACACTGTCTCACTGA,otherSampleName
ATTCATCCAAGACCTT-2,GTGACTCTGACTGTGACTGTCTGTCTCAGT,otherSampleName
ATTCATCCAAGACCTT-2,GTGACTCTGACTGTGACTGTCTGTCTCAGT,otherSampleName
ATTCGTTCATGACTGT-2,GTCACACAGTCTGTCAGTGTCACTGACTCA,otherSampleName
ATTCGTTGTATCAGGG-2,CACTCACTGTCTGAGACAGTCTGAGTGACA,otherSampleName
ATTCTTGCAAAGACGC-2,GTGAGTCACACTCTGAGACTGACTGTCTGA,otherSampleName
ATTGTTCTCGACCCAG-2,CTGACTCTCTCACTCAGACACTGAGTCTCT,otherSampleName
ATTTCACGTGTTCGTA-2,GTGTGAGTCAGTGAGACTCAGTGACTGTGA,otherSampleName
ATTTCTGTCTAGCATG-2,CAGTCTCTCACTCTGACACAGTCACTCTCT,otherSampleName
CAACGATAGTAACAGT-2,CTCTGACAGTGTCACAGACAGACAGAGACT,otherSampleName
CAACGATCAATCGCCG-2,CACACTCTCTCTCTCTCTGAGACAGTGACA,otherSampleName
CAAGAGGGTAGTACGG-2,CACTCACTGTCTGAGACAGTCTGAGTGACA,otherSampleName
CAAGCTATCTGAGAAA-2,CACAGACTGTGAGAGAGTCAGTGACACTCA,otherSampleName
CAATCGACATCATCCC-2,GTCTCACAGACTCTCACAGAGACAGACTCT,otherSampleName
CACAGATCATGAAGGC-2,CACTGAGTGTGTGACACAGTCTGTCTCACT,otherSampleName
CACAGATTCGATACTG-2,CTGACACAGAGTCAGACAGTGTGACTCAGT,otherSampleName
CACATGAGTCACGTGC-2,CAGTCTCTCTCACACAGTCACTGTCAGTCA,otherSampleName
CACCAAAGTGCAACAG-2,GTGAGTCACACTCTGAGACTGACTGTCTGA,otherSampleName
CACGAATCACCCTAGG-2,GTCTCACAGACTCTCACAGAGACAGACTCT,otherSampleName
CACGAATGTGAGAGGG-2,CTGTGTCAGACTGAGTGACTCTGTGTGACT,otherSampleName
CACGGGTCATCCCGTT-2,GTCTGTGTCTGTCACACTCACTCACTCTCT,otherSampleName
CACGTGGGTATACAGA-2,CACTCACTGTCTGAGACAGTCTGAGTGACA,otherSampleName
CACGTGGGTATACAGA-2,CACTCACTGTCTGAGACAGTCTGAGTGACA,otherSampleName
CACGTGGGTATACAGA-2,CACTCACTGTCTGAGACAGTCTGAGTGACA,otherSampleName
CACTGAAAGTCGCCAC-2,GTCTCACAGACTCTCACAGAGACAGACTCT,otherSampleName
CACTGAAGTGATCGTT-2,GTGTCTGTCTCTCTGAGTCACTCACAGTCT,otherSampleName
CACTGGGTCGCCAACG-2,GAGTCACTCTCACAGTCAGACTCTCACTGT,otherSampleName
CAGAGCCTCAGTCAGT-2,GTGAGTCACACAGACACTCTCTCTCACTGT,otherSampleName
CAGGCCAAGCATGTTC-2,CTCTGACAGTGTCACAGACAGACAGAGACT,otherSampleName
CAGGCCAAGGCATCAG-2,CACTGAGTGTGTGACACAGTCTGTCTCACT,otherSampleName
CAGTGCGCATTCATCT-2,GTGTCTGTCTCTCTGAGTCACTCACAGTCT,otherSampleName
CAGTGCGCATTCATCT-2,GTGTCTGTCTCTCTGAGTCACTCACAGTCT,otherSampleName
CAGTTCCGTCCATACA-2,CACTCACTGTCTGAGACAGTCTGAGTGACA,otherSampleName
CATACAGTCATGTCAG-2,CACAGACACTGACACAGTGTCTGAGAGTCT,otherSampleName
CATACCCAGTCGGGAT-2,CACTGAGTGTGTGACACAGTCTGTCTCACT,otherSampleName
CATACCCAGTCGGGAT-2,CACTGAGTGTGTGACACAGTCTGTCTCACT,otherSampleName
CATAGACGTAGCGCTC-2,CTGACAGTGAGTGACTCTCAGACTCTGTCA,otherSampleName
CATCAAGGTCGTAATC-2,GTGAGACTCACTGACACACTGTCTCACTGA,otherSampleName
CATCCACAGTCAGAGC-2,CTCTCACAGTCAGACTCACAGTCTCTGTCT,otherSampleName
CATCCACTCCGTGACG-2,GAGAGACTGACTCAGTGTGTCAGTGACACT,otherSampleName
CATGGATGTCCACACG-2,CACTCACTGTCTGAGACAGTCTGAGTGACA,otherSampleName
CATGGATGTTCCGGTG-2,CAGAGACTCAGAGAGAGTCTCTCTCACTGA,otherSampleName
CATGGTAAGGTAGACC-2,CACTGACTCTCACAGACACTCACTGTGAGT,otherSampleName
CATGGTACACGCGGTT-2,CAGTGTGAGACAGACAGACTCTGACACACT,otherSampleName
CATTCATAGGCGATAC-2,GTCACACAGTCTGTCAGTGTCACTGACTCA,otherSampleName
CATTCCGTCACGATCA-2,GTCACACAGTCTGTCAGTGTCACTGACTCA,otherSampleName
CATTGTTTCTTCTCAA-2,CACTCACTGTCTGAGACAGTCTGAGTGACA,otherSampleName
CATTTCAAGAGGGTCT-2,GTGAGTCACACTCTGAGACTGACTGTCTGA,otherSampleName
CATTTCATCGTCCTCA-2,GAGAGACTGACTCAGTGTGTCAGTGACACT,otherSampleName
CCAATTTAGAGATCGC-2,GTCTCACAGACTCTCACAGAGACAGACTCT,otherSampleName
CCATAAGAGGTCCGAA-2,CTCTCTGTGTGTGACAGTGTCTCACTCAGT,otherSampleName
CCCTAACCAGGTGTGA-2,CAGAGAGTCAGACACTCAGTCAGACTGTGA,otherSampleName
CCCTTAGTCTCCGATC-2,CTGACACAGAGTCAGACAGTGTGACTCAGT,otherSampleName
CCGAACGGTTGTTGCA-2,GTCACACAGTCTGTCAGTGTCACTGACTCA,otherSampleName
CCGATGGAGGCAGTCA-2,GTGAGACTCACTGACACACTGTCTCACTGA,otherSampleName
CCGGTAGAGATGACCG-2,GAGAGACTGACTCAGTGTGTCAGTGACACT,otherSampleName
CCGGTAGAGATGACCG-2,GTGAGACTCACTGACACACTGTCTCACTGA,otherSampleName
CCGTAGGGTACTGCCG-2,GAGAGTGACACACTGTCTGTGACAGTCTCT,otherSampleName
CCTAAGATCGCGTGAC-2,GTCTCACTGTCACTGACAGTGACTCTGAGA,otherSampleName
CCTACGTTCATACGGT-2,CTGACTCAGACTGAGAGTCTGAGTGTGAGA,otherSampleName
CCTCAACTCCGCCTAT-2,GTGTCTGTCTCTCTGAGTCACTCACAGTCT,otherSampleName
CCTCATGAGGTTCTTG-2,GTCACACAGTCTGTCAGTGTCACTGACTCA,otherSampleName
CCTCCAACAACCGTGC-2,CACTGAGTGTGTGACACAGTCTGTCTCACT,otherSampleName
CCTCTCCTCCCTCATG-2,CAGTCTGTCAGAGTCTGTCACTGTGTCTCT,otherSampleName
CGAGAAGTCCATCCGT-2,CACTCACTGTCTGAGACAGTCTGAGTGACA,otherSampleName
CGAGGCTGTACTAGCT-2,GTGTCTGTCTCTCTGAGTCACTCACAGTCT,otherSampleName
CGAGTGCTCTGCGAGC-2,GACAGACAGAGTCTCTCTCACTGACAGTCA,otherSampleName
CGATGGCAGCGTCAAG-2,GTCACACAGTCTGTCAGTGTCACTGACTCA,otherSampleName
CGATGGCAGCGTCAAG-2,GTCACACAGTCTGTCAGTGTCACTGACTCA,otherSampleName
CGCAGGTCAGATGCGA-2,CACTCACTGTCTGAGACAGTCTGAGTGACA,otherSampleName
CGCATGGTCTGCGATA-2,CAGTCTCTCTCACACAGTCACTGTCAGTCA,otherSampleName
CGCGTGAGTGAGACCA-2,GTCACACAGTCTGTCAGTGTCACTGACTCA,otherSampleName
CGGAATTTCATGAGTC-2,GTGAGACTCACTGACACACTGTCTCACTGA,otherSampleName
CGGACACGTAAGATCA-2,GTCTCACAGACTCTCACAGAGACAGACTCT,otherSampleName
CGGAGAACAGGCGATA-2,GTGAGTCACACTCTGAGACTGACTGTCTGA,otherSampleName
CGGAGAACAGGCGATA-2,GTGAGTCACACTCTGAGACTGACTGTCTGA,otherSampleName
CGGAGAACAGTAGAAT-2,GTCACACAGTCTGTCAGTGTCACTGACTCA,otherSampleName
CGGCAGTAGTCGAGGT-2,CACAGACTGTGAGAGAGTCAGTGACACTCA,otherSampleName
CGGGTGTCAACTGAAA-2,CAGTCTCTCTCACACAGTCACTGTCAGTCA,otherSampleName
CGTAAGTTCGATGCAT-2,CTGACACAGAGTCAGACAGTGTGACTCAGT,otherSampleName
CGTAGTATCCAGCACG-2,CTGTCAGTGTCTCTGACACTGTCAGTGTCA,otherSampleName
CGTCAAAGTGGCATCC-2,CACTGAGTGTGTGACACAGTCTGTCTCACT,otherSampleName
CGTGAATCATTGGGAG-2,CTGACTCTCTCACTCAGACACTGAGTCTCT,otherSampleName
CGTGATAAGGTTACCT-2,GACTGTGACAGTCTGACTCTCACACTGTCT,otherSampleName
CGTGTCTGTCGCTGCA-2,GTCTCACAGACTCTCACAGAGACAGACTCT,otherSampleName
CGTTAGATCAACCTCC-2,CTCAGTGACTCAGACACAGACTCTGACAGA,otherSampleName
CTAACCCTCTGCCTGT-2,CTGACACAGAGTCAGACAGTGTGACTCAGT,otherSampleName
CTACAGAAGGGCCTCT-2,CACACTCTCTCTCTCTCTGAGACAGTGACA,otherSampleName
CTAGACAGTGCTTATG-2,CAGTCACACACTCAGAGTCAGTGAGTCTCA,otherSampleName
CTAGGTACAAGGCAAC-2,CTGACTCTCTCACTCAGACACTGAGTCTCT,otherSampleName
CTATAGGGTCATGACT-2,GAGAGACTGACTCAGTGTGTCAGTGACACT,otherSampleName
CTATCCGCAAGGGCAT-2,GTGAGACTCACTGACACACTGTCTCACTGA,otherSampleName
CTATCCGTCTGTGCGG-2,GAGAGTCACACTCTGAGACTGACTGTCTGA,otherSampleName
CTATCTATCGCCGAGT-2,GTCACACAGTCTGTCAGTGTCACTGACTCA,otherSampleName
CTCAACCCAGCTGAAG-2,CAGTCACACACTCAGAGTCAGTGAGTCTCA,otherSampleName
CTCACTGAGTCACGAG-2,CAGTCTCTCTCACACAGTCACTGTCAGTCA,otherSampleName
CTCAGAAAGTCGGCCT-2,GAGACACTGACTCTGAGACAGTCACTCTGA,otherSampleName
CTCATCGCAGCGTTTA-2,CACTCACTGTCTGAGACAGTCTGAGTGACA,otherSampleName
CTCATGCAGCGTCTCG-2,CAGTCACACACTCAGAGTCAGTGAGTCTCA,otherSampleName
CTCATGCAGCGTCTCG-2,CAGTCACACACTCAGAGTCAGTGAGTCTCA,otherSampleName
CTCCACAGTAGTGGCA-2,CACTCACTGTCTGAGACAGTCTGAGTGACA,otherSampleName
CTCCATGAGCAGCACA-2,CAGTCACACACTCAGAGTCAGTGAGTCTCA,otherSampleName
CTCCCAACATCATGAC-2,CTCAGTCTCTCTCTGTGACACTGACAGACT,otherSampleName
CTCCCTCAGGCCCACT-2,CTGACACAGAGTCAGACAGTGTGACTCAGT,otherSampleName
CTCCCTCGTGGTTCTA-2,CTCTCACAGTCAGACTCACAGTCTCTGTCT,otherSampleName
CTCCGATGTCTAACGT-2,CACTGAGTGTGTGACACAGTCTGTCTCACT,otherSampleName
CTCCGATTCCATCCGT-2,GTCACACAGTCTGTCAGTGTCACTGACTCA,otherSampleName
CTCTCGACAATTGTGC-2,GTGAGTCACACTCTGAGACTGACTGTCTGA,otherSampleName
CTCTGGTCAAGCACCC-2,CAGTCTCTCTCACACAGTCACTGTCAGTCA,otherSampleName
CTGAATGAGGTAGCCA-2,GTCACACAGTCTGTCAGTGTCACTGACTCA,otherSampleName
CTGAATGGTCAGACGA-2,CACAGACTGTGAGAGAGTCAGTGACACTCA,otherSampleName
CTGAGCGCAATCGTCA-2,GTCACACAGTCTGTCAGTGTCACTGACTCA,otherSampleName
CTGAGGCAGGCCACCT-2,CAGTCTCTCTCACACAGTCACTGTCAGTCA,otherSampleName
CTGAGGCAGTAACGAT-2,CAGTCTGTCAGAGTCTGTCACTGTGTCTCT,otherSampleName
CTGCCATAGAGGGTGG-2,GTGAGTCACACTCTGAGACTGACTGTCTGA,otherSampleName
CTGCCATTCTCCGATC-2,CTGACTCTCTCACTCAGACACTGAGTCTCT,otherSampleName
CTGCTCATCTCTTAAC-2,GTCACACAGTCTGTCAGTGTCACTGACTCA,otherSampleName
CTGGTCTAGACATATG-2,CTGACTCAGACTGAGAGTCTGAGTGTGAGA,otherSampleName
CTGGTCTAGACATATG-2,CTGACTCAGACTGAGAGTCTGAGTGTGAGA,otherSampleName
CTGGTCTGTGTGCTTA-2,GTCACACAGTCTGTCAGTGTCACTGACTCA,otherSampleName
CTGTACCGTAGTCCTA-2,CTGACAGTGAGTGACTCTCAGACTCTGTCA,otherSampleName
CTGTAGAGTAGATCCT-2,CACACTCTCTCTCTCTCTGAGACAGTGACA,otherSampleName
CTGTAGAGTCCACTCT-2,CTGAGACTCACTCAGTCACTGTCTGTCACT,otherSampleName
CTGTATTCAAGGTCAG-2,CACTGAGTGTGTGACACAGTCTGTCTCACT,otherSampleName
CTGTCGTAGTTCCATG-2,CACTCACTGTCTGAGACAGTCTGAGTGACA,otherSampleName
CTGTGAAAGATACATG-2,CTGAGACTCACTCAGTCACTGTCTGTCACT,otherSampleName
CTGTGAAAGATACATG-2,CTGAGACTCACTCAGTCACTGTCTGTCACT,otherSampleName
CTGTGGGGTGTATTCG-2,GTCACACAGTCTGTCAGTGTCACTGACTCA,otherSampleName
CTTCCGAGTGATTCAC-2,CACACTCTCTCTCTCTCTGAGACAGTGACA,otherSampleName
CTTCCTTCAAGTTCCA-2,CTCTCACAGTCAGACTCACAGTCTCTGTCT,otherSampleName
CTTCCTTGTTGGACTT-2,GACTCTCTGTGACACTGACAGAGTCTCAGA,otherSampleName
CTTCCTTTCGCCTTGT-2,GACACTGACAGTCACACTCACAGTCACACT,otherSampleName
CTTGAGAAGAATAGTC-2,CAGAGACTCACTCAGTCACTGTCTGTCACT,otherSampleName
CTTGAGAAGGGTCTTT-2,CTCAGACTCACTCTGTCACACTCTGTCTGA,otherSampleName
CTTGAGAGTGTGGACA-2,GTGTCTGTCTCTCTGAGTCACTCACAGTCT,otherSampleName
CTTTCAAGTCCGGCAT-2,GTGAGTCACACTCTGAGACTGACTGTCTGA,otherSampleName
GAAACCTAGTTAACGA-2,CACTCACTGTCTGAGACAGTCTGAGTGACA,otherSampleName
GAAATGACAACCAATC-2,GTGAGTCACACAGACACTCTCTCTCACTGT,otherSampleName
GAAGCCCCAAAGCTCT-2,GTGAGTCACACAGACACTCTCTCTCACTGT,otherSampleName
GAAGCCCCACGAGGAT-2,CACTGACAGACTGACACTCACTCTGTCACT,otherSampleName
GAAGCGAAGGCCTGAA-2,GTGTCTGTCTCTCTGAGTCACTCACAGTCT,otherSampleName
GAAGGGGAGAACAGGA-2,CAGTCTGTCAGAGTCTGTCACTGTGTCTCT,otherSampleName
GAAGGGTTCTGCTCTG-2,CACTCACTGTCTGAGACAGTCTGAGTGACA,otherSampleName
GAAGTAAAGGGTATAT-2,GTGAGTCACACTCTGAGACTGACTGTCTGA,otherSampleName
GAATAGAAGTTTAGGA-2,GTCTCACAGACTCTCACAGAGACAGACTCT,otherSampleName
GAATAGATCACATCAG-2,CACTCACTGTCTGAGACAGTCTGAGTGACA,otherSampleName
GACACGCTCTATGTGG-2,CTGTGTCAGACTGAGTGACTCTGTGTGACT,otherSampleName
GACCCTTAGTGTTGAA-2,CACTCACTGTCTGAGACAGTCTGAGTGACA,otherSampleName
GACCGTGTCATCGACA-2,CACAGACTGTGAGAGAGTCAGTGACACTCA,otherSampleName
GACCTTCGTACGATGG-2,CACACTCTCTCTCTCTCTGAGACAGTGACA,otherSampleName
GACGCTGGTTGTCATG-2,CTGACACAGAGTCAGACAGTGTGACTCAGT,otherSampleName
GACGCTGGTTGTCATG-2,CTGACTCAGACTGAGAGTCTGAGTGTGAGA,otherSampleName
GACTTCCGTCACTTAG-2,CACTCACTGTCTGAGACAGTCTGAGTGACA,otherSampleName
GAGACCCAGGTAAGGA-2,GTCTCACAGACTCTCACAGAGACAGACTCT,otherSampleName
GAGACCCTCCGTAGTA-2,GAGAGACTGACTCAGTGTGTCAGTGACACT,otherSampleName
GAGACTTGTGAGAGGG-2,CTGACAGACTCTGTGTCTCAGACTGACAGA,otherSampleName
GAGAGGTAGTACTGTC-2,CAGTCACACACTCAGAGTCAGTGAGTCTCA,otherSampleName
GAGCCTGTCATCACCC-2,CACTGAGTGTGTGACACAGTCTGTCTCACT,otherSampleName
GAGGCAACAGAGATGC-2,CTGACTCTCTCTCAGTCTCTCTCACTGACA,otherSampleName
GAGGGTAAGCGCCTCA-2,GTGAGTCACACTCTGAGACTGACTGTCTGA,otherSampleName
GAGTGAGGTAATCAAG-2,CTGTGTGACTCACTCACTGTCTCAGACTGA,otherSampleName
GAGTTGTAGGATCACG-2,CACTCACTGTCTGAGACAGTCTGAGTGACA,otherSampleName
GATCATGAGTCTGGAG-2,CTGACTCAGACTGAGAGTCTGAGTGTGAGA,otherSampleName
GATGAGGAGTCCCTAA-2,CTCTGACTCTGACACTGTGACAGTCAGTCT,otherSampleName
GATGTTGTCGTGGAAG-2,CTGACAGTGAGTGACTCTCAGACTCTGTCA,otherSampleName
GATTGGTCACGGCCAT-2,CACTCACTGTCTGAGACAGTCTGAGTGACA,otherSampleName
GATTGGTTCACGAGGA-2,CAGTGAGAGTCAGAGTCTGACTCTGTGAGA,otherSampleName
GCACTAATCAATCCAG-2,CTGTGTCAGACTGAGTGACTCTGTGTGACT,otherSampleName
GCACTAATCAATCCAG-2,CTGTGTCAGACTGAGTGACTCTGTGTGACT,otherSampleName
GCAGCTGGTTACGTAC-2,CTGTGACACAGTCACACACAGTGACACACT,otherSampleName
GCATCTCAGATTGTGA-2,CACTCACTGTCTGAGACAGTCTGAGTGACA,otherSampleName
GCATGATTCATCGTAG-2,CAGAGAGTCAGACACTCAGTCAGACTGTGA,otherSampleName
GCATTAGCATTCTCTA-2,GTGAGTCACACTCTGAGACTGACTGTCTGA,otherSampleName
GCCAGGTAGTTGTCAC-2,CACACTCAGTGACACAGACACTGTCACAGA,otherSampleName
GCCAGGTCACAGCCTG-2,GTGAGTCACACTCTGAGACTGACTGTCTGA,otherSampleName
GCCAGGTCAGGCACAA-2,GTGAGTCACACTCTGAGACTGACTGTCTGA,otherSampleName
GCCAGGTTCATTCTTG-2,CACAGACACTGACACAGTGTCTGAGAGTCT,otherSampleName
GCCATGGCAGATGCGA-2,GTGAGACTCACTGACACACTGTCTCACTGA,otherSampleName
GCCCGAAAGATACTGA-2,GTGTGTGTCTGTGTCACACACTGACTGACA,otherSampleName
GCCCGAACAATTCTTC-2,GTCACACAGTCTGTCAGTGTCACTGACTCA,otherSampleName
GCCCGAATCGATTGGT-2,CTGACTCTCTCTCAGTCTCTCTCACTGACA,otherSampleName
GCCGATGTCGGTATGT-2,CACTCACTGTCTGAGACAGTCTGAGTGACA,otherSampleName
GCCGTGAGTTGATCGT-2,GAGAGACTGACTCAGTGTGTCAGTGACACT,otherSampleName
GCCGTGATCGTGGGAA-2,CTGTGTCAGACTGAGTGACTCTGTGTGACT,otherSampleName
GCGAGAACACTGCACG-2,GTGAGTCACACAGACACTCTCTCTCACTGT,otherSampleName
GCGATCGCAGAAGCGT-2,CACTCACTGTCTGAGACAGTCTGAGTGACA,otherSampleName
GCGGATCTCACTGATG-2,GTCTCACAGACTCTCACAGAGACAGACTCT,otherSampleName
GCGGATCTCACTGATG-2,GTCTCACAGACTCTCACAGAGACAGACTCT,otherSampleName
GCGTTTCTCGAGCTGC-2,GTCACACAGTCTGTCAGTGTCACTGACTCA,otherSampleName
GCGTTTCTCGAGCTGC-2,GTCACACAGTCTGTCAGTGTCACTGACTCA,otherSampleName
GCTACAACATAGATCC-2,GTCACACAGTCTGTCAGTGTCACTGACTCA,otherSampleName
GCTACAACATAGATCC-2,GTCACACAGTCTGTCAGTGTCACTGACTCA,otherSampleName
GCTGCAGAGACTCCGC-2,GACACACTCTCTCACTGACTCAGTGTGTCA,otherSampleName
GCTGGGTTCCGACGGT-2,CAGAGAGTCAGACACTCAGTCAGACTGTGA,otherSampleName
GCTTCACGTTCTCAGA-2,GTCTCACAGACTCTCACAGAGACAGACTCT,otherSampleName
GCTTGGGAGAGGTCGT-2,CAGTGACACACTCACACACTCTCTCTGACT,otherSampleName
GGAAGTGAGAGTCTGG-2,GTGACTCTGACTGTGACTGTCTGTCTCAGT,otherSampleName
GGAAGTGCAATCGCCG-2,GTGTCTGTCTCTCTGAGTCACTCACAGTCT,otherSampleName
GGAAGTGTCGCTTACC-2,GTGAGTCACACTCTGAGACTGACTGTCTGA,otherSampleName
GGAATGGGTCGTTATG-2,CACTCACACTCTCACACTCTCTGAGACTCT,otherSampleName
GGAGGATGTTCCTAGA-2,CACTCACTGTCTGAGACAGTCTGAGTGACA,otherSampleName
GGAGGATTCGGACAAG-2,GTCTCACAGACTCTCACAGAGACAGACTCT,otherSampleName
GGAGGTAGTATCTCGA-2,CACTCACTGTCTGAGACAGTCTGAGTGACA,otherSampleName
GGATCTAGTATCGAAA-2,GTCTCACAGACTCTCACAGAGACAGACTCT,otherSampleName
GGATCTAGTATTAAGG-2,CTCAGTGACTCAGACACAGACTCTGACAGA,otherSampleName
GGATCTAGTGGCCCAT-2,GTGTCTGTCTCTCTGAGTCACTCACAGTCT,otherSampleName
GGATCTATCTTCCTAA-2,GTGAGTCACACTCTGAGACTGACTGTCTGA,otherSampleName
GGATGTTGTACGTGAG-2,CACTCACTGTCTGAGACAGTCTGAGTGACA,otherSampleName
GGCACGTCATGACAGG-2,CACTGAGTGTGTGACACAGTCTGTCTCACT,otherSampleName
GGGACAATCGAACCTA-2,GTGAGTCACACTCTGAGACTGACTGTCTGA,otherSampleName
GGGAGTAAGCTACAAA-2,CACTCACTGTCTGAGACAGTCTGAGTGACA,otherSampleName
GGGAGTATCCACATAG-2,CTGAGTCTCTCTCACAGACACTCACTGACT,otherSampleName
GGGATCCAGCTCCACG-2,CAGTCAGTGACTGTCTCACACTGACTGTGA,otherSampleName
GGGCCATCACAGTCAT-2,CTCTCACAGTCAGACTCACAGTCTCTGTCT,otherSampleName
GGGCGTTCATTAAAGG-2,GAGAGACTGACTCAGTGTGTCAGTGACACT,otherSampleName
GGGTAGATCATGCCGG-2,GTGAGTCACACTCTGAGACTGACTGTCTGA,otherSampleName
GGGTTATAGCTTAGTC-2,CACTCACTGTCTGAGACAGTCTGAGTGACA,otherSampleName
GGGTTTATCCCGTTCA-2,GTGACACAGTCTGTCAGTGTCACTGACTCA,otherSampleName
GGTCTGGAGCACGATG-2,CTGACTCTCTCACTCAGACACTGAGTCTCT,otherSampleName
GGTCTGGGTAATTGGA-2,GTGAGTCACACTCTGAGACTGACTGTCTGA,otherSampleName
GGTCTGGGTATAATGG-2,CTCTCTGACACACTCTCAGACTGACAGACA,otherSampleName
GGTGAAGGTCTCTCAC-2,CTCAGTCTCTCTCTGTGACACTGACAGACT,otherSampleName
GGTGTCGAGTAACGAT-2,CAGAGAGTCAGACACTCAGTCAGACTGAGA,otherSampleName
GGTTAACTCAGAGTGG-2,CTGTGTCAGACTGAGTGACTCTGTGTGACT,otherSampleName
GGTTCTCTCCCGGTAG-2,GTGAGTCACACTCTGAGACTGACAGTCTGA,otherSampleName
GGTTGTACAAGGTCGA-2,CACACTCTCTCTCTCTCTGAGACAGTGACA,otherSampleName
GTAGAAACATTGGGAG-2,CACTCACTGTCTGAGACAGTCTGAGTGACA,otherSampleName
GTAGAGGTCGCTGTTC-2,CACTGAGTGTGTGACACAGTCTGTCTCACT,otherSampleName
GTAGATCTCTCTGACC-2,GTCTCACAGACTCTCACAGAGACAGACTCT,otherSampleName
GTAGCTAGTAATGCGG-2,CTCTCTGACACACTCTCAGACTGACAGACA,otherSampleName
GTAGGTTTCCAATCCC-2,CACTCACTGTCTGAGACAGTCTGAGTGACA,otherSampleName
GTAGTACCAGGTTTAC-2,CACTCACTGTCTGAGACAGTCTGAGTGACA,otherSampleName
GTATTGGAGACTTCCA-2,GTGAGTCACACTCTGAGACTGACTGTCTGA,otherSampleName
GTATTGGCATACACCA-2,CTGAGACTCACTCAGTCACTGTCTGTCACT,otherSampleName
GTATTTCAGCCGGATA-2,GTCACACAGTCTGTCAGTGTCACTGACTCA,otherSampleName
GTCAAACGTATAATGG-2,GTGTCTGTCTCTCTGAGTCACTCACAGTCT,otherSampleName
GTCAAGTGTCCAGTTA-2,GTGAGTCACACTCTGAGACTGACTGTCTGA,otherSampleName
GTCAGCGAGGTTTACC-2,CAGAGAGTCAGACACTCAGTCAGACTGTGA,otherSampleName
GTCCACTCAATTCACG-2,CACTCACTGTCTGAGACAGTCTGAGTGACA,otherSampleName
GTCCACTGTAGCTCGC-2,CTCAGACTCACTCTGTCACACTCTGTCTGA,otherSampleName
GTCCTCAGTGATACTC-2,GTGAGACTCACTGACACACTGTCTCACTGA,otherSampleName
GTCGCGAGTGACTGTT-2,CAGTCACACACTCAGAGTCAGTGAGTCTCA,otherSampleName
GTCGTAAAGGCACTCC-2,GACAGACAGAGTCTCTCTCACTGACAGTCA,otherSampleName
GTCGTAAAGGCACTCC-2,GACAGACAGAGTCTCTCTCACTGACAGTCA,otherSampleName
GTCTACCCAGCTATAC-2,GTCTCACAGACTCTCACAGAGACAGACTCT,otherSampleName
GTCTCACTCGGTCTGG-2,CTCTCACAGTCAGACTCACAGTCTCTGTCT,otherSampleName
GTCTGTCTCTTGGAAC-2,CACTCACTGTCTGAGACAGTCTGAGTGACA,otherSampleName
GTCTTTAAGCACTCTA-2,GTGAGTCACACTCTGAGACTGACTGTCTGA,otherSampleName
GTGAGCCTCCGTCAAA-2,CAGTGAGAGTCAGAGTCTGACTCTGTGAGA,otherSampleName
GTGATGTCACGGTGAA-2,GTGAGTCACACTCTGAGACTGACTGTCTGA,otherSampleName
GTGCACGCAGTATTCG-2,GAGAGACTGACTCAGTGTGTCAGTGACACT,otherSampleName
GTGCGTGTCCAGGACC-2,GTGTGTGTCTGTGTCACACACTGACTGACA,otherSampleName
GTGCTTCCAGTATACC-2,CACTCACTGTCTGAGACAGTCTGAGTGACA,otherSampleName
GTGCTTCTCTTGGTCC-2,CTGTGACACAGTCACACACAGTGACACACT,otherSampleName
GTGGGAAAGATCGACG-2,GTCACAGACTCTGTCTGACAGTCTCACACT,otherSampleName
GTGTGGCTCAAACCCA-2,GTGAGTCACACTCTGAGACTGACTGTCTGA,otherSampleName
GTGTGGCTCGCCTATC-2,GTCTCACAGACTCTCACAGAGACAGACTCT,otherSampleName
GTTACCCCAAGACTGG-2,CACACTCTCTCTCTCTCTGAGACAGTGACA,otherSampleName
GTTAGACGTAACACGG-2,GTCACACAGTCTGTCAGTGTCACTGACTCA,otherSampleName
GTTAGTGAGCTGACAG-2,CACTCACTGTCTGAGACAGTCTGAGTGACA,otherSampleName
GTTATGGTCAGCCTCT-2,CAGTCTCTCTCACACAGTCACTGTCAGTCA,otherSampleName
GTTGTCCAGCAAATGT-2,CACTCACTGTCTGAGACAGTCTGAGTGACA,otherSampleName
GTTTGGAAGACTCGAG-2,CTCACTGTCAGTGTGTGTCTCAGTGTCTGT,otherSampleName
TAACGACAGCATGCGA-2,CACACTCTCTCTCTCTCTGAGACAGTGACA,otherSampleName
TAACGACGTCGCGGTT-2,GTGAGTCACACTCTGAGACTGACTGTCTGA,otherSampleName
TAAGCACAGACATCCT-2,GTCACACAGTCTGTCAGTGTCACTGACTCA,otherSampleName
TACAACGAGGCGTTAG-2,CTGTGTGACTCACTCACTGTCTCAGACTGA,otherSampleName
TACAGGTAGTGCAGCA-2,CACACTCTCTCTCTCTCTGAGACAGTGACA,otherSampleName
TACATTCAGTTCATCG-2,GTCACACAGTCTGTCAGTGTCACTGACTCA,otherSampleName
TACCTGCAGGTTCCAT-2,GTCACACAGTCTGTCAGTGTCACTGACTCA,otherSampleName
TACGCTCAGACGCATG-2,GTCACACAGTCTGTCAGTGTCACTGACTCA,otherSampleName
TAGGGTTAGCGCTTCG-2,CAGTCACACACTCAGAGTCAGTGAGTCTCA,otherSampleName
TAGGGTTGTGCTTCAA-2,GTCACACAGTCTGTCAGTGTCACTGACTCA,otherSampleName
TAGGGTTTCGGTCATA-2,GACAGACAGAGTCTCTCTCACTGACAGTCA,otherSampleName
TAGGTTGCAATCTCTT-2,GTGTCTGTCTCTCTGAGTCACTCACAGTCT,otherSampleName
TCACAAGAGGCTCTCG-2,GTCACACAGTCTGTCAGTGTCACTGACTCA,otherSampleName
TCACATTTCCGCCTAT-2,CTCAGTGACTCAGACACAGACTCTGACAGA,otherSampleName
TCACGCTCATACCACA-2,GTCTCACAGACTCTCACAGAGACAGACTCT,otherSampleName
TCACTATAGGTCCCTG-2,CTGTCTCACTCTCAGACACTGACTCAGAGA,otherSampleName
TCACTATCATCATTTC-2,GTGAGTCACACTCTGAGACTGACTGTCTGA,otherSampleName
TCACTCGAGACAACAT-2,GTGTCTGTCTCTCTGAGTCACTCACAGTCT,otherSampleName
TCAGGGCCAACCAACT-2,CACTCACTGTCTGAGACAGTCTGAGTGACA,otherSampleName
TCAGTCCCATGTCGTA-2,GTGAGTCACACTCTGAGACTGACTGTCTGA,otherSampleName
TCAGTTTAGACCTGGA-2,GACAGACAGAGTCTCTCTCACTGACAGTCA,otherSampleName
TCATACTGTTATCCAG-2,GTGAGTCACACTCTGAGACTGACTGTCTGA,otherSampleName
TCATACTTCTCAAAGC-2,GTGAGTCACACTCTGAGACTGACTGTCTGA,otherSampleName
TCATCATCATGGCGCT-2,CTGACACAGAGTCAGACAGTGTGACTCAGT,otherSampleName
TCATCATGTCGAACGA-2,GTGAGTCACACTCTGAGACTGACTGTCTGA,otherSampleName
TCATGCCCAAGGTCTT-2,CTGTGTGACTCACTCACTGTCTCAGACTGA,otherSampleName
TCATGCCTCAGGAGAC-2,GTGAGTCACACTCTGAGACTGACTGTCTGA,otherSampleName
TCATGGATCGACCACG-2,CAGTGAGAGTCAGAGTCTGACTCTGTGAGA,otherSampleName
TCATGTTGTGATCATC-2,GTGTCTGTCTCTCTGAGTCACTCACAGTCT,otherSampleName
TCATTACCATCCAACA-2,GACTCTCTGTGACACTGACAGAGTCTCAGA,otherSampleName
TCATTCAAGACTGAGC-2,CACAGACACTGACACAGTGTCTGAGAGTCT,otherSampleName
TCATTGTGTCTACACA-2,CACTCACTGTCTGAGACAGTCTGAGTGACA,otherSampleName
TCATTGTGTCTACACA-2,CACTCACTGTCTGAGACAGTCTGAGTGACA,otherSampleName
TCCAGAAAGGACTAAT-2,GTCTCACAGACTCTCACAGAGACAGACTCT,otherSampleName
TCCATCGAGACCATGG-2,CACAGACACTGACACAGTGTCTGAGAGTCT,otherSampleName
TCCATGCTCACCTGGG-2,GTCACACAGTCTGTCAGTGTCACTGACTCA,otherSampleName
TCCCATGGTCTGGTTA-2,CTGAGACTCACTCAGTCACTGTCTGTCACT,otherSampleName
TCCGGGACACACCTGG-2,GACAGACAGAGTCTCTCTCACTGACAGTCA,otherSampleName
TCCGTGTCATCCCACT-2,CACAGACACTGACACAGTGTCTGAGAGTCT,otherSampleName
TCCTTCTAGGGACAGG-2,CAGTCTCTCTCACACAGTCACTGTCAGTCA,otherSampleName
TCGAACAGTCCAGCAC-2,CAGAGACTGACACACACTGTCACTGTCAGT,otherSampleName
TCGACGGCATCGTCCT-2,GTGAGTCACACTCTGAGACTGACTGTCTGA,otherSampleName
TCGGATATCTTACCAT-2,CTCAGTGACTCAGACACAGACTCTGACAGA,otherSampleName
TCGGGCAGTAACGATA-2,CACTCACTGTCTGAGACAGTCTGAGTGACA,otherSampleName
TCTAACTCAAGTCATC-2,CAGAGAGTCAGACACTCAGTCAGACTGTGA,otherSampleName
TCTACATCAGCCTATA-2,GTCACACAGTCTGTCAGTGTCACTGACTCA,otherSampleName
TCTCACGCAACAAGTA-2,GTGAGTCACACTCTGAGACTGACTGTCTGA,otherSampleName
TCTCAGCTCTCGACCT-2,GTGAGTCACACAGACACTCTCTCTCACTGT,otherSampleName
TCTCCGAAGTGGTTAA-2,CTGACTCTCTCTCAGTCTCTCTCACTGACA,otherSampleName
TCTCTGGGTTGACGGA-2,CAGTCTCTCTCACACAGTCACTGTCAGTCA,otherSampleName
TCTGCCACAAATCGTC-2,CACTGAGTGTGTGACACAGTCTGTCTCACT,otherSampleName
TCTGGCTGTTCGGCTG-2,GTGAGACTCACTGACACACTGTCTCACTGA,otherSampleName
TCTGTCGAGAGTTGAT-2,CAGAGAGTCAGACACTCAGTCAGACTGTGA,otherSampleName
TCTGTCGAGAGTTGAT-2,CAGAGAGTCAGACACTCAGTCAGACTGTGA,otherSampleName
TCTTCCTCAGCCGTTG-2,GTCTCACAGACTCTCACAGAGACAGACTCT,otherSampleName
TCTTCCTGTCGGAACA-2,GAGTGTGTCTGTGTCACACACTGACTGACA,otherSampleName
TCTTGCATCTACCACC-2,CTGACTCAGACTGAGAGTCTGAGTGTGAGA,otherSampleName
TCTTTGAGTGTCTTCC-2,CAGTCTCTCTCACACAGTCACTGTCAGTCA,otherSampleName
TCTTTGATCTCGACGG-2,CAGTCTCTCTCACACAGTCACTGTCAGTCA,otherSampleName
TGAATGCGTACAGAGC-2,CACTGAGTGTGTGACACAGTCTGTCTCACT,otherSampleName
TGACAGTGTCCACAGC-2,CACAGACTGTGAGAGAGTCAGTGACACTCA,otherSampleName
TGACCCTCAGAAGTTA-2,GTGAGTCACACTCTGAGACTGACTGTCTGA,otherSampleName
TGACGCGTCATTCATC-2,CTGACTCAGTGTCACTCACACTCTCTCTCT,otherSampleName
TGACGCGTCATTCATC-2,CTGACTCAGTGTCACTCACACTCTCTCTCT,otherSampleName
TGAGCATCATCGCCTT-2,CTGAGTCTCTCTCACAGACACTCACTGACT,otherSampleName
TGAGCGCCATCTTAGG-2,GTGAGTCACACTCTGAGACTGACTGTCTGA,otherSampleName
TGAGCGCCATGGAATA-2,GTGTCTGTCTCTCTGAGTCACTCACAGTCT,otherSampleName
TGAGGGAAGCAATAGT-2,CACTCACTGTCTGAGACAGTCTGAGTGACA,otherSampleName
TGATGCACAGTTGTCA-2,GACAGACAGAGTCTCTCTCACTGACAGTCA,otherSampleName
TGATGGTAGGTCACCC-2,GTGAGTCACACTCTGAGACTGACTGTCTGA,otherSampleName
TGATGGTTCGAAATCC-2,GACAGACAGAGTCTCTCTCACTGACAGTCA,otherSampleName
TGATTCTGTTGAGAGC-2,CAGAGACTGACACACACTGTCACTGTCAGT,otherSampleName
TGCAGGCGTGCTTATG-2,CTCACTGTCACTGTCTGTCTGACTCAGTGT,otherSampleName
TGCAGTAAGTCTGGAG-2,CAGAGAGTCAGACACTCAGTCAGACTGTGA,otherSampleName
TGCGACGGTGGCATCC-2,GTGAGACTCACTGACACACTGTCTCACTGA,otherSampleName
TGCGGCAAGAAGGCTC-2,GTGTCTGTCTCTCTGAGTCACTCACAGTCT,otherSampleName
TGCGGCAAGAAGGCTC-2,GTGTCTGTCTCTCTGAGTCACTCACAGTCT,otherSampleName
TGCGGCATCCTGTACC-2,CACACTCTCTCTCTCTCTGAGACAGTGACA,otherSampleName
TGCGGGTCAGTAGGAC-2,CAGAGAGTCAGACACTCAGTCAGACTGTGA,otherSampleName
TGCGGGTTCTAGTTCT-2,GTCTGTCTGACTCTGTGTCACTCTCTCACA,otherSampleName
TGGAACTAGGTACATA-2,CTGTGTCAGACTGAGTGACTCTGTGTGACT,otherSampleName
TGGCGTGCAGGCATTT-2,GTGTCTGTCTCTCTGAGTCACTCACAGTCT,otherSampleName
TGGCGTGGTTCCGCGA-2,CTCTCACAGTCAGACTCACAGTCTCTGTCT,otherSampleName
TGGGAGACACTTCATT-2,GTCTCACAGACTCTCACAGAGACAGACTCT,otherSampleName
TGGTACATCCAACTGA-2,CTCAGTGACTCAGACACAGACTCTGACAGA,otherSampleName
TGTAACGGTCTCCCTA-2,GACACTCAGTGTGTCAGTCTGTGAGTGACT,otherSampleName
TGTAACGTCACATACG-2,GTGAGTCACACTCTGAGACTGACTGTCTGA,otherSampleName
TGTACAGGTCGGCTAC-2,GAGACACTGACTCTGAGACAGTCACTCTGT,otherSampleName
TGTACAGTCTGACAGT-2,CACTCACTGTCTGAGACAGTCTGAGTGACA,otherSampleName
TGTCAGAAGCTAGATA-2,CTGTGTCAGACTGAGTGACTCTGTGTGACT,otherSampleName
TGTCAGAAGGATACAT-2,GTCTCACAGACTCTCACAGAGACAGACTCT,otherSampleName
TGTCAGAGTGTATTGC-2,CACTCACTGTCTGAGACAGTCTGAGTGACA,otherSampleName
TGTCCACAGCTTTCTT-2,CACTGAGTGTGTGACACAGTCTGTCTCACT,otherSampleName
TGTTCATCACAGAAGC-2,GAGACACTCAGACACACACTCTGACTGACA,otherSampleName
TGTTCATTCACGACTA-2,CAGTCTGTCAGAGTCTGTCACTGTGTCTCT,otherSampleName
TGTTCTAGTGCATCTA-2,CACTCACTGTCTGAGACAGTCTGAGTGACA,otherSampleName
TGTTGGAGTTAAAGTG-2,CAGTCTCTCTCACACAGTCACTGTCAGTCA,otherSampleName
TGTTTGTGTATTGGCT-2,GTCACACAGTCTGTCAGTGTCACTGACTCA,otherSampleName
TTACCATAGCGGTAAC-2,GTGAGACTCACTGACACACTGTCTCACTGA,otherSampleName
TTACCATAGGACAACC-2,CAGTCACACACTCAGAGTCAGTGAGTCTCA,otherSampleName
TTACCATCAACACTAC-2,CACAGACTGTGAGAGAGTCAGTGACACTCA,otherSampleName
TTAGGGTTCGGCTGTG-2,CAGTCTGTCAGAGTCTGTCACTGTGTCTCT,otherSampleName
TTCATTGCAGGATTCT-2,CTGTGACAGTGTCTGAGTCACAGTCAGACT,otherSampleName
TTCCGGTAGATCACCT-2,CTCTCACAGTCAGACTCACAGTCTCTGTCT,otherSampleName
TTCCGGTAGTTTCTTC-2,CTCAGACTCACTCTGTCACACTCTGTCTGA,otherSampleName
TTCGCTGTCCTGGTCT-2,GAGAGACTGACTCAGTGTGTCAGTGACACT,otherSampleName
TTCGCTGTCCTGGTCT-2,GAGAGACTGACTCAGTGTGTCAGTGACACT,otherSampleName
TTCTAACGTACGGATG-2,GAGAGACTGACTCAGTGTGTCAGTGACACT,otherSampleName
TTCTGTAGTCGCCACA-2,GTCACAGACTCTGTCTGACAGTCTCACACT,otherSampleName
TTCTTGAAGTCGCCAC-2,GTCACACAGTCTGTCAGTGTCACTGACTCA,otherSampleName
TTGAGTGTCAGCACCG-2,CTGTGACACAGTCACACACAGTGACACACT,otherSampleName
TTGCATTTCTCGGTCT-2,GTCACACAGTCTGTCAGTGTCACTGACTCA,otherSampleName
TTGCGTCTCCACTTCG-2,GTCACACAGTCTGTCAGTGTCACTGACTCA,otherSampleName
TTGGATGTCATGAGTC-2,GTCACACAGTCTGTCAGTGTCACTGACTCA,otherSampleName
TTGGATGTCCGAACGC-2,GTCACACAGTCTGTCAGTGTCACTGACTCA,otherSampleName
TTGGGATTCGAGAAAT-2,GACTGTGACAGTCTGACTCTCACACTGTCT,otherSampleName
TTGGGCGCAAGCACCC-2,CTGAGACTCACTCAGTCACTGTCTGTCACT,otherSampleName
TTGTTGTAGAGCAGAA-2,CACTCTCTCTCTCTCTCTGAGACAGTGACA,otherSampleName
TTGTTGTGTACTGAGG-2,CTCTCTGACACACTCTCAGACTGACAGACA,otherSampleName
TTGTTGTGTCGTAATC-2,CTCTCTGTGTGTGACAGTGTCTCACTCAGT,otherSampleName
TTTACCAAGAGGACTC-2,GAGAGACTGACTCAGTGTGTCAGTGACACT,otherSampleName
TTTACCACAACCGGAA-2,CAGTCTCTCTCACACAGTCACTGTCAGTCA,otherSampleName
TTTATGCTCAAGGAGC-2,CTCTGACAGTGTCACAGACAGACAGAGACT,otherSampleName
TTTCACAGTTTGTTCT-2,CTCTGACAGTGTCACAGACAGACAGAGACT,otherSampleName
TTTCAGTAGAAGGTAG-2,GAGAGACTGACTCAGTGTGTCAGTGACACT,otherSampleName
TTTCAGTAGAAGGTAG-2,GAGAGACTGACTCAGTGTGTCAGTGACACT,otherSampleName
TTTGACTGTCGAATGG-2,CACTCACTGTCTGAGACAGTCTGAGTGACA,otherSampleName
TTTGTTGCATGGCCCA-2,CACTCACTGTCTGAGACAGTCTGAGTGACA,otherSampleName
