,cellID,barcode,sample,nUMI,label
6,AGATCGTAGCACTCCG,ATACATCGAGTACCTCTTGTAGAACATGATCCACCTCCAGCTCCAGCAGG,1,10,Singlet
12,AGGCTGCTCTTTCCGG,ATAGGAGTAGTTGGTGATGGTCTACCAGAAGGTGAAGGTGGAGAAGTTGG,1,13,Singlet
13,AGGCTGCTCTTTCCGG,ATTGAACGTGGAGTTGAACTTGTACTACGAGTACGTCTAGAACATGAACC,1,2,Singlet
14,AGTGATCGTGACTGAG,ATTGGTGCAGTTCAAGTAGGAGCAGAACCTCGAGTTCGTCTACATCAAGG,1,3,Singlet
42,CCTAAGACACTCCTTG,AGCATGCCCGCCAGCGCTACTCCGCACCTGCCACCCTCAGCTCTCGGGCC,1,3,Singlet
43,CCTAAGACACTCCTTG,ATACTAGCTCAAGCAGTACTACTACTTCGTCTTCATGCAGAACAACATGG,1,3,Singlet
44,CCTAAGACACTCCTTG,ATACTTCCAGCAGAACTTGTAGCACTTGCTGTACTAGTTCATGATCGTCC,1,2,Singlet
45,CCTAAGACACTCCTTG,ATACTTGAAGTAGCACCACGTCGTCATCAAGTTCTTCCACCAGATGTTCC,1,2,Singlet
46,CCTAAGACACTCCTTG,ATGGTCGATAGTACTAGTTGGTGAAGTACTTCAAGTTGTACTAGGTGGTC,1,60,Singlet
47,CCTAAGACACTCCTTG,ATTCAAGCACTTGGAGTTCCTGCTGTTGTTGTACCACAACTACTACTTGG,1,3,Singlet
48,CCTAAGACACTCCTTG,ATTCCTCTACAACGTCTTGTTGTACGACATCTACTTCGACGTGATCGAGG,1,3,Singlet
49,CCTAAGACACTCCTTG,ATTCCTGTACTTGTTGGACTAGAACTTGTACGTGTTCTACTTGATGAACG,1,2,Singlet
50,CCTAAGACACTCCTTG,ATTCGACTTGATCTTCTAGAACATGGTGAACTAGCAGGTGCTGATCCTGA,1,2,Singlet
51,CCTAAGACACTCCTTG,ATTCGTCCTGTTCGTGATCTACAAGATGCACCTCTTGTTGCTGAAGATGT,1,2,Singlet
52,CCTAAGACACTCCTTG,ATTCGTCTAGTAGCAGCAGGTCGTCCTCTTGCTCTACCACGTGCAGTACT,1,3,Singlet
53,CCTAAGACACTCCTTG,ATTCTTCATCTACGAGGTGATGTACCTCGTCTACGAGATCCACATCGTGT,1,3,Singlet
54,CCTAAGACACTCCTTG,ATTCTTGGAGTTCTAGTACGTGTTGGTGTTCTTGTTCATGATGCTGTACC,1,2,Singlet
55,CCTAAGACACTCCTTG,ATTGCAGTTGGACTAGGTGCAGTTGAAGAACTTGGTCTACATGTTCGTGT,1,2,Singlet
56,CCTAAGACACTCCTTG,ATTGTTGTTGCAGATGCAGTTGATGCTGATGAAGTTGTACAAGGTCGAGC,1,2,Singlet
57,CCTCTAGAGCGATTCT,ATACATCGAGTACCTCTTGTAGAACATGATCCACCTCCAGCTCCAGCAGG,1,2,Singlet
58,CGTGATAAGTTGGAGC,ATACTAGCTCAAGCAGTACTACTACTTCGTCTTCATGCAGAACAACATGG,1,8,Singlet
61,CTACGGGGTACAGAAT,ATTGGTGCAGTTCAAGTAGGAGCAGAACCTCGAGTTCGTCTACATCAAGG,1,2,Singlet
62,CTCAATTGTACGCTTA,ATACATCGAGTACCTCTTGTAGAACATGATCCACCTCCAGCTCCAGCAGG,1,10,Singlet
63,GAGGGATGTAACATCC,ATAGGAGTAGTTGGTGATGGTCTACCAGAAGGTGAAGGTGGAGAAGTTGG,1,12,Singlet
64,GAGGGATGTAACATCC,ATTGAACGTGGAGTTGAACTTGTACTACGAGTACGTCTAGAACATGAACC,1,2,Singlet
93,TGTAAGCGTCTCGCGA,ATACATCCAGCTGCAGTTCCTGCTGAACGACTAGTTCGACATGGAGATCG,1,5,Singlet
94,TGTAAGCGTCTCGCGA,ATACCTGATGGACTACCTGCTGCAGTAGGACCAGAACGTGCACCTGTACA,1,2,Singlet
95,TGTAAGCGTCTCGCGA,ATACTACTAGATCTAGATGAACATGATGTTCCTCGTGCAGTTCGTGCAGC,1,3,Singlet
96,TGTAAGCGTCTCGCGA,ATACTACTAGTTGAAGCACGTCCTGCTGAAGGACGTCTACGTCATGGAGG,1,2,Singlet
97,TGTAAGCGTCTCGCGA,ATACTAGCTCAAGCAGTACTACTACTTCGTCTTCATGCAGAACAACATGG,1,6,Singlet
98,TGTAAGCGTCTCGCGA,ATAGATCTAGCAGCAGGACCTCTTCTAGCAGGTGGTGGTGTAGGTCGTCA,1,2,Singlet
99,TGTAAGCGTCTCGCGA,ATAGATGCACTTGGTGGTCGAGTTCTAGTTGTAGCTGATCGTCCAGCTCT,1,6,Singlet
100,TGTAAGCGTCTCGCGA,ATAGCTCCAGGACTAGGTGGTCGAGTTCTTCGTCCTGTACAACCACTACC,1,3,Singlet
101,TGTAAGCGTCTCGCGA,ATAGCTGGTGTACTTGATGTTGTTCAAGTTCGAGTAGTTCTAGTAGTTCG,1,3,Singlet
102,TGTAAGCGTCTCGCGA,ATTCAACGTCTAGGACGAGGTCTTCATGTTCCTGCTCGTCTACTTGGACC,1,2,Singlet
103,TGTAAGCGTCTCGCGA,ATTCAAGCACTTGGAGTTCCTGCTGTTGTTGTACCACAACTACTACTTGG,1,2,Singlet
104,TGTAAGCGTCTCGCGA,ATTCATGAACGTGATCCTGGTGTAGGACTTGCTGTAGCAGGTGATGTAGT,1,2,Singlet
105,TGTAAGCGTCTCGCGA,ATTCCTCTACAACGTCTTGTTGTACGACATCTACTTCGACGTGATCGAGG,1,4,Singlet
106,TGTAAGCGTCTCGCGA,ATTCCTGTACTTGTTGGACTAGAACTTGTACGTGTTCTACTTGATGAACG,1,2,Singlet
107,TGTAAGCGTCTCGCGA,ATTCGACCAGAACCACATGCAGTTCAACGTGTTCGAGGTGTAGATGCTCC,1,6,Singlet
108,TGTAAGCGTCTCGCGA,ATTCGACTTGATCTTCTAGAACATGGTGAACTAGCAGGTGCTGATCCTGA,1,7,Singlet
109,TGTAAGCGTCTCGCGA,ATTCGTCCTGTTCGTGATCTACAAGATGCACCTCTTGTTGCTGAAGATGT,1,2,Singlet
110,TGTAAGCGTCTCGCGA,ATTCGTGCTGTAGCTGGTGGTGTACTTGCTGTAGTACTACAAGAACTTCC,1,2,Singlet
111,TGTAAGCGTCTCGCGA,ATTCGTGGTGGACTTCGTGATGTTCTTGTAGGTGTACCTGATGCAGTTCC,1,2,Singlet
112,TGTAAGCGTCTCGCGA,ATTCGTGGTGTAGGTGTTGCTCGTGATCAACCTCATGGTGGTGTTGCTGA,1,2,Singlet
113,TGTAAGCGTCTCGCGA,ATTCTTGCTGGTGATCTACATCAAGTTCTTGAACGACCACTTCTTGATGG,1,2,Singlet
114,TGTAAGCGTCTCGCGA,ATTCTTGGAGTTCTAGTACGTGTTGGTGTTCTTGTTCATGATGCTGTACC,1,2,Singlet
115,TGTAAGCGTCTCGCGA,ATTGAACGTGGAGTTGAACTTGTACTACGAGTACGTCTAGAACATGAACC,1,2,Singlet
116,TGTAAGCGTCTCGCGA,ATTGCAGCTGGTCTAGCTGGTGCAGCTGTACGTGCTGATCTTCGTCTAGC,1,5,Singlet
117,TGTAAGCGTCTCGCGA,ATTGCTCTTGGTGCACTAGTTCAACGTGGTCGTGAAGATCAAGCAGGTGG,1,2,Singlet
118,TGTAAGCGTCTCGCGA,ATTGGTCCACTACGTGATGGTCGAGTTGCTGGTGTTGCTCTACGTGGTCG,1,2,Singlet
119,TGTAAGCGTCTCGCGA,ATTGGTCGTGAAGCAGTAGATGGAGCAGATGTTCATCTACCTGAAGAAGG,1,3,Singlet
120,TGTAAGCGTCTCGCGA,ATTGTTGCTGTAGATGTTGGTGAAGGTGTTCTACGTGTTCGTCATGGAGT,1,2,Singlet
121,TGTAAGCGTCTCGCGA,ATTGTTGTTGCAGATGCAGTTGATGCTGATGAAGTTGTACAAGGTCGAGC,1,99,Singlet
