cellID,barcode,sample
AAACGAATCTCGACGG-1,CTCTCTCTGAGTCACACAGACACAGACTGA,sampleName
AAACGAATCTCGACGG-1,CTCTCTCTGAGTCACACAGACACAGACTGA,sampleName
AAACGAATCTCGACGG-1,CACTGAGTGTGTGACACAGTCTGTCTCACT,sampleName
AAACGCTCAGATCCTA-1,GTCTCACAGACTCTCACAGAGACAGACTCT,sampleName
AAAGAACAGGGCAAGG-1,CACTCACTGTCTGAGACAGTCTGAGTGACA,sampleName
AAAGAACCAACGGCTC-1,GAGAGACTGACTCAGTGTGTCAGTGACACT,sampleName
AAAGAACGTCTTTATC-1,CTGACACAGAGTCAGACAGTGTGACTCAGT,sampleName
AAAGGATCAAGTACCT-1,GTGAGTCACACTCTGAGACTGACTGTCTGA,sampleName
AAAGGATTCTAGAACC-1,GTCTCACAGACTCTCACAGAGACAGACTCT,sampleName
AAAGTCCAGACGGTTG-1,CACACTCTCTCTCTCTCTGAGACAGTGACA,sampleName
AAAGTCCAGGCGACAT-1,CAGTGAGAGTCAGAGTCTGACTCTGTGAGA,sampleName
AAAGTCCCAGATAAAC-1,GTGTCTGTCTCTCTGAGTCACTCACAGTCT,sampleName
AAAGTCCCAGATAAAC-1,GTGTCTGTCTCTCTGAGTCACTCACAGTCT,sampleName
AAAGTGAAGCTTCATG-1,GTCTCACAGACTCTCACAGAGACAGACTCT,sampleName
AACAACCAGGTAGACC-1,GAGAGACTGACTCAGTGTGTCAGTGACACT,sampleName
AACAACCTCGCCAATA-1,GTGAGACTCACTGACACACTGTCTCACTGA,sampleName
AACAAGAGTCAAATCC-1,GTCTCACAGACTCTCACAGAGACAGACTCT,sampleName
AACACACCAAACTGCT-1,GTGTCTGTCTCTCTGAGTCACTCACAGTCT,sampleName
AACACACTCGTTAGTG-1,CACTCACTGTCTGAGACAGTCTGAGTGACA,sampleName
AACAGGGCATGTGCCG-1,CTGAGACTCACTCAGTCACTGTCTGTCACT,sampleName
AACCACAAGTGATTCC-1,CAGTCTCTCTCACACAGTCACTGTCAGTCA,sampleName
AACCACAAGTGATTCC-1,CAGTCTCTCTCACACAGTCACTGTCAGTCA,sampleName
AACCATGAGGTGCTGA-1,GTCACAGACTCTGTCTGACAGTCTCACACT,sampleName
AACCTGACACTACACA-1,GTCACACAGTCTGTCAGTGTCACTGACTCA,sampleName
AACCTGACACTACACA-1,GTCACACAGTCTGTCAGTGTCACTGACTCA,sampleName
AACCTGAGTTGCATAC-1,GTGTCTGTCTCTCTGAGTCACTCACAGTCT,sampleName
AACGTCATCCACCCTA-1,CTGAGACTCACTCAGTCACTGTCTGTCACT,sampleName
AAGACTCGTGCACATT-1,GTCTCACAGACTCTCACAGAGACAGACTCT,sampleName
AAGACTCGTGCACATT-1,GTGAGTCACACTCTGAGACTGACTGTCTGA,sampleName
AAGACTCGTGTTGACT-1,GACAGACTCAGACTCAGTCTCTGAGACACA,sampleName
AAGCCATAGGGATCGT-1,CACTCTCTGACAGAGACTCTCAGTGTGTGA,sampleName
AAGCGAGCATCCGATA-1,GTGTCTGTCTCTCTGAGTCACTCACAGTCT,sampleName
AAGCGAGGTAGTTCCA-1,GAGAGACTGACTCAGTGTGTCAGTGACACT,sampleName
AAGGAATTCAGGCGAA-1,CACAGACACTGACACAGTGTCTGAGAGTCT,sampleName
AAGTGAATCATCCTAT-1,CTGACAGTGAGTGACTCTCAGACTCTGTCA,sampleName
AAGTTCGAGGTGTGAC-1,CTGTGTCAGACTGAGTGACTCTGTGTGACT,sampleName
AATCGACTCATGCCCT-1,GTCACACTCTCTCAGTGACTGAGAGTCAGT,sampleName
AATGAAGTCTACCAGA-1,GTGAGTCACACTCTGAGACTGACTGTCTGA,sampleName
AATGCCAGTATCGAGG-1,GTGAGTCACACTCTGAGACTGACTGTCTGA,sampleName
AATGGAAGTCTACAGT-1,CACTCACTGTCTGAGACAGTCTGAGTGACA,sampleName
AATTCCTAGAGATCGC-1,CAGTCTCTCTCACACAGTCACTGTCAGTCA,sampleName
ACACAGTTCGAACGGA-1,CACTCACTGTCTGAGACAGACTGAGTGACA,sampleName
ACATGCAGTAGCTTAC-1,GACTCTGTGACTGAGACTGTGTCACACTCA,sampleName
ACATGCAGTTGGAGGT-1,GTCTCACTGTCACTGACAGTGACTCTGAGA,sampleName
ACATTTCCACTATCCC-1,CACTCACTGTCTGAGACAGTCTGAGTGACA,sampleName
ACCACAATCGTTTACT-1,GACTCTGTGACTGAGACTGTGTCACACTCA,sampleName
ACGATGTAGGTGCGAT-1,GTGAGTCACACTCTGAGACTGACTGTCTGA,sampleName
ACGATGTAGTAGTCTC-1,GTGAGTCACACTCTGAGACTGACTGTCTGA,sampleName
ACGCACGGTTGCCAAT-1,CTGTCAGTGTCTCTGACACTGTCAGTGTCA,sampleName
ACGGAAGCATTAGGCT-1,CTGACTCAGACTGAGAGTCTGAGTGTGAGA,sampleName
ACGGGTCAGGCTAAAT-1,CAGTCTCTCTCACACAGTCACTGTCAGTCA,sampleName
ACGGGTCCAGAAATCA-1,CAGTCACACACTCAGAGTCAGTGAGTCTCA,sampleName
ACGGGTCTCCCATTCG-1,GAGTCTGTCTCTCTGAGTCACTCACAGTCT,sampleName
ACGGGTCTCCCATTCG-1,CTCACTGTCAGTGTGTGTCTCAGTGTCTGT,sampleName
ACGGTCGAGGGCTTCC-1,CTCAGTGACTCAGACACAGACTCTGACAGA,sampleName
ACGGTCGAGGGCTTCC-1,GAGAGACTGACTCAGTGTGTCAGTGACACT,sampleName
ACGTAGTAGTAAATGC-1,CACTCACTGTCTGAGACAGTCTGAGTGACA,sampleName
ACTATGGGTGCAACAG-1,GTCTCACAGACTCTCACAGAGACAGACTCT,sampleName
ACTCCCATCCCTATTA-1,GTGAGTCACACTCTGAGACTGACTGTCTGA,sampleName
ACTGATGTCCCTATTA-1,GTGAGACTCACTGACACACTGTCTCACTGA,sampleName
ACTGTCCTCAATCTCT-1,GTCTCACAGACTCTCACAGAGACAGACTCT,sampleName
ACTGTGATCTGGTGCG-1,GTGTCTGTCTCTCTGAGTCACTCACAGTCT,sampleName
ACTTATCAGGAAGTGA-1,GTCTCACAGACTCTCACAGAGACAGACTCT,sampleName
ACTTATCGTCACTCAA-1,GTCACAGACTCTGTCTGACAGTCTCACACT,sampleName
ACTTCCGTCTCCACTG-1,CACAGACTGTGAGAGAGTCAGTGACACTCA,sampleName
ACTTTGTAGAGTGAAG-1,CTCAGTCTCTCTCTGTGACACTGACAGACT,sampleName
ACTTTGTAGGTAAACT-1,GTCACACAGTCTGTCAGTGTCACTGACTCA,sampleName
AGAAATGAGACGGTTG-1,CTGACACAGAGTCAGACAGTGTGACTCAGT,sampleName
AGAAATGTCTGTAAGC-1,CTGACTCTCTCTCAGTCTCTCTCACTGACA,sampleName
AGAACAAAGTGCAAAT-1,CACTGAGTGTGTGACACAGTCTGTCTCACT,sampleName
AGAACCTCACCCTGTT-1,GTCACACAGTCTGTCAGTGTCACTGACTCA,sampleName
AGAAGCGGTTCTAACG-1,CTCAGTGACTCAGACACAGACTCTGACAGA,sampleName
AGAAGCGGTTCTAACG-1,CTCAGTGACTCAGACACAGACTCTGACAGA,sampleName
AGAAGTAGTCTGCGCA-1,GACACACTGTCTCTCAGTCAGACTGTCAGA,sampleName
AGACCATGTGGCTCTG-1,GTGTCTGTCTCTCTGAGTCACTCACAGTCT,sampleName
AGAGAATCAGGACGAT-1,GTCACACAGTCTGTCAGTGTCACTGACTCA,sampleName
AGAGAATTCAGATGCT-1,CACAGACTGTGAGAGAGTCAGTGACACTCA,sampleName
AGAGAGCGTTGCCGCA-1,GAGAGTGACACACTGTCTGTGACAGTCTCT,sampleName
AGATAGACATCTCATT-1,GTGAGTCACACTCTGAGACTGACTGTCTGA,sampleName
AGATGCTGTCGTCATA-1,GTGAGTCACACTCTGAGACTGACTGTCTGA,sampleName
AGCCAGCTCTACGCAA-1,GTCACACAGTCTGTCAGTGTCACTGACTCA,sampleName
AGCGCCAAGGAGAGGC-1,GTGAGTCACACTCTGAGACTGACTGTCTGA,sampleName
AGCGTATGTTACCCTC-1,CACTCACTGTCTGAGACAGTCTGAGTGACA,sampleName
AGCGTCGGTTAGCTAC-1,GTCACACAGTCTGTCAGTGTCACTGACTCA,sampleName
AGCTACACAGCTTCGG-1,CTCTCACAGTCAGACTCACAGTCTCTGTCT,sampleName
AGCTTCCGTCACCTTC-1,GAGAGACTGACTCAGTGTGTCAGTGACACT,sampleName
AGGAAATAGTCTCGTA-1,GTGTCTGTCTCTCTGAGTCACTCACAGTCT,sampleName
AGGAAATAGTCTCGTA-1,GTGTCTGTCTCTCTGAGTCACTCACAGTCT,sampleName
AGGAAATGTTTCCAAG-1,GTCACACAGTCTGTCAGTGTCACTGACTCA,sampleName
AGGACGACAGCGGTTC-1,CAGTGAGAGTCAGAGTCTGACTCTGTGAGA,sampleName
AGGACTTTCACCATAG-1,GTGAGTCACACTCTGAGACTGACTGTCTGA,sampleName
AGGACTTTCTTCGGTC-1,CTCAGTCTCTCTCTGTGACACTGACAGACT,sampleName
AGGATAAAGATCCTAC-1,GTGTCTGTCTCTCTGAGTCACTCACAGTCT,sampleName
AGGATAAAGTTGGGAC-1,CACTCACTGTCTGAGACAGTCTGAGTGACA,sampleName
AGGATAAAGTTGGGAC-1,CACTCACTGTCTGAGACAGTCTGAGTGACA,sampleName
AGGATAAAGTTGGGAC-1,CACTCACTGTCTGAGACAGTCTGAGTGACA,sampleName
AGGCATTGTATCAGCT-1,GAGAGACTGACTCAGTGTGTCAGTGACACT,sampleName
AGGCCACGTCACTTCC-1,GTCACACAGTCTGTCAGTGTCACTGACTCA,sampleName
AGGCTGCTCCAAACCA-1,GTCACACAGTCTGTCAGTGTCACTGACTCA,sampleName
AGGGAGTGTGGAACCA-1,GACAGACAGAGTCTCTCTCACTGACAGTCA,sampleName
AGGGAGTTCTCCAATT-1,GTCTCACTGTCACTGACAGTGACTCTGAGA,sampleName
AGGGTGACAGACCTGC-1,GTGAGTCACACTCTGAGACTGACTGTCTGA,sampleName
AGGGTGATCTAGGCCG-1,GTCTCACAGACTCTCACAGAGACAGACTCT,sampleName
AGGTCATCAAGACGGT-1,CAGTGACTCACAGTCAGTCACACACACACA,sampleName
AGGTCATTCGGAGATG-1,CACTCACTGACTGAGACAGTCTGAGTGACA,sampleName
AGGTTACAGAGAGCCT-1,GTGAGTCACACTCTGAGACTGACTGTCTGA,sampleName
AGGTTACAGAGAGCCT-1,CACTGAGTGTGTGACACAGTCTGTCTCACT,sampleName
AGGTTACAGAGAGCCT-1,CACTGAGTGTGTGACACAGTCTGTCTCACT,sampleName
AGTAACCCAATGGCAG-1,GTCACAGACTCTGTCTGACAGTCTCACACT,sampleName
AGTAACCGTACCTTCC-1,GTGAGTCACACTCTGAGACTGACTGTCTGA,sampleName
AGTCATGTCCACCTGT-1,GTGAGACTCACTGACACACTGTCTCACTGA,sampleName
AGTGACTGTGCAGATG-1,GTGAGTCACACTCTGAGACTGACTGTCTGA,sampleName
AGTGACTTCGACACTA-1,GTGAGTCACACTCTGAGACTGACTGTCTGA,sampleName
AGTGATCTCGCGTGAC-1,CTGACACAGAGTCAGACAGTGTGACTCAGT,sampleName
AGTGATCTCGCGTGAC-1,CTGACACAGAGTCAGACAGTGTGACTCAGT,sampleName
AGTGATCTCGCGTGAC-1,CTGACACAGAGTCAGACAGTGTGACTCAGT,sampleName
AGTTAGCAGACTACCT-1,CAGAGAGTCAGACACTCAGTCAGACTGTGA,sampleName
AGTTAGCAGACTACCT-1,CACACTCAGTGACACAGACACTGTCACAGA,sampleName
AGTTAGCCAGAGTCTT-1,CACTCACTGTCTGAGACAGTCTGAGTGACA,sampleName
AGTTAGCCATTCTTCA-1,GTCACACAGTCTGTCAGTGTCACTGACTCA,sampleName
AGTTCGACAATAGTAG-1,CACAGTGTCTCTCTGACTGACACACTGACA,sampleName
AGTTCGAGTCGAACGA-1,CTGACTCTCTCTCAGTCTCTCTCACTGACA,sampleName
ATACCGATCGCTCATC-1,GTCACACAGTCTGTCAGTGTCACTGACTCA,sampleName
ATACCGATCGCTCATC-1,GTCACACAGTCTGTCAGTGTCACTGACTCA,sampleName
ATAGAGAAGATGCAGC-1,CTCAGTCTCAGAGACTGTCTCTCTGTGACA,sampleName
ATAGAGATCCAGTACA-1,CACTCACTGTCTGAGACAGTCTGAGTGACA,sampleName
ATAGGCTAGCGCCTAC-1,CAGTCTCTCTCACACAGTCACTGTCAGTCA,sampleName
ATATCCTCATCCCGTT-1,GTCACACAGTCTGACAGTGTCACAGACTCA,sampleName
ATCACAGAGATGTAGT-1,GTCTCACAGACTCTCACAGAGACAGACTCT,sampleName
ATCACAGGTATTGCCA-1,GTGAGTCACACTCTGAGACTGACTGTCTGA,sampleName
ATCAGGTAGGGCCAAT-1,GACAGACAGAGTCTCTCTCACTGACAGTCA,sampleName
ATCAGGTCATGACGTT-1,CACTGAGTGTGTGACACAGTCTGTCTCACT,sampleName
ATCAGGTTCACTCGAA-1,GAGACACTGACTCTGAGACAGTCACTCTGA,sampleName
ATCATTCCATCTGTTT-1,CACTCACTGTCTGAGACAGTCTGAGTGACA,sampleName
ATCATTCGTAATGCTC-1,CTCAGTGACTCAGACACAGACTCTGACAGA,sampleName
ATCCACCCATGCGGTC-1,CACTGAGTGTGTGACACAGTCTGTCTCACT,sampleName
ATCCATTGTCAGTCTA-1,GTGAGACTCACTGACACACTGTCTCACTGA,sampleName
ATCCATTGTGAGATAT-1,CAGTGAGAGTCAGAGTCTGACTCTGTGAGA,sampleName
ATCCTATGTACAGCGA-1,CTGACTCTCTCACTCAGACACTGAGTCTCT,sampleName
ATCCTATGTACAGCGA-1,CTGACTCTCTCACTCAGACACTGAGTCTCT,sampleName
ATCCTATGTACAGCGA-1,CTGACTCTCTCACTCAGACACTGAGTCTCT,sampleName
ATCGATGCACAAGGTG-1,CACACTCTCTCTCTCTCTGAGACAGTGACA,sampleName
ATCGATGCACCGTCTT-1,CACACTCTCTCTCTCTCTGAGACAGTGACA,sampleName
ATCGATGTCAGGAGAC-1,GTGAGTCACACTCTGAGACTGACTGTCTGA,sampleName
ATCGCCTGTCTACGAT-1,CACTCACTGTCTGAGACAGTCTGAGTGACA,sampleName
ATCGGCGTCGGAGTAG-1,GAGAGACTGACTCAGTGTGTCAGTGACACT,sampleName
ATCGTCCAGGGACCAT-1,GTCTCACAGACTCTCACAGAGACAGACTCT,sampleName
ATGAGGGCACGGTAGA-1,CACTCACTGTCTGAGACAGTCTGAGTGACA,sampleName
ATGAGTCCACGTCGGT-1,GTCACACAGTCTGTCAGTGTCACTGACTCA,sampleName
ATGATCGCATGCCGAC-1,CTCTCACAGTCAGACTCACAGTCTCTGTCT,sampleName
ATGCGATTCCTGGGTG-1,GACTCTGTGACTGAGACTGTGTCACACTCA,sampleName
ATGCGATTCTCATTGT-1,CTGACTCTCTCTCAGTCTCTCTCACTGACA,sampleName
ATGGGTTAGTATAGGT-1,CTGACTCAGACTGAGAGTCTGAGTGTGAGA,sampleName
ATGGGTTGTAATGATG-1,CTGTCACTCAGTCAGACACAGTCTGTGACA,sampleName
ATGTCCCGTTATCCAG-1,GAGAGACTGACTCAGTGTGTCAGTGACACT,sampleName
ATGTCTTGTTACCTGA-1,GAGTGACAGACTCTCACAGTGACAGTCTCT,sampleName
ATGTCTTTCACTCTTA-1,GACAGACAGAGTCTCTCTCACTGACAGTCA,sampleName
ATTATCCGTGCTAGCC-1,GAGACTGTCTCTCTGAGTCACACACAGTCT,sampleName
ATTCATCCAATGTTGC-1,CTGACTCTCTCTCAGTCTCTCTCACTGACA,sampleName
ATTCATCCAATGTTGC-1,CACAGACTGTGAGAGAGTCAGTGACACTCA,sampleName
ATTCCTAGTCCAGCAC-1,CTGACACAGAGTCAGACAGTGTGACTCAGT,sampleName
ATTCGTTTCGCTTTAT-1,CTGACACAGAGTCAGACAGTGTGACTCAGT,sampleName
ATTCGTTTCTGCACCT-1,CACTCACTGTCTGAGACAGTCTGAGTGACA,sampleName
ATTCTTGTCGGTGAAG-1,GTCTCACAGACTCTCACAGAGACAGACTCT,sampleName
ATTTACCGTCCCTCAT-1,CTGTGTCAGACTGAGTGACTCTGTGTGACT,sampleName
ATTTCTGAGAGCAACC-1,CTCACAGACTCAGTCTCACAGTCTGTCAGA,sampleName
ATTTCTGAGGCTAGCA-1,GTCACACAGTCTGTCAGTGTCACTGACTCA,sampleName
ATTTCTGCAGCGGATA-1,CTGTGTCAGACTGAGTGACTCTGTGTGACT,sampleName
CAAAGAAAGCTATCCA-1,GAGAGACTGACTCAGTGTGTCAGTGACACT,sampleName
CAAAGAAGTGCGGCTT-1,GTCTCACAGACTCTCACAGAGACAGACTCT,sampleName
CAACAGTTCCATTTGT-1,CTGACTCTCTCTCAGTCTCTCTCACTGACA,sampleName
CAACCAATCGTAGTCA-1,GAGAGACTGACTCAGTGTGTCAGTGACACT,sampleName
CAACGATCATTGCCTC-1,GTCTCACAGACTCTCACAGAGACAGACTCT,sampleName
CAAGAGGCATGTGTCA-1,CACTCACTGTCTGAGACAGTCTGAGTGACA,sampleName
CAAGCTATCCGCTAGG-1,CACACTCTCTCTCTCTCTGAGACAGTGACA,sampleName
CAATACGAGAGAGCAA-1,GTGTGAGTCAGTGAGACTCAGTGACTGTGA,sampleName
CAATACGAGAGAGCAA-1,GTGTGAGTCAGTGAGACTCAGTGACTGTGA,sampleName
CAATGACAGCGTATAA-1,CACTCACTGTCTGAGACAGTCTGAGTGACA,sampleName
CAATGACCACTACAGT-1,GTCTCACAGACTCTCACAGAGACAGACTCT,sampleName
CAATGACGTCAAGGCA-1,CTGACTCTCTCTCAGTCTCTCTCACTGACA,sampleName
CAATTTCTCTTTCAGT-1,GTGAGTCACACTCTGAGACTGACTGTCTGA,sampleName
CACAACATCCCTTTGG-1,CTGACTCTCTCTCAGTCTCTCTCACTGACA,sampleName
CACACAACAGTCAACT-1,CTGACTCAGACTGAGAGTCTGAGTGTGAGA,sampleName
CACAGATCACACCAGC-1,CAGTCACACACTCAGAGTCAGTGAGTCTCA,sampleName
CACATGATCGAATGCT-1,CACTCACTGTCTGAGACAGTCTGAGTGACA,sampleName
CACCGTTCACGACGCT-1,GTGTCTGTCTCTCTGAGTCACTCACAGTCT,sampleName
CACGGGTAGACTAGAT-1,CACTGAGTGTGTGACACAGTCTGTCTCACT,sampleName
CACGTTCGTCAGTCTA-1,GTCTCACAGACTCTCACAGAGACAGACTCT,sampleName
CACTAAGCAAGTCATC-1,CTGTGTCAGACTGAGTGACTCTGTGTGACT,sampleName
CACTGAATCCTGGGAC-1,CACTCACTGTCTGAGACAGTCTGAGTGACA,sampleName
CACTGGGTCTGCTGAA-1,CTGAGACTGACTCAGTGAGTCAGTGACACT,sampleName
CACTGGGTCTGCTGAA-1,CTGAGACTGACTCAGTGAGTCAGTGACACT,sampleName
CAGAGCCTCATAGGCT-1,GTCACACAGTCTGTCAGTGTCACTGACTCA,sampleName
CAGAGCCTCGATTGGT-1,CTGACTCAGACTGAGAGTCTGAGTGTGAGA,sampleName
CAGAGCCTCGATTGGT-1,CAGTCTCTCTCACACAGTCACTGTCAGTCA,sampleName
CAGATCAAGGCCTTCG-1,GTGTCTGTCTCTCTGAGTCACTCACAGTCT,sampleName
CAGCAATGTCTGCGCA-1,GTGAGTCACACAGACACTCTCTCTCACTGT,sampleName
CAGCACGTCACGTCCT-1,GTCACACAGTCTGTCAGTGTCACTGACTCA,sampleName
CAGCCAGCACTTGAAC-1,CACTCACTGTCTGAGACAGTCTGAGTGACA,sampleName
CAGGGCTCAAGTCATC-1,GTGAGTCACACTCTGAGACTGACTGTCTGA,sampleName
CAGGGCTCAGCATGCC-1,CAGTCTCTCTCACACAGTCACTGTCAGTCA,sampleName
CAGGGCTGTAGTGGCA-1,CACTCACTGTCTGAGACAGTCTGAGTGACA,sampleName
CAGGTATCACTCATAG-1,CACTGAGTGTGTGACACAGTCTGTCTCACT,sampleName
CAGTGCGCATATAGCC-1,CACTCACTGTCTGAGACAGTCTGAGTGACA,sampleName
CAGTGCGTCTACGCAA-1,CTGACTCTCTCTCAGTCTCTCTCACTGACA,sampleName
CAGTGCGTCTACGCAA-1,CACACTCTCTCTCTCTCTGAGACAGTGACA,sampleName
CAGTTCCGTTGCCTAA-1,GAGAGACTGACTCAGTGTGTCAGTGACACT,sampleName
CATCCGTCAAGGTACG-1,CTGACTCTCTCTCAGTCTCTCTCACTGACA,sampleName
CATCGTCGTAGATGTA-1,GTCACACAGTCTGTCAGTGACACTGACTCA,sampleName
CATGAGTCACTAGGCC-1,GTCACACAGTCTGTCAGTGTCACTGACTCA,sampleName
CATGCCTAGACTCTTG-1,CACTCACTGTCTGAGACAGTCTGAGTGACA,sampleName
CATGCCTCACCATATG-1,GTCTCACAGACTCTCACAGAGACAGACTCT,sampleName
CATGCCTCACCATATG-1,GTCTCACAGACTCTCACAGAGACAGACTCT,sampleName
CATGCGGAGTCAACAA-1,GTCTCACAGACTCTCACAGAGACAGACTCT,sampleName
CATGCTCCAAGTGGGT-1,GTGAGTCACACTCTGAGACTGACTGTCTGA,sampleName
CATGCTCCATGACCCG-1,CACTCACTGTCTGAGACAGTCTGAGTGACA,sampleName
CATTCCGAGCTAGTTC-1,GACTCTCTGTGACACTGACAGAGTCTCAGA,sampleName
CATTGTTGTCATAACC-1,CAGTCACACACTCAGAGTCAGTGAGTCTCA,sampleName
CCAAGCGAGGTTGTTC-1,CTCAGTGACTCAGACACAGACTCTGACAGA,sampleName
CCAATTTTCATTGCGA-1,GTCACACAGTCTGTCAGTGTCACTGACTCA,sampleName
CCACGAGGTGGATGAC-1,CAGACTCTCACTCTCTGTGTGAGACAGTCA,sampleName
CCATCACAGCCAAGTG-1,CAGAGAGTCTGACACTCAGTCAGACTGTGA,sampleName
CCCATTGTCGAGGCAA-1,CACAGACACTGACACAGTGTCTGAGAGTCT,sampleName
CCCGAAGGTAACTAAG-1,GTCACACAGTCTGTCAGTGTCACTGACTCA,sampleName
CCCTAACCACAATTCG-1,CTCAGACTCACTCTGTCACACTCTGTCTGA,sampleName
CCCTAACGTCACCGAC-1,CTGACACAGAGTCAGACAGTGTGACTCAGT,sampleName
CCCTTAGTCCGAACGC-1,CTGACTCTCTCACTCAGACACTGAGTCTCT,sampleName
CCGGACACATGGCTGC-1,GACACTGACAGTCACACTCACAGTCACACT,sampleName
CCGGACATCCACAGGC-1,GACAGACAGAGTCTCTCTCACTGACAGTCA,sampleName
CCGGGTAAGGTACCTT-1,GTGTCTGTCTCTCTGAGTCACTCACAGTCT,sampleName
CCGGTAGGTCGCACGT-1,CAGTCTGTCAGAGTCTGTCACTGTGTCTCT,sampleName
CCGTAGGGTCCTGGTG-1,CACTCACTGTCTGAGACAGTCTGAGTGACA,sampleName
CCGTAGGGTCCTGGTG-1,CACTCACTGTCTGAGACAGTCTGAGTGACA,sampleName
CCGTTCACATGTGCCG-1,CACACTCTCTCTCTCTCTGAGACAGTGACA,sampleName
CCTAACCAGTCGAGGT-1,CACAGTGTCTCTCTGACTGACACACTGACA,sampleName
CCTAAGAGTACTGGGA-1,CTGAGACACAGTGAGACACTCTGACAGTCA,sampleName
CCTACGTAGTCACGCC-1,GTGTCTGTCTCTCTGAGTCACTCACAGTCT,sampleName
CCTCAACAGGACATCG-1,CTGTGTCAGACTGAGTGACTCTGTGTGACT,sampleName
CCTCAACGTCTTGTCC-1,CACAGACTGTGAGAGAGTCAGTGACACTCA,sampleName
CCTCAACGTTAGCGGA-1,CTGACAGTGAGTGACTCTCAGACTCTGTCA,sampleName
CCTCTCCCAAACCATC-1,CACTCACTGTCTGAGACAGTCTGAGTGACA,sampleName
CCTGCATTCGAACGCC-1,CTCTCTGACACACTCTCAGACTGACAGACA,sampleName
CCTTCAGGTTTCACTT-1,GTCACACAGTCTGTCAGTGTCACTGACTCA,sampleName
CGAAGGATCAGTCACA-1,GTGAGACTCACTGACACACTGTCTCACTGA,sampleName
CGAAGTTCAGCCGTTG-1,GTCACACAGTCTGTCAGTGTCACTGACTCA,sampleName
CGAATTGAGACCAACG-1,CTGACTCTCTCTCAGTCTCTCTCACTGACA,sampleName
CGACAGCCAGCTACCG-1,GACACACTGTCTCTCAGTCAGACTGTCAGA,sampleName
CGAGAAGCAGAAACCG-1,GTCACACAGTCTGTCAGTGTCACTGACTCA,sampleName
CGAGAAGTCTTCTCAA-1,CTGACTCTCTCTCAGTCTCTCTCACTGACA,sampleName
CGAGGAAGTTTGCCGG-1,GTGAGTCACACAGACACTCTCTCTCACTGT,sampleName
CGATCGGTCGATTGAC-1,GAGTCTGTCTCTCAGAGTCACTCACAGTCT,sampleName
CGATGCGTCTCGTGGG-1,GAGACACTCAGACACACACTCTGACTGACA,sampleName
CGATGGCGTAGGCAGT-1,GAGACACTCAGACACACACTCTGACTGACA,sampleName
CGCATAAAGAGTATAC-1,GTCACACAGTCTGTCAGTGTCACTGACTCA,sampleName
CGCATAAGTTGCTCAA-1,CACTCACTGTCTGAGACAGTCTGAGTGACA,sampleName
CGCCAGAGTGATTCAC-1,CACTCACTGTCTGAGACAGTCTGAGTGACA,sampleName
CGCGTGAAGCGGCTCT-1,CACTGAGTGTGTGACACAGTCTGTCTCACT,sampleName
CGGGACTGTTCCCAAA-1,GAGACACTGTCACAGTGTGTGAGAGAGTCA,sampleName
CGGGCATTCGGCTATA-1,GAGAGACTGACTCAGTGTGTCAGTGACACT,sampleName
CGGGCATTCTCGTCAC-1,CACTGAGTGTGTGACACAGTCTGTCTCACT,sampleName
CGGGTGTTCTAGCAAC-1,CTCTCTGTGTGTGACAGTGTCTCACTCAGT,sampleName
CGTAATGGTACCCGCA-1,CAGTCTCTCTCACACAGTCACTGTCAGTCA,sampleName
CGTAGTACATGTTACG-1,GTGAGTCACACTCTGAGACTGACTGTCTGA,sampleName
CGTCCATCAGACGCTC-1,CACACTCTCTCTCTCTCTGAGACAGTGACA,sampleName
CTAACCCCAGGGACTA-1,GTGAGTCACACTCTGAGACTGACTGTCTGA,sampleName
CTAACCCGTAAGTCAA-1,CTGACAGTGAGTGACTCTCAGACTCTGTCA,sampleName
CTAACTTGTGTATCCA-1,CTCTCTGACACACTCTCAGACTGACAGACA,sampleName
CTACAGATCCCGATCT-1,CACTCACTGTCTGAGACAGTCTGAGTGACA,sampleName
CTACCCACACACCGAC-1,GTCTCACTGTCACTGACAGTGACTCTGAGA,sampleName
CTACCTGCACTCATAG-1,CTCTCACAGTCAGACTCACAGTCTCTGTCT,sampleName
CTACCTGCAGTGGGTA-1,CACTGAGTGTGTGACACAGTCTGTCTCACT,sampleName
CTACCTGGTGTGACCC-1,CTGACTCAGTGTCACTCACACTCTCTCTCT,sampleName
CTACGGGTCGCGTGAC-1,CTGACTCTCTCTCAGTCTCTCTCACTGACA,sampleName
CTACGGGTCGCGTGAC-1,CTGACTCTCTCTCAGTCTCTCTCACTGACA,sampleName
CTAGACAAGCATTGAA-1,GAGAGACTGACTCAGTGTGTCAGTGACACT,sampleName
CTAGACACAGGGAATC-1,CACACTCAGTGACACAGACACTGTCACAGA,sampleName
CTAGACACAGGGAATC-1,CACACTCAGTGACACAGACACTGTCACAGA,sampleName
CTATCCGGTGAGGATC-1,CACTCACTGTCTGAGACAGTCTGAGTGACA,sampleName
CTCAAGAAGAGCATAT-1,CACTCACTGTCTGAGACAGTCTGAGTGACA,sampleName
CTCAATTAGGGTGGGA-1,CACTCACTGTCTGAGACAGTCTGAGTGACA,sampleName
CTCAATTAGGGTGGGA-1,CACTCACTGTCTGAGACAGTCTGAGTGACA,sampleName
CTCAATTGTTCGGTAT-1,GTGAGACTCACTGACACACTGTCTCACTGA,sampleName
CTCAATTTCAAGTTGC-1,CACTCACTGTCTGAGACAGTCTGAGTGACA,sampleName
CTCAATTTCAAGTTGC-1,CACTCACTGTCTGAGACAGTCTGAGTGACA,sampleName
CTCAGTCAGGACGCAT-1,GACAGACAGAGTCTCTCTCACTGACAGTCA,sampleName
CTCAGTCAGGACGCAT-1,CACAGACACTGACACAGTGTCTGAGAGTCT,sampleName
CTCAGTCGTTGGCCTG-1,CAGTCTCTCTCACACAGTCACTGTCAGTCA,sampleName
CTCATGCCATCCGTGG-1,CACTCACTGTCTGAGACAGTCTGAGTGACA,sampleName
CTCATGCGTGCATGTT-1,GTGTCTGTCTCTCTGAGTCACTCACAGTCT,sampleName
CTCATTACAGGGAGAG-1,CTCTGACTCTGACACAGTGACAGTCAGTCT,sampleName
CTCATTAGTGACATCT-1,GAGACTCTCTCTCACAGTGTGTGACTGTCA,sampleName
CTCCACAAGGATGAGA-1,CAGTGAGAGTCAGAGTCTGACTCTGTGAGA,sampleName
CTCCATGTCGAAGCCC-1,CTCAGTGTGAGACACTGACTCACAGTGAGT,sampleName
CTCCCAATCGGAAACG-1,CAGAGAGTCAGACACTCAGTCAGACTGTGA,sampleName
CTCCCTCGTTGCTTGA-1,CAGTCTCTCTCACACAGTCACTGTCAGTCA,sampleName
CTCCCTCTCAACTACG-1,CACAGACACTGACACAGTGTCTGAGAGTCT,sampleName
CTCCGATAGACATAAC-1,CTCAGTGACTCAGACACAGACTCTGACAGA,sampleName
CTCCGATAGATGCTGG-1,CACTCACTGTCTGAGACAGTCTGAGTGACA,sampleName
CTCCGATCACCATATG-1,CACTCACTGTCTGAGACAGTCTGAGTGACA,sampleName
CTCCTTTTCGCTGACG-1,GTCACACAGTCTGTCAGTGTCACTGACTCA,sampleName
CTCTCAGCATACCGTA-1,GTCTCACAGACTCTCACAGAGACAGACTCT,sampleName
CTCTCGATCACGGGCT-1,GTCAGACACACTCTGACACTCACTGTCTGA,sampleName
CTCTGGTCATACCGTA-1,GTGAGTCACTGTCTGAGACTGACTGTCTGA,sampleName
CTGAATGCATACATCG-1,CACAGACTGTGAGAGAGTCAGTGACACTCA,sampleName
CTGCAGGCATAACCCA-1,CTGTGTCAGACTGAGTGACTCTGTGTGACT,sampleName
CTGCAGGGTCGTGCCA-1,CTGTGTCAGACAGAGTGACTCTGTGTGACT,sampleName
CTGCAGGGTCGTGCCA-1,GTCACACAGTCTGTCAGTGTCACTGACTCA,sampleName
CTGCATCGTGCAACGA-1,GTCTCACAGACTCTCACAGAGACAGACTCT,sampleName
CTGCCATCATTCGATG-1,GAGAGACTGACTCAGTGTGTCAGTGACACT,sampleName
CTGCTCAAGCTCTATG-1,CACACTCTCTCTCTCTCTGAGACAGTGACA,sampleName
CTGGACGAGCGACAGT-1,CACAGACTGTGAGAGAGTCAGTGACACTCA,sampleName
CTGGACGCAATCAGCT-1,GAGACACTCAGAGTGACACACTCACACTCA,sampleName
CTGGACGGTGCTGCAC-1,CAGTGAGAGTCAGAGTCTGACTCTGTGAGA,sampleName
CTGGACGTCGTTCTCG-1,GTCACACAGTCTGTCAGTGTCACTGACTCA,sampleName
CTGGCAGTCCATAGGT-1,CACTCACTGTCTGAGACAGTCTGAGTGACA,sampleName
CTGTACCTCGACGAGA-1,CAGTGAGAGTCAGAGTCTGACTCTGTGAGA,sampleName
CTGTAGAAGACCTCAT-1,CTGTGTCAGACTGAGTGACTCTGTGTGACT,sampleName
CTGTAGATCTCGAACA-1,GTGAGTCACACAGACACTCTCTCTCACTGT,sampleName
CTGTATTTCCACACCT-1,GTCACACAGTCTGTCAGTGTCACTGACTCA,sampleName
CTGTATTTCCACACCT-1,CTCAGTGACTCAGACACAGACTCTGACAGA,sampleName
CTGTATTTCCACACCT-1,CTGACTCTCTCACTCAGACACTGAGTCTCT,sampleName
CTGTCGTAGCCAGACA-1,CACTCACTGTCTGAGACAGTCTGAGTGACA,sampleName
CTGTCGTAGCCAGACA-1,CACTCACTGTCTGAGACAGTCTGAGTGACA,sampleName
CTGTCGTCACTTGGGC-1,GTGTGAGTCAGTGAGACTCAGTGACTGTGA,sampleName
CTGTGAAAGAATGTTG-1,CAGTCTCTCTCACACAGTCACTGTCAGTCA,sampleName
CTGTGAATCCATCAGA-1,CACTCACTGTCTGAGACAGTCTGAGTGACA,sampleName
CTTAGGACAATCTCGA-1,CAGTCAGTGACTGTCTCACACTGACTGTGA,sampleName
CTTAGGATCGTGGGAA-1,GTCACACAGTCTGTCAGTGTCACTGACTCA,sampleName
CTTCGGTTCACTGCTC-1,CTGTGTGACTCACTCACTGTCTCAGACTGA,sampleName
CTTCTAATCTTTGATC-1,CACAGACTGTGAGAGAGTCAGTGACACTCA,sampleName
CTTGAGAGTCGACGCT-1,GTGAGTCACACTCTGAGACTGACTGTCTGA,sampleName
CTTGAGAGTGTCGCTG-1,GTGAGTCACACTCTGAGACTGACTGTCTGA,sampleName
CTTGAGAGTGTCGCTG-1,GTGAGTCACACTCTGAGACTGACTGTCTGA,sampleName
CTTGAGAGTGTCGCTG-1,GTGAGTCACACTCTGAGACTGACTGTCTGA,sampleName
CTTGATTTCGGTGCAC-1,GTCTCACAGACTCTCACAGAGACAGACTCT,sampleName
CTTTCAACAGTGACCC-1,CTCAGTGACTCAGACACAGACTCTGACAGA,sampleName
GAACTGTTCATGTCTT-1,CAGTGAGAGTCAGAGTCTGACTCTGTGAGA,sampleName
GAAGCGAGTCCTGGTG-1,CACTCACTGTCTGAGACAGTCTGAGTGACA,sampleName
GAAGCGAGTCCTGGTG-1,GTCTCACAGACTCTCACAGAGACAGACTCT,sampleName
GAAGCGATCTGTGTGA-1,CTGACTCAGACTGAGAGTCTGAGTGTGAGA,sampleName
GAAGGACCACTAACCA-1,GTCACACAGTCTGTCAGTGTCACTGACTCA,sampleName
GAAGGACGTAGGTAGC-1,CACTCACTGTCTGAGACAGTCTGAGTGACA,sampleName
GAAGGGTGTTAACAGA-1,CAGTCACACACTCAGAGTCAGTGAGTCTCA,sampleName
GAAGGGTTCACATACG-1,CTGAGACTCACTCAGTCACTGTCTGTCACT,sampleName
GAAGGGTTCAGTGATC-1,GTCACACAGTCTGTCAGTGTCACTGACTCA,sampleName
GAAGTAAAGTGGACTG-1,CTCAGACTCACTCTGTCACACTCTGTCTGA,sampleName
GAAGTAATCGGCTGAC-1,CACTCACTGTCTGAGACAGTCTGAGTGACA,sampleName
GAAGTAATCTAAGCCA-1,GTGAGTCACACTCTGAGACTGACTGTCTGA,sampleName
GAATAGACAATCAAGA-1,CAGTCACACACTCAGAGTCAGTGAGTCTCA,sampleName
GAATCACCATTGGGAG-1,GTGAGTCACACTCTGAGACTGACTGTCTGA,sampleName
GAATCGTTCCGGTTCT-1,CTCTCTGACACACTCTCAGACTGACAGACA,sampleName
GACACGCAGGAGCTGT-1,CACACTCTCTCTCTCTCTGAGACAGTGACA,sampleName
GACAGCCGTATGTCCA-1,CTGACTCAGACTGAGAGTCTGAGTGTGAGA,sampleName
GACAGCCGTATGTCCA-1,CTGACTCAGACTGAGAGTCTGAGTGTGAGA,sampleName
GACAGCCGTATGTCCA-1,CAGTGAGAGTCAGAGTCTGACTCTGTGAGA,sampleName
GACAGCCGTATGTCCA-1,CAGTGAGAGTCAGAGTCTGACTCTGTGAGA,sampleName
GACCGTGAGCAAATGT-1,CTGACACAGAGTCAGACAGTGTGACTCAGT,sampleName
GACCGTGAGCAAATGT-1,CTGACACAGAGTCAGACAGTGTGACTCAGT,sampleName
GACCTTCAGCGACTGA-1,GAGAGACTGACTCAGTGTGTCAGTGACACT,sampleName
GACGCTGCAATTGGTC-1,GTGAGTCACACTCTGAGACTGACTGTCTGA,sampleName
GACGCTGGTCCTCATC-1,GTCACACAGTCTGTCAGTGTCACTGACTCA,sampleName
GACTCTCCACCTCGTT-1,CTGACACAGAGTCAGACAGTGTGACTCAGT,sampleName
GACTCTCCACGGTGTC-1,GTGAGTCACACTCTGAGACTGACTGTCTGA,sampleName
GACTGATAGAGACAAG-1,CAGTCTCTCTCACACAGTCACTGTCAGTCA,sampleName
GAGAAATAGGGTCAAC-1,CAGTGAGAGTCAGAGTCTGACTCTGTGAGA,sampleName
GAGAAATGTGAGCCAA-1,CTGTGTCAGACTGAGTGACTCTGTGTGACT,sampleName
GAGAGGTCATCTATCT-1,GTCTCACAGACTCTCACAGAGACAGACTCT,sampleName
GAGAGGTTCTCCATAT-1,CTGACTCAGACTGAGAGTCTGAGTGTGAGA,sampleName
GAGATGGTCATGCGGC-1,CTCAGACTCACTCTGTCACACTCTGTCTGA,sampleName
GAGATGGTCATGCGGC-1,CACTCACTGTCTGAGACAGTCTGAGTGACA,sampleName
GAGCCTGGTAAGGCTG-1,CACTCACTGTCTGAGACAGTCTGAGTGACA,sampleName
GAGCTGCTCTGAATCG-1,CAGAGAGTCAGACACTCAGTCAGACTGTGA,sampleName
GAGTCATAGATGGCGT-1,GTGAGTCACACTCTGAGACTGACTGTCTGA,sampleName
GAGTCTACAGACACAG-1,CACTCACTGTCTGAGACAGTCTGAGTGACA,sampleName
GAGTGAGCAGGCCCTA-1,CACTGAGTGTGTGACACAGTCTGTCTCACT,sampleName
GAGTTGTTCTGTAACG-1,CACTCACTGTCTGAGACAGTCTGAGTGACA,sampleName
GATCACAAGCAAACAT-1,GTCACACAGTCTGTCAGTGTCACTGACTCA,sampleName
GATCACATCGTAGGGA-1,CTCAGTGACTCAGACACAGACTCTGACAGA,sampleName
GATCATGAGGATAATC-1,GTCTCACAGACTCTCACAGAGACAGACTCT,sampleName
GATCCCTTCAACCTTT-1,CACACTCTCTCTCTCTCTGAGACAGTGACA,sampleName
GATCGTACATGATGCT-1,CTCTCACAGTCAGACTCACAGTCTCTGTCT,sampleName
GATCGTAGTATCCCAA-1,GTCACACAGTCTGTCAGTGTCACTGACTCA,sampleName
GATGACTCATGATAGA-1,CTGAGACTCACTCAGTCACTGTCTGTCACT,sampleName
GATGACTGTGCGTGCT-1,CAGTCACACACTCAGAGTCAGTGAGTCTCA,sampleName
GATGCTATCACCTTGC-1,GTGAGACTCACTGACACACTGTCTCACTGA,sampleName
GATGTTGGTACGTACT-1,CAGAGAGTCAGACACTCAGTCAGACTGTGA,sampleName
GATGTTGTCCTAAGTG-1,GAGAGACTGACTCAGTGTGTCAGTGACACT,sampleName
GATTTCTAGGACAAGA-1,CACAGACACTGACACAGTGTCTGAGAGTCT,sampleName
GATTTCTAGGACAAGA-1,CACTCACTGTCTGAGACAGTCTGAGTGACA,sampleName
GCAACATCACGTCATA-1,CTGTGTCAGACTGAGTGACTCTGTGTGACT,sampleName
GCAACATCACGTCATA-1,CTGTGTCAGACTGAGTGACTCTGTGTGACT,sampleName
GCACGGTAGAACAGGA-1,CTGACTCTCTCTCAGTCTCTCTCACTGACA,sampleName
GCACGTGGTGTTAGCT-1,CTGACTCAGACTGAGAGTCTGAGTGTGAGA,sampleName
GCAGCCAGTGTTTCTT-1,CAGACTCTCTCACACAGTCACTGTCAGTCA,sampleName
GCAGCCAGTGTTTCTT-1,CAGACTCTCTCACACAGTCACTGTCAGTCA,sampleName
GCAGCCATCACGTAGT-1,CTGTGACACAGTCACACACAGTGACACACT,sampleName
GCAGGCTCAGAGGAAA-1,GTCACACAGTCTGTCAGTGTCACTGACTCA,sampleName
GCATGATTCGAGTCTA-1,GAGACACTCAGACACACACTCTGACTGACA,sampleName
GCATTAGGTAAGGTCG-1,CACTGAGTGTGTGACACAGTCTGTCTCACT,sampleName
GCATTAGGTAAGGTCG-1,GTCTCACAGACTCTCACAGAGACAGACTCT,sampleName
GCATTAGGTAAGGTCG-1,GTCACACAGTCTGTCAGTGTCACTGACTCA,sampleName
GCCAGCAAGGGTAATT-1,GAGAGACTGACTCAGTGTGTCAGTGACACT,sampleName
GCCAGCAAGGGTAATT-1,GAGAGACTGACTCAGTGTGTCAGTGACACT,sampleName
GCCAGGTCACCCTGAG-1,GTGAGTCACACTCTGAGACTGACTGTCTGA,sampleName
GCCAGGTGTGAGGAAA-1,GAGAGACTGACTCAGTGTGTCAGTGACACT,sampleName
GCCAGGTGTGAGGAAA-1,GAGAGACTGACTCAGTGTGTCAGTGACACT,sampleName
GCCAGTGGTGGCATCC-1,GTGAGTCACACTGTGAGACTGACTGTCTGA,sampleName
GCCAGTGGTTCAACGT-1,GTGTCTGTCTCTCTGAGTCACTCACAGTCT,sampleName
GCCATTCCAATGTTGC-1,CACTCACTGTCTGAGACAGTCTGAGTGACA,sampleName
GCCATTCCAATGTTGC-1,CAGTGAGAGTCAGAGTCTGACTCTGTGAGA,sampleName
GCCATTCGTGTATTGC-1,CACTGAGTGTGTGACACAGTCTGTCTCACT,sampleName
GCCCAGACATGAAGGC-1,CTGTGTCAGACTGAGTGACTCTGTGTGACT,sampleName
GCCCAGATCGTAACCA-1,CTCTCACAGTCAGACTCACAGTCTCTGTCT,sampleName
GCCCGAATCTGCAGCG-1,CTGTGTCAGACTGAGTGACTCTGTGTGACT,sampleName
GCTACCTGTGCGAGTA-1,CAGTCTCTCTCACACAGTCACTGTCAGTCA,sampleName
GCTCAAAGTATCGCAT-1,CACTCACTGTCTGAGACAGTCTGAGTGACA,sampleName
GCTGAATCACAATTCG-1,GACTCTGTGACTGAGACTGTGTCACACTCA,sampleName
GCTGCAGGTTCGGTCG-1,GTCACACAGTCTGTCAGTGTCACTGACTCA,sampleName
GCTTCACCATGAGAAT-1,GTGAGACTCACTGACACACTGTCTCACTGA,sampleName
GCTTCACCATGAGAAT-1,GTGAGACTCACTGACACACTGTCTCACTGA,sampleName
GCTTTCGAGTTGAATG-1,CTGTGTCAGACTGAGTGACTCTGTGTGACT,sampleName
GCTTTCGGTGAATAAC-1,CTCTCACAGTCAGACTCACAGTCTCTGTCT,sampleName
GGAACCCAGTGCGTCC-1,CACTCACTGTCTGAGACAGTCTGAGTGACA,sampleName
GGAAGTGGTGTGACCC-1,CAGAGAGTCAGACACTCAGTCAGACTGTGA,sampleName
GGAAGTGTCATTGTGG-1,CACTCACTGTCTGAGACAGTCTGAGTGACA,sampleName
GGAATCTCAGAGTTCT-1,GAGAGACTGACTCAGTGTGTCAGTGACACT,sampleName
GGAATCTGTACGAGTG-1,CTGAGACTCACTCAGTCACTGTCTGTCACT,sampleName
GGAGCAAGTGGTACAG-1,GTCACACAGTCTGTCAGTGTCACTGACTCA,sampleName
GGAGGTACAAGTAGTA-1,CTGTGTCAGACTGAGTGACTCTGTGTGACT,sampleName
GGAGGTATCTCATTTG-1,CACTCACTGTCTGAGACAGTCTGAGTGACA,sampleName
GGATCTACAATACGCT-1,CTCACTGTCACTGTCTGTCTGACTCAGAGT,sampleName
GGATGTTCAAGCCATT-1,CTGACAGTGAGTGACTCTCAGACTCTGTCA,sampleName
GGCAGTCGTGAGATAT-1,CTGACTCAGACTGAGAGTCTGAGTGTGAGA,sampleName
GGCAGTCGTGAGATAT-1,CTGACTCAGACTGAGAGTCTGAGTGTGAGA,sampleName
GGCTTGGTCGTTCCTG-1,CTCAGTGACTCAGACACAGACTCTGACAGA,sampleName
GGCTTGGTCGTTCCTG-1,CTCAGTGACTCAGACACAGACTCTGACAGA,sampleName
GGCTTTCTCGTGGACC-1,GAGAGACTGACTCAGTGTGTCAGTGACACT,sampleName
GGCTTTCTCTTACTGT-1,CAGAGAGTCAGACACTCAGTCAGACTGTGA,sampleName
GGGAAGTTCTGAGAGG-1,CAGTCTCTCTCACACAGTCACTGTCAGTCA,sampleName
GGGACAAGTCTGTGTA-1,GTGTCTGTCTCTCTGAGTCACTCACAGTCT,sampleName
GGGACAAGTCTGTGTA-1,GTGTCTGTCTCTCTGAGTCACTCACAGTCT,sampleName
GGGAGATAGGTCTTTG-1,CACACTCTCTCTCTCTCTGAGACAGTGACA,sampleName
GGGAGTACAGCGTGCT-1,CACTGACAGACTGACACTCACTCTGTCACT,sampleName
GGGCCATGTCTTCCGT-1,CACAGACTGTGAGAGAGTCAGTGACACTCA,sampleName
GGGCCATGTTGGACTT-1,CACTCACTGTCTGAGACAGTCTGAGTGACA,sampleName
GGGCGTTCAGCGCTTG-1,CACTCACTGTCTGAGACAGTCTGAGTGACA,sampleName
GGTAACTCATCATTGG-1,GTCACACAGTCTGTCAGTGTCACTGACTCA,sampleName
GGTAACTTCTCAGGCG-1,CACACTCTCTCTCTCTCTGAGACAGTGACA,sampleName
GGTAATCGTCACAGTT-1,CACTCACTGTCTGAGACAGTCTGAGTGACA,sampleName
GGTAGAGGTATCGCTA-1,GTGAGTCACACTCTGAGACTGACTGTCTGA,sampleName
GGTCACGAGGCAGTCA-1,CTGACTGACTCACTGACACTCTCTGTCTCT,sampleName
GGTCACGGTGTTGATC-1,CACACTCTGAGAGTCTCAGACTCTCTCTCT,sampleName
GGTCTGGAGTCAATCC-1,GACAGACAGAGTCTCTCTCACTGACAGTCA,sampleName
GGTCTGGGTACTTCCC-1,CACTCACTGTCTGAGACAGTCTGAGTGACA,sampleName
GGTGAAGAGCATTTGC-1,CAGTGAGAGTCAGAGTCTGACTCTGTGAGA,sampleName
GGTGATTCACGTCTCT-1,CAGAGAGTCAGACACTCAGTCAGACTGTGA,sampleName
GGTGGCTAGCCGAACA-1,CACTGAGTGTGTGACACAGTCTGTCTCACT,sampleName
GGTGGCTGTCGGCACT-1,GTGTCTGTCTCTCTGAGTCACTCACAGTCT,sampleName
GGTGGCTGTCGGCACT-1,GTGTCTGTCTCTCTGAGTCACTCACAGTCT,sampleName
GGTGTCGGTATGCTAC-1,CAGTCACACACTCAGAGTCAGTGAGTCTCA,sampleName
GGTTAACGTGTGATGG-1,GTCTCACAGACTCTCACAGAGACAGACTCT,sampleName
GTAACACAGATCCCGC-1,CACTCACTGTCTGAGACAGTCTGAGTGACA,sampleName
GTAAGTCGTACTGCCG-1,CACTCACTGTCTGAGACAGTCTGAGTGACA,sampleName
GTAAGTCGTGTCCAAT-1,GTCACACAGTCTGTCAGTGTCACTGACTCA,sampleName
GTAATCGTCAGTCACA-1,CTGACTCTCTCTCAGTCTCTCTCACTGACA,sampleName
GTAATGCCATCCTGTC-1,CACTCACTGTCTGAGACAGTCTGAGTGACA,sampleName
GTAATGCTCCTAGAGT-1,CTGACTCAGACTGAGAGTCTGAGTGTGAGA,sampleName
GTACAACAGATGACCG-1,CTGACTCAGACTGAGAGTCTGAGTGTGAGA,sampleName
GTACAACAGTCGGCCT-1,CTCTCTGACACACTCTCAGACTGACAGACA,sampleName
GTACAACTCGAAGCCC-1,CTCTCTGTGTGTGACAGTGTCTCACTCAGT,sampleName
GTACAGTGTACCCAGC-1,CACAGACACTGACACAGTGTCTGAGAGTCT,sampleName
GTACAGTTCGTACCTC-1,CAGTCTCTCTCACACAGTCACTGTCAGTCA,sampleName
GTAGTACGTAGACAAT-1,CTGAGACTCACTCAGTCACTGTCTGTCACT,sampleName
GTATTGGCATAGAATG-1,GTGAGTCACACTCTGAGACTGACTGTCTGA,sampleName
GTCAAACGTGGCTTAT-1,CACTCACTGTCTGAGACAGTCTGAGTGACA,sampleName
GTCAAACGTTCAAGGG-1,CACACTCTCTCTCTCTCTGAGACAGTGACA,sampleName
GTCACGGAGGCACTCC-1,CTCTCACAGTCAGACTCACAGTCTCTGTCT,sampleName
GTCACGGCAACCGCTG-1,CACTCACTGTCTGAGACAGTCTGAGTGACA,sampleName
GTCATCCGTTCAGCTA-1,CACTCACTGTCTGAGACAGTCTGAGTGACA,sampleName
GTCATCCGTTCAGCTA-1,CTCTCTGACACACTCTCAGACTGACAGACA,sampleName
GTCATTTTCGTTGCCT-1,GTGAGTCACACTCTGAGACTGACTGTCTGA,sampleName
GTCCTCAGTACGGTTT-1,CACTCACTGTCTGAGACAGTCTGAGTGACA,sampleName
GTCCTCAGTGCCGGTT-1,CTCTCACAGTCAGACTCACAGTCTCTGTCT,sampleName
GTCGCGATCGCATAGT-1,GTCACACAGTCTGTCAGTGTCACTGACTCA,sampleName
GTCGCGATCGCATAGT-1,GTCACACAGTCTGTCAGTGTCACTGACTCA,sampleName
GTCGTTCAGGCTAACG-1,CACTGAGTGTGTGACACAGTCTGTCTCACT,sampleName
GTCGTTCAGGTTCATC-1,CACTCACTGTCTGAGACAGTCTGAGTGACA,sampleName
GTCTACCAGCATGAAT-1,GACAGAGTCACAGTGTGAGTGTCAGAGTGA,sampleName
GTGAGCCCACACGCCA-1,CAGAGAGTCAGACACTCAGTCAGACTGTGA,sampleName
GTGAGCCGTAACCCTA-1,GTGTCTGTCTCTCTGAGTCACTCACAGTCT,sampleName
GTGAGGACATCCTTGC-1,CTGTGTGACTCACTCACTGTCTCAGACTGA,sampleName
GTGAGGACATGGGCAA-1,CACTCACTGTCTGAGACAGTCTGAGTGACA,sampleName
GTGATGTCAGGAGACT-1,CACTCACTGTCTGAGACAGTCTGAGTGACA,sampleName
GTGATGTGTGAATAAC-1,CACTGAGTGTGTGACACAGTCTGTCTCACT,sampleName
GTGATGTTCACTTATC-1,CACTCACTGTCTGAGACAGTCTGAGTGACA,sampleName
GTGCACGTCAAGCGTT-1,CAGAGAGTCAGACACTCAGTCAGACTGTGA,sampleName
GTGCAGCAGCAATTAG-1,CTCTCACAGTCAGACTCACAGTCTCTGTCT,sampleName
GTGCGTGTCTCCACTG-1,GTCTCACTGTCACTGACAGTGACTCTGAGA,sampleName
GTGGCGTAGAGTTCGG-1,CTCTCACAGTCAGACTCACAGTCTCTGTCT,sampleName
GTGGCGTAGGATTCAA-1,CTGACACAGAGTCAGACAGTGTGACTCAGT,sampleName
GTGGTTATCCACCCTA-1,GTGAGTCACACTCTGAGACTGACTGTCTGA,sampleName
GTGTAACGTAAGGCCA-1,GTGAGTCACACTCTGAGACTGACTGTCTGA,sampleName
GTGTCCTTCAAGAGGC-1,CAGAGAGTCAGACACTCAGTCAGACTGTGA,sampleName
GTGTCCTTCAAGAGGC-1,CAGAGAGTCAGACACTCAGTCAGACTGTGA,sampleName
GTGTGATTCGTCGATA-1,GTCACACAGTCTGTCAGTGTCACTGACTCA,sampleName
GTTACGATCGTCAAAC-1,GACACACTGTCTCTCAGTCAGACTGTCAGA,sampleName
GTTAGACCATGTTACG-1,GACTGTGACAGTCTGACTCTCACACTGTCT,sampleName
GTTATGGAGCTCCCTT-1,GTGAGTGTCTGTGTCACACACTGACTGACA,sampleName
GTTGCGGAGTCGGCCT-1,GTGAGTCACACTCTGAGACTGACTGTCTGA,sampleName
GTTGTGAAGGGTCTTT-1,CTCTCAGTCTCAGTCACTCTCACAGACTCA,sampleName
GTTGTGAGTGTCCAAT-1,CTCTCACAGTCAGACACACAGTCTCTGTCT,sampleName
GTTTACTCAACTTGGT-1,GTCTCACAGACTCTCACAGAGACAGACTCT,sampleName
GTTTACTGTTCGGCTG-1,GAGAGACTGACTCAGTGTGTCAGTGACACT,sampleName
GTTTGGACAGGTTCCG-1,CACACTCTCTCTCTCTCTGAGACAGTGTCA,sampleName
GTTTGGAGTCTAGGTT-1,CTCTGACTCTGACACAGTGACAGTCAGTCT,sampleName
TAACTTCGTTTGGGTT-1,CACTCACTGTCTGAGACAGTCTGAGTGACA,sampleName
TAACTTCTCTATTTCG-1,CACTCACTGTCTGAGACAGTCTGAGTGACA,sampleName
TAACTTCTCTATTTCG-1,CACTCACTGTCTGAGACAGTCTGAGTGACA,sampleName
TAACTTCTCTATTTCG-1,CAGTCACACACTCAGAGTCAGTGAGTCTCA,sampleName
TAAGCACAGTTGCCTA-1,CACTCACTGTCTGAGACAGTCTGAGTGACA,sampleName
TAAGCACGTTTCGTAG-1,CAGAGAGTCAGACACTCAGTCAGACTGTGA,sampleName
TAAGCCAAGATCACCT-1,CACTGAGTGTGTGACACAGTCTGTCTCACT,sampleName
TAAGCCAAGATCACCT-1,CACTGAGTGTGTGACACAGTCTGTCTCACT,sampleName
TAAGCCAGTACAAGTA-1,GACAGACAGAGACTCTCTCACTGACAGTCA,sampleName
TAAGCGTGTTAGAGAT-1,CAGTCTCTCTCACACAGTCACTGTCAGTCA,sampleName
TAAGTCGGTTTGTTCT-1,CACTGAGTGTGTGACACAGTCTGTCTCACT,sampleName
TAAGTCGTCCACGTCT-1,CACTGAGTGTGTGACACAGTCTGTCTCACT,sampleName
TAATCTCTCCAAGCAT-1,CAGTGACTCACAGTCAGTCACACACACACA,sampleName
TAATTCCAGAATTGTG-1,CACAGTGTCTCTCTGACTGACACACTGACA,sampleName
TAATTCCAGCGAGGAG-1,CTGACTCAGACTGAGAGTCTGAGTGTGAGA,sampleName
TAATTCCGTTGTGGAG-1,CACTGACAGACTGACACTCACTCTGTCACT,sampleName
TACCCGTAGAGCTTTC-1,GTGAGTCACACTCTGAGACTGACTGTCTGA,sampleName
TACCGAAAGAGGATGA-1,CAGTCTCTCTCACACAGTCACTGTCAGTCA,sampleName
TACGGTAGTATAATGG-1,CACTGAGTGTGTGACACAGTCTGTCTCACT,sampleName
TACTTACTCGTTGTTT-1,CAGTCTCTCTCACACAGTCACTGTCAGACA,sampleName
TACTTACTCGTTGTTT-1,CAGTCTCTCTCACACAGTCACTGTCAGACA,sampleName
TACTTGTGTCGAGCTC-1,CTGACTCTCTCTCAGTCTCTCTCACTGACA,sampleName
TAGACCATCGAACACT-1,GTCTCACAGACTCTCACAGAGACAGACTCT,sampleName
TAGACTGTCTATTCGT-1,CTCTCTGACACACTCTCAGACTGACAGACA,sampleName
TAGATCGTCGAAGCCC-1,CTGTGTCAGACTGAGTGACTCTGTGTGACT,sampleName
TAGGTACAGCAAGTCG-1,CTGTGTCAGACTGAGTGACTCTGTGTGACT,sampleName
TAGTGCAGTTCCCACT-1,GTGAGACTCACTGACACACTGTCTCACTGA,sampleName
TAGTGCAGTTCCCACT-1,CAGAGAGTCAGACACTCAGTCAGACTGTGA,sampleName
TATACCTCAGAGAGGG-1,GTCTCACAGACTCTCACAGAGACAGACTCT,sampleName
TATATCCCATTGTAGC-1,GTGAGACTCACTGACACACTGTCTCACTGA,sampleName
TATCAGGGTTCTCGCT-1,CTCTCTGACACACTCTCAGACTGACAGACA,sampleName
TATCCTAAGCCTCTGG-1,GTCACACAGTCTGTCAGTGTCACTGACTCA,sampleName
TATCCTACATTGTAGC-1,CAGAGAGTCAGACACTCAGTCAGACTGTGA,sampleName
TATCCTATCTAGTGTG-1,CACTGAGAGAGTGACACAGTCTGTCTCACT,sampleName
TATGTTCCATCGGATT-1,CACTGACAGACTGACACTCACTCTGTCACT,sampleName
TATGTTCGTACGAGCA-1,GTCACACAGTCTGTCAGTGTCACTGACTCA,sampleName
TATGTTCGTACGAGCA-1,GTCACACAGTCTGTCAGTGTCACTGACTCA,sampleName
TATTCCACAGCGCGTT-1,CACAGACTGTGAGAGAGTCAGTGACACTCA,sampleName
TATTGCTGTCTAGTGT-1,GTGTCTGTCTCTCTGTGTCACTCACAGTCT,sampleName
TATTGGGAGTGGTCAG-1,CAGAGAGTCAGACACTCAGTCAGACTGTGA,sampleName
TATTGGGTCAATGCAC-1,CTGTGTCAGACTGAGTGACTCTGTGTGACT,sampleName
TCAAGCACAGAGGGTT-1,CACTGACAGACTGACACTCACTCTGTCACT,sampleName
TCAAGTGGTTGGACTT-1,CACTGAGTGTGTGACACAGTCTGTCTCACT,sampleName
TCAAGTGGTTGGACTT-1,CACTGAGTGTGTGACACAGTCTGTCTCACT,sampleName
TCAATCTTCGTGGCGT-1,CACTGAGTGTGTGACACAGTCTGTCTCACT,sampleName
TCACAAGGTGCATGAG-1,CACTCACTGTCTGAGACAGTCTGAGTGACA,sampleName
TCACATTAGCTAATGA-1,GTGAGTCACACTCTGAGACTGACTGTCTGA,sampleName
TCACATTCACGTCGGT-1,CAGTGACTCACAGTCAGTCACACACACACA,sampleName
TCAGCAACATGACGTT-1,CACTCACTGTCTGAGACAGTCTGAGTGACA,sampleName
TCAGCCTTCAGGAGAC-1,CTCAGACTCACTCTGTCACACTCTGTCTGA,sampleName
TCAGGGCCAGTAGTGG-1,GTGTCTGTCTCTCTGAGTCACTCACAGTCT,sampleName
TCAGGTAAGGCATCTT-1,CACTGAGTGTGTGACACAGTCTGTCTCACT,sampleName
TCAGTTTTCCACGGAC-1,CACTCACTGTCTGAGACAGTCTGAGTGACA,sampleName
TCATACTCAAGAGAGA-1,CTCTCACAGTCAGACTCACAGTCTCTGTCT,sampleName
TCATCATTCCCGAGAC-1,GTCACACAGTCTGTCAGTGTCACTGACTCA,sampleName
TCATCCGGTCGCGTTG-1,GTGAGTCACACTCTGAGACTGACTGTCTGA,sampleName
TCATGCCCAAAGTATG-1,CTCTCTGACACACTCTCAGACTGACAGACA,sampleName
TCATGCCCAGCTATAC-1,CACTGAGTGTGTGACACAGTCTGTCTCACT,sampleName
TCATGCCGTAATCAAG-1,GAGAGACTGACTCAGTGTGTCAGTGACACT,sampleName
TCATTACCACGTCATA-1,CACACTCTCTCTCTCTCTGAGACAGTGACA,sampleName
TCATTTGCAGCAATTC-1,CTGACTCTCTCTCAGTCTCTCTCACTGACA,sampleName
TCATTTGCAGCAATTC-1,CACTCACTGTCTGAGACAGTCTGAGTGACA,sampleName
TCATTTGCATCGAGCC-1,CACTCACTGTCTGAGTCTGACTGTGTGACA,sampleName
TCCACGTCAGCCGTTG-1,CACTCACTGTCTGAGACAGTCTGAGTGACA,sampleName
TCCCACACAATTCGTG-1,CTGACAGTGAGTGACTCTCAGACTCTGTCA,sampleName
TCCCAGTTCTAGACCA-1,CACTCACTGTCTGAGACAGTCTGAGTGACA,sampleName
TCCCATGCAACTAGAA-1,CTCTCTGTGTGTGACAGTGTCTCACTCAGT,sampleName
TCCGAAACACCTGTCT-1,GTCTCACAGACTCTCACAGAGACAGACTCT,sampleName
TCCGAAATCACACGAT-1,CACTCACTGTCTGAGACAGTCTGAGTGACA,sampleName
TCCGAAATCACACGAT-1,CACTGAGTGTGTGACACAGTCTGTCTCACT,sampleName
TCCGATCAGACTAGAT-1,GTCACACAGTCTGTCAGTGTCACTGACTCA,sampleName
TCCGGGAAGACTTGTC-1,CAGAGAGTCAGACACTCAGTCAGACTGTGA,sampleName
TCCGGGATCCGGGACT-1,GTGTCTGTCTCTCTGAGTCACTCACAGTCT,sampleName
TCCTCCCTCAAGAGTA-1,GTGAGTCACACTCTGAGACTGACTGTCTGA,sampleName
TCCTCCCTCCAGGACC-1,CTGACTCTCTCTCAGTCTCTCTCACTGACA,sampleName
TCCTCGACATCCGATA-1,CTGACTCTCTCTCAGTCTCTCTCACTGACA,sampleName
TCCTCGACATCCGATA-1,CTGACTCTCTCTCAGTCTCTCTCACTGACA,sampleName
TCCTCTTTCCGTGTAA-1,CACAGACACTGACACAGTGTCTGAGAGTCT,sampleName
TCCTTTCAGCCTGTCG-1,GACAGACAGAGTCTCTCTCACTGACAGTCA,sampleName
TCGAACAAGGCTCTCG-1,CTCACTGTCAGTGTGTGTCTCAGTGTCTGT,sampleName
TCGAAGTCAGGTTCGC-1,CTGACACAGAGTCAGACAGTGTGACTCAGT,sampleName
TCGAAGTTCAAGCTTG-1,GTGAGACTCACTGACACACTGTCTCACTGA,sampleName
TCGACGGCACTGTCGG-1,CACAGACTGTGAGAGAGTCAGTGACACTCA,sampleName
TCGCACTGTGTTTACG-1,GACAGACAGAGTCTCTCTCACTGACAGTCA,sampleName
TCGCTCATCACTGGGC-1,CTGACTCTCTCTCAGTCTCTCTCACTGACA,sampleName
TCGTGGGTCTGTCCCA-1,GTGTGAGTCAGTGAGACTCAGTGACTGTGA,sampleName
TCTATCACAGCCTATA-1,GTCTCACAGACTCTCACAGAGACAGACTCT,sampleName
TCTCAGCCATGGGCAA-1,GTCTCACAGACTCTCACAGAGACAGACTCT,sampleName
TCTCTGGTCAGGGTAG-1,CTGTGTCAGACTGAGTGACTCTGTGTGACT,sampleName
TCTCTGGTCTATACGG-1,CTGACTCAGTGTCACTCACACTCTCTCTCT,sampleName
TCTGCCACACGTACTA-1,GTGAGTCACACTCTGAGACTGACTGTCTGA,sampleName
TCTGCCATCGCTTTAT-1,GTCTGTGACTCTCAGTCTGTGTCACAGAGT,sampleName
TCTGGCTAGTTACGTC-1,GTGAGTCACACTCTGAGACTGACTGTCTGA,sampleName
TCTGTCGCAGCAGTTT-1,CACTCACTGTCTGAGACAGTCTGAGTGACA,sampleName
TGACAGTAGTGCCTCG-1,CTCACTGTCACTGTCTGTCTGACTCAGTGT,sampleName
TGACCCTAGGGAGATA-1,CACAGACTGTGAGAGAGTCAGTGACACTCA,sampleName
TGACCCTCAGACCGCT-1,CTGACTCTCTCACTCAGACACTGAGTCTCT,sampleName
TGACCCTTCATGAGGG-1,CTCTCACAGTCAGACTCACAGTCTCTGTCT,sampleName
TGACGCGGTCAGTCCG-1,CTGACTCAGTGTCACTCACACTCTCTCTCT,sampleName
TGACGCGTCCTTCAGC-1,CTGACTCAGACTGAGAGTCTGAGTGTGAGA,sampleName
TGACTCCAGAAGTCAT-1,CAGAGAGTCAGACACTCAGTCAGACTGTGA,sampleName
TGACTCCAGCGTACAG-1,CTGACACAGAGTCAGACAGTGTGACTCAGT,sampleName
TGACTCCAGTACGTCT-1,CTGACACAGAGTCAGACAGTGTGACTCAGT,sampleName
TGACTCCAGTACGTCT-1,CTGACACAGAGTCAGACAGTGTGACTCAGT,sampleName
TGAGACTTCCGCGATG-1,GTCACACAGTCTGTCAGTGTCACTGACTCA,sampleName
TGAGGAGGTAGCTGCC-1,CACAGACTGTGAGAGAGTCAGTGACACTCA,sampleName
TGAGGAGTCCACGTCT-1,CACACTCTCTCTCTCTCTGAGACAGTGACA,sampleName
TGAGGGAAGCGATGAC-1,GTGAGACTCACTGACACACTGTCTCACTGA,sampleName
TGAGGTTCAAATGCTC-1,CACTGAGTGTGTGACACAGTCTGTCTCACT,sampleName
TGAGTCACACCTGCGA-1,GACTCTCTGTGACACTGACAGAGTCTCAGA,sampleName
TGATTTCTCGCATAGT-1,CACTGAGTGTGTGACACAGTCTGTCTCACT,sampleName
TGATTTCTCGCATAGT-1,CACTGAGTGTGTGACACAGTCTGTCTCACT,sampleName
TGCAGATTCTCAGAAC-1,CACTCACTGTCTGAGACAGTCTGAGTGACA,sampleName
TGCAGGCTCACTAGCA-1,CTGACTCTCTCTCAGTCTCTCTCACTGACA,sampleName
TGCATCCTCTAAGCCA-1,GTCTCACAGACTCTCACAGAGACAGACTCT,sampleName
TGCATGATCCAACCGG-1,GAGAGACTGACTCAGTGTGTCAGTGACACT,sampleName
TGCATGATCCAACCGG-1,GAGAGACTGACTCAGTGTGTCAGTGACACT,sampleName
TGCTCGTTCAGCGCGT-1,CTGACTCTCTCTCAGTCTCTCTCACTGACA,sampleName
TGCTTCGGTGGCCACT-1,GTCACACAGTCTGTCAGTGTCACTGACTCA,sampleName
TGCTTCGTCCGGCAAC-1,GTGAGTCACACAGACACTCTCTCTCACTGT,sampleName
TGCTTCGTCCGGCAAC-1,CAGTGAGAGTCAGAGTCTGACTCTGTGAGA,sampleName
TGGAACTAGTCATACC-1,CTGACTCTCTCTCAGTCTCTCTCACTGACA,sampleName
TGGATCATCTCGCCTA-1,GACTCTCTGTGACACTGACAGAGTCTCAGA,sampleName
TGGGCGTGTCAACCAT-1,GAGAGACTGACTCAGTGTGTCAGTGACACT,sampleName
TGGGCGTTCCGCTTAC-1,GACACACTGTCTCTCAGTCAGACTGTCAGA,sampleName
TGGGCGTTCTACTGAG-1,GTCACACAGTCTGTCAGTGTCACTGACTCA,sampleName
TGGTACAAGTCTAGCT-1,GTGAGACTCACTGACACACTGTCTCACTGA,sampleName
TGGTACACACTACGGC-1,CACAGACTGTGAGAGAGTCAGAGACACTCA,sampleName
TGGTACATCGCATTGA-1,CTGAGTCTCTCTCACAGACACTCACTGACT,sampleName
TGGTACATCGCATTGA-1,CAGTCTCTCTCACACAGTCACTGTCAGTCA,sampleName
TGGTAGTAGCTGTTAC-1,CACACTCTCTCTCTCTCTGAGACAGTGACA,sampleName
TGGTGATAGGGCTTCC-1,CACACTCTCTCTCTCTCTGAGACAGTGACA,sampleName
TGGTGATTCGCGGACT-1,GTCACACAGTCTGTCAGTGTCACTGACTCA,sampleName
TGGTTAGGTCACGTGC-1,CACTGAGTGTGTGACACAGTCTGTCTCACT,sampleName
TGTAACGCACATATGC-1,GTGTCTGTCTCTCTGAGTCAGTCACAGTCT,sampleName
TGTAACGTCCCAATAG-1,CACACTCTCTCTCTCTCTGAGACAGTGACA,sampleName
TGTACAGCACTTCCTG-1,CTCTCACAGTCAGACTCACAGTCTCTGTCT,sampleName
TGTAGACAGACCATAA-1,CTCTCACAGTCAGACTCACAGTCTCTGTCT,sampleName
TGTCCCACACTTGACA-1,CTGAGACTGACACAGACAGTCACACAGTCT,sampleName
TGTGAGTTCCAGTACA-1,GACTCTCTGTGACACTGACAGAGTCTCAGA,sampleName
TGTTACTCAAACACGG-1,CTGACTCAGACTGAGAGTCTGAGTGTGAGA,sampleName
TTACGCCAGACTTAAG-1,GTGAGTCACACTCTGAGACTGACTGTCTGA,sampleName
TTACGCCAGACTTAAG-1,GTCACACAGTCTGTCAGTGTCACTGACTCA,sampleName
TTAGTCTAGAGAGCGG-1,CACAGACTGTGAGAGAGTCAGTGACACTCA,sampleName
TTAGTCTGTTACGCCG-1,GTGAGACTCACTGACACACTGTCTCACTGA,sampleName
TTCAATCGTCGGTGTC-1,GTGAGTCACACAGACACTCTCTCTCACTGT,sampleName
TTCACCGCACACGGTC-1,GAGAGACTGACTCAGTGTGTCAGTGACACT,sampleName
TTCCGTGCATGAATAG-1,GTCACACAGTCTGTCAGTGTCACTGACTCA,sampleName
TTCCTAAAGTGAATAC-1,GACTCTCTGTGACACTGACAGAGTCTCAGA,sampleName
TTCCTTCCAATCGCAT-1,CTGTGTCAGACTGAGTGACTCTGTGTGACT,sampleName
TTCGATTCAGTGAGCA-1,GTGAGTCACACTCTGAGACTGACTGTCTGA,sampleName
TTCGGTCGTTCTTAGG-1,GTGACACTGTCACAGTGTGTGAGAGAGTCA,sampleName
TTCGGTCGTTCTTAGG-1,GTCTCACAGACTCTCACAGAGACAGACTCT,sampleName
TTCTAGTCAGCATACT-1,GTCTCACAGACTCTCACAGAGACAGACTCT,sampleName
TTGAGTGAGAGCCTGA-1,GTCTCACAGACTCTCACAGAGACAGACTCT,sampleName
TTGCGTCAGACTTGTC-1,CACTCACTGTCTGAGACAGTCTGAGTGACA,sampleName
TTGCGTCCAAATACGA-1,CACTCACTGTCTGAGACAGTCTGAGTGACA,sampleName
TTGCTGCGTGATACAA-1,CTGACTCAGACTGAGAGTCTGAGTGTGAGA,sampleName
TTGCTGCTCCCGTGAG-1,GTCTCACAGACTCTCACAGAGACAGACTCT,sampleName
TTGGGCGAGTGCACAG-1,GTCTCACAGACTCTCACAGAGACAGACTCT,sampleName
TTGGGCGAGTGCACAG-1,GTCTCACAGACTCTCACAGAGACAGACTCT,sampleName
TTGGGCGTCCTCGATC-1,CACACTCTCTCTCTCTCTGAGACAGTGACA,sampleName
TTGGTTTCACCGTCTT-1,GACTCTCTGTGACACTGACAGAGTCTCAGA,sampleName
TTGGTTTGTCATTCCC-1,GTCTCACAGACTCTCACAGAGACAGACTCT,sampleName
TTGTGGAGTGCTTCAA-1,CACTCACTGTCTGAGACAGTCTGAGTGACA,sampleName
TTGTGTTGTTGGAGGT-1,CACTGACAGACTGACACTCACTCTGTCACT,sampleName
TTGTTGTCATTGAGCT-1,CTCTGACAGTGTCACAGACAGACAGAGACT,sampleName
TTGTTTGCAGTAACAA-1,CTGTGTCAGACTGAGTGACTCTGTGTGACT,sampleName
TTGTTTGGTACGACTT-1,CAGAGAGTCAGACACTCAGTCAGACTGTGA,sampleName
TTGTTTGGTACGACTT-1,GTCACACAGTCTGTCAGTGTCACTGACTCA,sampleName
TTGTTTGTCTTAGCCC-1,CACACTCTCTCTCTCTCTGAGACAGTGACA,sampleName
TTGTTTGTCTTAGCCC-1,GACTCTCTGTGACACTGACAGAGTCTCAGA,sampleName
TTTACCATCCGCCTAT-1,GTCTCACAGACTCTCACAGAGACAGACTCT,sampleName
TTTCAGTCAGACCTGC-1,CACTCACTGTCTGAGACAGTCTGAGTGACA,sampleName
TTTGACTAGTGAGCCA-1,CACTGACAGACTGACACTCACTCTGTCACT,sampleName
TTTGGAGTCACGAGGA-1,CTCTGACAGTGTCACAGACAGACAGAGACT,sampleName
TTTGTTGAGATGGTAT-1,CTGTGTCAGACTGAGTGACTCTGTGTGACT,sampleName
TTTGTTGTCCGATAAC-1,CAGAGAGTCAGACACTCAGTCAGACTGTGA,sampleName
TTTGTTGTCGGACTTA-1,GTCACACAGTCTGTCAGTGTCACTGACTCA,sampleName
AAAGTCCGTCATGGCC-2,GTGACACTGTCACAGTGTGTGAGAGAGTCA,otherSampleName
AAAGTGAGTAACAGGC-2,CTCTCTGTGTGTGACAGTGTCTCACTCAGT,otherSampleName
AAATGGACAGTCAGAG-2,GACACACTCTCTCACTGACTCAGTGTGTCA,otherSampleName
AAATGGACATCGCTCT-2,CTGACTCAGACTGAGAGTCTGAGTGTGAGA,otherSampleName
AACAAAGGTCGCATCG-2,GTCACACAGTCTGTCAGTGTCACTGACTCA,otherSampleName
AACAAGAGTGTCCAAT-2,GTGAGACTCACTGACACACTGTCTCACTGA,otherSampleName
AACGAAATCTTTGCTA-2,CTCACACACACACAGAGTCTGTCAGACACA,otherSampleName
AACGGGAAGTCGAAAT-2,CACTGAGTGTGTGACACAGTCTGTCTCACT,otherSampleName
AACGGGACACCTCAGG-2,CACTCACTGTCTGAGACAGTCTGAGTGACA,otherSampleName
AACGGGACAGCAGTGA-2,GTCTGTCTGACTCTGTGTCACTCTCTCACA,otherSampleName
AAGACTCCACTGCACG-2,GTGAGACTCACTGACACACTGTCTCACTGA,otherSampleName
AAGCGTTTCCTCAGGG-2,CTGAGACTCACTCAGTCACTGTCTGTCACT,otherSampleName
AAGCGTTTCGAAGGAC-2,GACAGACAGAGTCTCTCTCACTGACAGTCA,otherSampleName
AAGGTAATCATAGGCT-2,CTGAGTCTCTCTCACAGACACTCACTGACT,otherSampleName
AAGTCGTTCGCCGAGT-2,GTGAGACTCACTGACACACTGTCTCACTGA,otherSampleName
AAGTTCGTCTCAGTCC-2,CTGACACAGAGTCAGACAGTGTGACTCAGT,otherSampleName
AATCGACCAACGGCCT-2,GTGTCTGTCTCTCTGAGTCACTCACAGTCT,otherSampleName
AATGAAGGTGTCTTCC-2,CTGACTCAGACTGAGAGTCTGAGTGTGAGA,otherSampleName
AATGAAGTCTAAGCCA-2,CAGTCTGTCAGAGTCTGTCACTGTGTCTCT,otherSampleName
AATGACCCACGCCACA-2,GTGTGTGTCTGTGTCACACACTGACTGACA,otherSampleName
AATGCCACAAGTTCCA-2,CTGTGTCAGACTGAGTGACTCTGTGTGACT,otherSampleName
AATGCCACAGTCGCAC-2,CAGAGAGTCAGACACTCAGTCAGACTGTGA,otherSampleName
AATGGCTAGAGGTATT-2,CTGACTCTCTCACTCAGACACTGAGTCTCT,otherSampleName
AATTCCTGTAACACGG-2,GTCACACAGTCTGTCAGTGTCACTGACTCA,otherSampleName
AATTCCTGTTCTTGTT-2,GTCTCACAGACTCTCACAGAGACAGACTCT,otherSampleName
AATTTCCGTACTTGTG-2,GAGACACTCAGACACACACTCTGACTGACA,otherSampleName
ACACCAAGTCACCGAC-2,GTGAGACTCACTGACACACTGTCTCACTGA,otherSampleName
ACACTGAGTCGCAACC-2,CACTCACTGTCTGAGACAGTCTGAGTGACA,otherSampleName
ACACTGAGTCGCAACC-2,CACTCACTGTCTGAGACAGTCTGAGTGACA,otherSampleName
ACAGCCGCACTACCCT-2,CTGAGACTCACTCAGTCACTGTCTGTCACT,otherSampleName
ACATCCCAGTTCATCG-2,GTGAGACTCACTGACACACTGTCTCACTGA,otherSampleName
ACATGCATCCTACCGT-2,CACTGAGTGTGTGACACAGTCTGTCTCACT,otherSampleName
ACATTTCAGTAACCGG-2,CTGTGTCAGACTGAGTGACTCTGTGTGACT,otherSampleName
ACATTTCTCACTACTT-2,CTGACTCAGACTGAGAGTCTGAGTGTGAGA,otherSampleName
ACATTTCTCACTACTT-2,CTGACTCAGACTGAGAGTCTGAGTGTGAGA,otherSampleName
ACCAAACAGCAGGGAG-2,CTCTCTGTGTGTGACAGTGTCTCACTCAGT,otherSampleName
ACCCAAACAATTCACG-2,GTCACACAGTCTGTCAGTGTCACTGACTCA,otherSampleName
ACCCAAACATAACCCA-2,CACTGAGTGTGTGACACAGTCTGTCTCACT,otherSampleName
ACCCAAACATCGATAC-2,GTCACACAGTCTGTCAGTGTCACTGACTCA,otherSampleName
ACCCTCAGTCGAAGCA-2,CACTGACTGAGACACAGTCACACACTCTCA,otherSampleName
ACCGTTCGTATGTCCA-2,GAGAGACTGACTCAGTGTGTCAGTGACACT,otherSampleName
ACCTACCGTCGCGTCA-2,CAGTCACACACTCAGAGTCAGTGAGTCTCA,otherSampleName
ACCTACCGTTCGGCGT-2,CACAGACACTGACACAGTGTCTGAGAGTCT,otherSampleName
ACCTGTCCAAGTGTCT-2,GTGAGACTCACTGACACACTGTCTCACTGA,otherSampleName
ACGCACGTCCATGCAA-2,CAGTCTCTCTCACACAGTCACTGTCAGTCA,otherSampleName
ACGGGTCAGTACTCGT-2,GTCACACAGTCTGTCAGAGTCACTGACTCA,otherSampleName
ACGGGTCAGTACTCGT-2,GTCACACAGTCTGTCAGAGTCACTGACTCA,otherSampleName
ACGGGTCAGTACTCGT-2,CACTGAGTGTGTGACACAGTCTGTCTCACT,otherSampleName
ACGTAACCATGGCCAC-2,CACAGACTGTGAGAGAGTCAGTGACACTCA,otherSampleName
ACGTAACTCGTCACCT-2,CACACTCTGAGAGTCTCAGACTCTCTCTCT,otherSampleName
ACGTACACACCAATTG-2,GTCACACAGTCTGTCAGTGTCACTGACTCA,otherSampleName
ACGTAGTCACTGCGAC-2,CTGACTCTCTCTCAGTCTCTCTCACTGACA,otherSampleName
ACTATCTCGACTTCAC-2,GACTGAGTCTGTCTGACAGAGTCTCACTCT,otherSampleName
ACTATCTGTGGCTACC-2,GTCACACAGTCTGTCAGTGTCACTGACTCA,otherSampleName
ACTATCTGTGGGACAT-2,CTGACTCAGACTGAGAGTCTGAGTGTGAGA,otherSampleName
ACTATCTGTGTTGAGG-2,CTCTCACAGTCAGACTCACAGTCTCTGTCT,otherSampleName
ACTATGGAGGCTTAAA-2,GTCTCACAGACTCTCACAGAGACAGACTCT,otherSampleName
ACTCTCGAGACCCGCT-2,CACACTCTCTCTCTCTCTGAGACAGTGACA,otherSampleName
ACTCTCGAGGTCCCGT-2,CTGTGTGACTCACTCACTGTCTCAGACTGA,otherSampleName
ACTCTCGCATGACCCG-2,GTCACACAGTCAGTCAGTGTCACTGACTCA,otherSampleName
ACTCTCGCATGACCCG-2,GTCACACAGTCAGTCAGTGTCACTGACTCA,otherSampleName
ACTGCAACAGTCAGCC-2,CACAGACTGTGAGAGAGTCAGTGACACTCA,otherSampleName
ACTGCAACAGTCAGCC-2,GACAGACAGAGTCTCTCTCACTGACAGTCA,otherSampleName
ACTGTGAGTGATAGTA-2,GACAGACAGAGTCTCTCTCACTGACAGTCA,otherSampleName
ACTGTGATCGTTGCCT-2,GTGAGTCACACTCTGAGACTGACTGTCTGA,otherSampleName
ACTTAGGCAACTGTGT-2,GTCACACAGTCTGTCAGTGTCACTGACTCA,otherSampleName
ACTTATCAGGTTGTTC-2,GAGAGACTGACTCAGTGTGTCAGTGACACT,otherSampleName
ACTTCCGTCGGACTTA-2,CACTCACTGTCTGAGACAGTCTGAGTGACA,otherSampleName
ACTTCGCCATGTGGTT-2,GTGAGTCACACTCTGAGACTGACTGTCTGA,otherSampleName
ACTTCGCCATTCAGGT-2,GACAGACAGAGTCTCTCTCACTGACAGTCA,otherSampleName
ACTTCGCGTTTGTTGG-2,GAGACACTGACTCTGAGACAGTCACTCTGA,otherSampleName
ACTTTGTGTCATGCAT-2,GTCTCACTGTCACTGACAGTGACTCTGAGA,otherSampleName
AGAACCTGTTCCTACC-2,CTGACTCTCTCACTCAGACACTGAGTCTCT,otherSampleName
AGAAGCGCAAGAGGTC-2,GTGTCTGTCTCTCTGAGTCACTCACAGTCT,otherSampleName
AGAAGTAAGGTGATCG-2,GACACACTGTCTCTCAGTCAGACTGTCAGA,otherSampleName
AGAAGTAGTCCACAGC-2,CTCAGACTCACTCTGTCACACTCTGTCTGA,otherSampleName
AGAAGTATCTCCGATC-2,CTGAGACTCACTCAGTCACTGTCTGTCACT,otherSampleName
AGACCATAGGGCAACT-2,CAGTCACACACTCAGAGTCAGTGAGTCTCA,otherSampleName
AGACCCGTCTAGTACG-2,CACTCACTGTCTGAGACAGTCTGAGTGACA,otherSampleName
AGACTCACAGGTTCAT-2,GTCACACAGTCAGTCAGTGTCACTGACTCA,otherSampleName
AGAGAATCACTTTAGG-2,CTCTCTGACACACTCTCAGACTGACAGACA,otherSampleName
AGAGAATGTAACTGCT-2,CAGTCACACACTCAGAGTCAGTGAGTCTCA,otherSampleName
AGAGCAGGTGGACCAA-2,CTGTCTGTCTCTCTGAGTCACTCACAGTCT,otherSampleName
AGAGCAGGTGGACCAA-2,CTGTCTGTCTCTCTGAGTCACTCACAGTCT,otherSampleName
AGATCCAGTGTCTTCC-2,CAGTCTCTCTCACACAGTCACTGTCAGTCA,otherSampleName
AGCCAATAGAATCGCG-2,GTGAGTCACACTCTGAGACTGACTGTCTGA,otherSampleName
AGCCAATAGAATCGCG-2,CACTCACTGTCTGAGACAGTCTGAGTGACA,otherSampleName
AGCTCAAAGCCTGGAA-2,CACACTCTCTCTCTCTCTGAGACAGTGACA,otherSampleName
AGCTTCCGTACCAATC-2,GTGAGACTCACTGACACACTGTCTCACTGA,otherSampleName
AGCTTCCTCGGTCTGG-2,CTGACTCAGACTGAGAGTCTGAGTGTGAGA,otherSampleName
AGGAATACAGCATCTA-2,GTCTCACAGACTCTCACAGAGACAGACTCT,otherSampleName
AGGACTTGTAATCAAG-2,GTGAGTCACACTCTGAGACTGACTGTCTGA,otherSampleName
AGGCCACGTCCGGTGT-2,CACTCACTGTCTGAGACAGTCTGAGTGACA,otherSampleName
AGGGCTCAGTGCTCGC-2,CACTCACTGTCTGAGACAGTCTGAGTGACA,otherSampleName
AGGGCTCAGTGCTCGC-2,CACTCACTGTCTGAGACAGTCTGAGTGACA,otherSampleName
AGGGCTCAGTGCTCGC-2,CACTCACTGTCTGAGACAGTCTGAGTGACA,otherSampleName
AGGGTTTCAAGACCTT-2,GAGAGACTGACTCAGTGTGTCAGTGACACT,otherSampleName
AGGTGTTAGCGTTGTT-2,CTCTCACAGTCAGACTCACAGTCTCTGTCT,otherSampleName
AGTAACCGTGAACGGT-2,GTGTCTGTCTCTCTGAGTCACTCACAGTCT,otherSampleName
AGTACCACATGCGTGC-2,CTGTGTGACTCACTCACTGTCTCAGACTGA,otherSampleName
AGTAGTCTCTTACTGT-2,GTCACACAGTCTGTCAGTGTCACTGACTCA,otherSampleName
AGTCATGTCGCACGGT-2,CTCAGTGACTCAGACACAGACTCTGACAGA,otherSampleName
AGTCTCCTCTCCAAGA-2,GAGAGACTGACTCAGTGTGTCAGTGACACT,otherSampleName
AGTCTCCTCTCCAAGA-2,CTGACTCTCTCTCAGTCTCTCTCACTGACA,otherSampleName
AGTGACTCACAAGGTG-2,GTGAGTCACACTCTGAGACTGACTGTCTGA,otherSampleName
AGTGACTCACAAGGTG-2,CACTCACTGTCTGAGACAGTCTGAGTGACA,otherSampleName
AGTGACTGTTGTGCCG-2,CTGACAGACTCTGTGTCTCAGACTGACAGA,otherSampleName
AGTTAGCTCTAGAACC-2,GTCTCACAGACTCTCACAGAGACAGACTCT,otherSampleName
AGTTCCCAGCAACTCT-2,GAGACACTCAGACACACACTCTGACTGACA,otherSampleName
AGTTCCCAGCAACTCT-2,GAGACACTCAGACACACACTCTGACTGACA,otherSampleName
AGTTCCCAGCAACTCT-2,GTGAGTCACACAGACACTCTCTCTCACTGT,otherSampleName
ATACCGACACAGCGCT-2,CAGACTGTCTCTCAGTCTCTGTCACACTGA,otherSampleName
ATAGACCGTAATTAGG-2,CACAGTGTCTCTCTGACTGACACACTGACA,otherSampleName
ATAGGCTAGAGGGTAA-2,GACACACTGTCTCTCAGTCAGACTGTCAGA,otherSampleName
ATCCATTGTACCCAGC-2,CTGACTCAGACTGAGAGTCTGAGTGTGAGA,otherSampleName
ATCGATGAGAAGCGGG-2,CACTCACTGTCTGAGACAGTCTGAGTGACA,otherSampleName
ATCGCCTGTATGTGTC-2,GTGAGTCACACTCTGAGACTGACTGTCTGA,otherSampleName
ATCGTGATCTATACTC-2,CACTGAGTGTGTGACACAGTCTGTCTCACT,otherSampleName
ATCTTCAAGTCGAAGC-2,CACTCACTGTCTGAGACAGTCTGAGTGACA,otherSampleName
ATGACCATCAACTTTC-2,GAGAGACTGACTCAGTGTGTCAGTGACACT,otherSampleName
ATGATCGTCTCCACTG-2,CAGAGAGTCAGACACTCAGTCAGACTGTGA,otherSampleName
ATGATCGTCTGCCCTA-2,GTCACTCACACACTCACACAGAGTCAGTCA,otherSampleName
ATGCCTCGTGCATGTT-2,GTCACACAGTCTGTCAGTGTCACTGACTCA,otherSampleName
ATGCCTCGTGCATGTT-2,GTCACACAGTCTGTCAGTGTCACTGACTCA,otherSampleName
ATGCGATAGCCGTTAT-2,CTCTCTGACACACTCTCAGACTGACAGACA,otherSampleName
ATGCGATTCATCGCCT-2,GTGAGTCACACTCTGAGACTGACTGTCTGA,otherSampleName
ATGGAGGTCTATCACT-2,GACTCTCTGTGACACTGACAGAGTCTCAGA,otherSampleName
ATTACCTGTAACACCT-2,CACTCACTGTCTGAGACAGTCTGAGTGACA,otherSampleName
ATTATCCCAAGCAATA-2,CAGTCTGTCAGAGTCTGTCACTGTGTCTCT,otherSampleName
ATTCAGGAGTCTAGAA-2,GTCACACAGTCTGTCAGTGTCACTGACTCA,otherSampleName
ATTCGTTGTATCAGGG-2,CTCAGTGTGAGACACTGACTCACAGTGAGT,otherSampleName
ATTTACCCAAGGCTTT-2,GTCACACAGTCTGTCAGTGTCACTGACTCA,otherSampleName
ATTTCACTCGCAACAT-2,GAGACACTGACTCTGAGACAGTCACTCTGA,otherSampleName
CAAAGAAGTTCTTCAT-2,CTGTGTCAGACTGAGTGACTCTGTGTGACT,otherSampleName
CAACCTCAGCGCTGAA-2,CACTCACTGTCTGAGACAGTCTGAGTGACA,otherSampleName
CAACGGCTCACCTGGG-2,CTGACTCAGACTGAGAGTCTGAGTGTGAGA,otherSampleName
CAAGACTGTTGGGTTT-2,CTCTCTGACACACTCTCAGACTGACAGACA,otherSampleName
CAAGAGGGTAGTACGG-2,CACACTCTCTCTCTCTCTGAGACAGTGACA,otherSampleName
CAATGACTCGGCCTTT-2,GTGAGTCACACTCTGAGACTGACTGTCTGA,otherSampleName
CAATTTCAGCGTGCCT-2,CTCTCACAGTCAGACTCACAGTCTCTGTCT,otherSampleName
CACAACACAGGTGTGA-2,CACAGACTGTGAGAGAGTCAGTGACACTCA,otherSampleName
CACAACATCTCCCTAG-2,GAGAGACTGACTCAGTGTGTCAGTGACACT,otherSampleName
CACACAACAATACAGA-2,GTCTCACAGACTCTCACAGAGACAGACTCT,otherSampleName
CACACAAGTCGCGTTG-2,CACACTCAGTGACACAGACACTGTCACAGA,otherSampleName
CACCAAAGTGAACTAA-2,GTGAGTCACACTCTGAGACTGACTGTCTGA,otherSampleName
CACGGGTAGATCCTAC-2,CTCACTGTCACTGTCTGTCTGACTCAGTGT,otherSampleName
CACGTTCAGACTAGAT-2,GTCTCACAGACTCTCACAGAGACAGACTCT,otherSampleName
CACTAAGAGCGCCTCA-2,CAGTGACTCACAGTCAGTCACACACACACA,otherSampleName
CACTAAGGTTCGGCGT-2,CTCTCACAGTCAGACTCACAGTCTCTGTCT,otherSampleName
CACTGAAAGTCGCCAC-2,CTCAGTGACTCAGACACAGACTCTGACAGA,otherSampleName
CACTGGGTCACCTGGG-2,GTGAGTCACACTCTGAGACTGACTGTCTGA,otherSampleName
CACTGTCTCTGAGGCC-2,GTCTCACAGACTCTCACAGAGACAGACTCT,otherSampleName
CAGATTGAGTTTAGGA-2,GTGAGTCACACTCTGAGACTGACTGTCTGA,otherSampleName
CAGCAATGTTTAGAGA-2,GTCTCACAGACTCTCACAGAGACAGACTCT,otherSampleName
CAGCAGCAGACGTCGA-2,GACAGACAGAGTCTCTCTCACTGACAGTCA,otherSampleName
CAGCAGCCAGAACTTC-2,CACTCACTGTCTGAGACAGTCTGAGTGACA,otherSampleName
CAGCAGCGTTCTCACC-2,CACTCACTGTCTGAGACAGTCTGAGTGACA,otherSampleName
CAGCCAGCAAAGGATT-2,CTGACACAGAGTCAGACAGTGTGACTCAGT,otherSampleName
CAGGGCTGTGTGGTCC-2,GACACACTCAGTCAGACTCTCTGTGTCTCT,otherSampleName
CAGTGCGCAAGGTCGA-2,CACTGACAGACTGACACTCACTCTGTCACT,otherSampleName
CATACAGTCATGTCAG-2,CTGAGACTCACTCAGTCACTGTCTGTCACT,otherSampleName
CATACTTCACCTCGTT-2,CACAGACACTGACACAGTGTCTGAGAGTCT,otherSampleName
CATCGGGTCCTAGAGT-2,CTGACTCTCTCTCAGTCTCTCTCACTGACA,otherSampleName
CATCGTCTCTACTGAG-2,GTCACACAGTCTGTCAGTGTCACTGACTCA,otherSampleName
CATGAGTGTGGACTGA-2,GTGAGTCACACTCTGAGACTGACTGTCTGA,otherSampleName
CATGCCTGTGTAGCAG-2,CAGTCTGTCAGAGTCTGTCACTGTGTCTCT,otherSampleName
CATGCCTTCGTCGACG-2,GTGAGTCACACTCTGAGACTGACTGTCTGA,otherSampleName
CATGCGGGTGCGGATA-2,GTCACACAGTCTGTCAGTGTCACTGACTCA,otherSampleName
CATGGATGTGGCTGCT-2,CACTCACTGTCTGAGACAGTCTGAGTGACA,otherSampleName
CATTCATTCATAGCAC-2,GTGAGACTCACTGACACACTGTCTCACTGA,otherSampleName
CATTCCGTCACGATCA-2,CTCTCTGTGTGTGACAGTGTCTCACTCAGT,otherSampleName
CATTGTTTCTTCTCAA-2,CACTCACTGTCTGAGACAGTCTGAGTGACA,otherSampleName
CCAATGACAGTCGGTC-2,CAGTCTCTCTCACACAGTCACTGTCAGTCA,otherSampleName
CCATAAGAGGTCCGAA-2,CTGACACAGAGTCAGACAGTGTGACTCAGT,otherSampleName
CCCTCAACAATCTAGC-2,GTCACACAGTCTGTCAGTGTCACTGACTCA,otherSampleName
CCCTGATAGTAGTCAA-2,CACTCACTGTCTGAGACAGTCTGAGTGACA,otherSampleName
CCCTTAGTCTCCGATC-2,CACTGACAGACTGACACTCACTCTGTCACT,otherSampleName
CCGAACGGTTGTTGCA-2,GACTCTCTGTGACACTGACAGAGTCTCAGA,otherSampleName
CCGATGGTCGTGGGTC-2,GAGAGTGACACACTGTCTGTGACAGTCTCT,otherSampleName
CCGGTAGCACCATTCC-2,GTCTCACTGTCACTGACAGTGACTCTGAGA,otherSampleName
CCGGTAGCACGCGTGT-2,CAGTCTCTCTCACACAGTCACTGTCAGTCA,otherSampleName
CCGTAGGGTACTGCCG-2,CACACTCTCTCTCTCTCTGAGACAGTGACA,otherSampleName
CCTAAGATCGCGTGAC-2,CACTCACTGTCTGAGACAGTCTGAGTGACA,otherSampleName
CCTATCGGTGCGAACA-2,GACAGACAGAGTCTCTCTCACTGACAGTCA,otherSampleName
CCTCAACAGAAGATCT-2,GTGAGTCACACTCTGAGACTGACTGTCTGA,otherSampleName
CCTCACAAGGAGAGGC-2,GTGAGTCACACTCTGAGACTGACTGTCTGA,otherSampleName
CCTCACAAGGCAATGC-2,CTGACTCAGACTGAGAGTCTGAGTGTGAGA,otherSampleName
CCTCTAGAGCGAATGC-2,GTCACACAGTCTGTCAGTGTCACTGACTCA,otherSampleName
CCTCTCCGTGGCATCC-2,CAGTCTCTCTCACACAGTCACTGTCAGTCA,otherSampleName
CCTGCATCAGCATTGT-2,CAGTCTCTCTCACACAGTCACTGTCAGTCA,otherSampleName
CCTGTTGAGGCCCACT-2,GAGAGACTGACTCAGTGTGTCAGTGACACT,otherSampleName
CCTTCAGGTCCAACGC-2,GTCTCACAGACTCTCACAGAGACAGACTCT,otherSampleName
CCTTGTGCAACGACAG-2,GACAGACAGAGTCTCTCTCACTGACAGTCA,otherSampleName
CCTTGTGCAACGACAG-2,GACAGACAGAGTCTCTCTCACTGACAGTCA,otherSampleName
CCTTGTGCAACGACAG-2,GACAGACAGAGTCTCTCTCACTGACAGTCA,otherSampleName
CCTTTGGTCCTTATGT-2,GTCACACAGTCTGTCAGTGTCACTGACTCA,otherSampleName
CCTTTGGTCTATGCCC-2,CTCTCTGACACACTCTCAGACTGACAGACA,otherSampleName
CGAGAAGCATGCAGCC-2,CTGAGACTCACTCAGTCACTGTCTGTCACT,otherSampleName
CGAGAAGCATGCAGCC-2,CTGACTCTCTCTCAGTCTCTCTCACTGACA,otherSampleName
CGATGGCAGCGTCAAG-2,CACAGACTGTGAGAGAGTCAGTGACACTCA,otherSampleName
CGCATGGAGGATATAC-2,CACTCACTGTCTGAGACAGTCTGAGTGACA,otherSampleName
CGCCAGAGTTGGAGAC-2,GAGACACTCAGACACACACTCTGACTGACA,otherSampleName
CGGACACTCGTGCACG-2,GTCACACAGTCTGTCAGTGTCACTGACTCA,otherSampleName
CGGGACTGTTCAATCG-2,CACTGAGTGTGTGACACAGTCTGTCTCACT,otherSampleName
CGGGACTGTTCAATCG-2,CACTGAGTGTGTGACACAGTCTGTCTCACT,otherSampleName
CGGGCATCATCGCCTT-2,CACTGACTCTCACAGACACTCACTGTGAGT,otherSampleName
CGGGCATTCAAGAATG-2,GTCACACAGTCTGTCAGTGTCACTGACTCA,otherSampleName
CGGTCAGAGATCCGAG-2,CTGACTCTCTCTCAGTCTCTCTCACTGACA,otherSampleName
CGTCAAAGTGGCATCC-2,CTCTCTGACACACTCTCAGACTGACAGACA,otherSampleName
CGTGAATAGTTGGAAT-2,CACTCACTGTCTGAGACAGTCTGAGTGACA,otherSampleName
CGTGAATTCGCTGCGA-2,GTGTCTGTCTCTCTGAGTCACTCACAGTCT,otherSampleName
CGTTAGACAAGTGGGT-2,GTGTCTGTCTCTCTGAGTCACTCACAGTCT,otherSampleName
CGTTGGGTCTGTTGGA-2,CTGACTCAGACTGAGAGTCTGAGTGTGAGA,otherSampleName
CTAACCCCACACCAGC-2,CTCTCACAGTCAGACTCACAGTCTCTGTCT,otherSampleName
CTAACCCCACACCAGC-2,CTCTCACAGTCAGACTCACAGTCTCTGTCT,otherSampleName
CTAACCCTCGTCAACA-2,GTGAGTCACACTCTGAGACTGACTGTCTGA,otherSampleName
CTAACTTGTAGGCAAC-2,CACAGACACTGACACAGTGTCTGAGAGTCT,otherSampleName
CTACGGGGTGATCATC-2,CAGTCTCTCTCACACAGTCACTGTCAGTCA,otherSampleName
CTAGACAGTACGACTT-2,GTCTCACAGACTCTCACAGAGACAGACTCT,otherSampleName
CTATCCGTCTGTGCGG-2,GTGAGTCACACTCTGAGACTGACTGTCTGA,otherSampleName
CTCAACCAGGACACTG-2,CTCTGTCTCTGAGTCAGAGACTCAGACTGT,otherSampleName
CTCAACCAGGACACTG-2,GAGACACTGACTCTGAGACAGTCACTCTGA,otherSampleName
CTCAACCGTGGCCACT-2,GTCACACAGTCTGTCAGTGTCACTGACTCA,otherSampleName
CTCAACCGTTACACAC-2,GTGAGACTCACTGACACACTGTCTCACTGA,otherSampleName
CTCAACCTCGAGAAGC-2,GACAGACAGAGTCTCTCTCACTGACAGTCA,otherSampleName
CTCAGAAAGTCGGCCT-2,CTCAGTGACTCAGACACAGACTCTGACAGA,otherSampleName
CTCAGGGAGGGTTCCT-2,CACACTCTCTCTCTCTCTGAGACAGTGACA,otherSampleName
CTCAGGGTCATGAGGG-2,CTCTCACAGTCAGACTCACAGTCTCTGTCT,otherSampleName
CTCCATGCAGGTAGTG-2,CACTGAGTGTGTGACACAGTCTGTCTCACT,otherSampleName
CTCCATGCAGTGTGGA-2,CACTCACTGTCTGAGACAGTCTGAGTGACA,otherSampleName
CTCCTCCAGCTTTGTG-2,CTGACTCAGACTGAGAGTCTGAGTGTGAGA,otherSampleName
CTCCTTTCATGAGGGT-2,GACTCTGTGACTGAGACTGTGTCACACTCA,otherSampleName
CTCCTTTCATGAGGGT-2,GACTCTGTGACTGAGACTGTGTCACACTCA,otherSampleName
CTCTCGAAGGGTTAAT-2,GTGTCTGTCTCTCTGAGTCACTCACAGTCT,otherSampleName
CTCTGGTAGGTTCTAC-2,GTCTCACAGACTCTCACAGAGACAGACTCT,otherSampleName
CTGAGGCAGGCGCTCT-2,CACTCACTGTCTGAGACAGTCTGAGTGACA,otherSampleName
CTGCATCCAGCCCACA-2,CTGACTCAGACTGAGAGTCTGAGTGTGAGA,otherSampleName
CTGCCTAGTACTGGGA-2,CTGACACAGAGTCAGACAGTGTGACTCAGT,otherSampleName
CTGGCAGTCACTGTCC-2,CTCTGACAGTGTCACAGACAGACAGAGACT,otherSampleName
CTGGTCTAGACATATG-2,GTCACACAGTCTGTCAGTGTCACTGACTCA,otherSampleName
CTGGTCTAGACATATG-2,CAGTGTGAGACAGACAGACTCTGACACACT,otherSampleName
CTGGTCTCAGTCAGCC-2,CACTCACTGTCTGAGACAGTCTGAGTGACA,otherSampleName
CTGTACCGTTAGGCCC-2,CTGACTCTCTCACTCAGACACTGAGTCTCT,otherSampleName
CTGTACCTCTCCTGTG-2,GTCACACAGTCTGTCAGTGTCACTGACTCA,otherSampleName
CTGTATTCATGGCTGC-2,CTGACTCAGTGTCACTCACACTCTCTCTCT,otherSampleName
CTGTCGTAGTTCCATG-2,CACTCACTGTCTGAGACAGTCTGAGTGACA,otherSampleName
CTGTCGTCACTGATTG-2,CACACTCTCTCTCTCTCTGAGACAGTGACA,otherSampleName
CTGTGGGGTGTATTCG-2,GTGTGTGTCTGTGTCACACACTGACTGACA,otherSampleName
CTTCCTTAGCCTGACC-2,GTCTCACAGACTCTCACAGAGACAGACTCT,otherSampleName
CTTCCTTGTGATTCTG-2,CACTCACTGTCTGAGACAGTCTGAGTGACA,otherSampleName
CTTTCGGTCGGTTAGT-2,GTCTCACAGACTCTCACAGAGACAGACTCT,otherSampleName
GAAACCTTCATACGAC-2,CTGTGTCAGACTGAGTGACTCTGTGTGACT,otherSampleName
GAAATGACAAACTGCT-2,CTCTGACAGTGTCACAGACAGACAGAGACT,otherSampleName
GAACACTGTAGAGACC-2,CAGTCTGTCAGAGTCTGTCACTGTGTCTCT,otherSampleName
GAACGTTTCTACTGCC-2,CAGAGAGTCAGACACTCAGTCAGACTGTGA,otherSampleName
GAAGCCCAGTCCCTAA-2,CACTCACTGTCTGAGACAGTCTGAGTGACA,otherSampleName
GAAGCCCGTTCGGCCA-2,CAGTCACACACTCAGAGTCAGTGAGTCTCA,otherSampleName
GAAGGGTAGAACAGGA-2,CAGTGAGAGTCAGAGTCTGACTCTGTGAGA,otherSampleName
GAAGGGTAGCTGTTAC-2,GAGAGACTGACTCAGTGTGTCAGTGACACT,otherSampleName
GAAGGGTCACCATAAC-2,CACAGACACTGACACAGTGTCTGAGAGTCT,otherSampleName
GAAGTAAGTTGTGCCG-2,GTCTCACTGTCACTGACAGTGACTCTGAGA,otherSampleName
GAATAGACAAGAGGTC-2,CTGAGTCTCTCTCACAGACACTCACTGACT,otherSampleName
GAATAGAGTGATCGTT-2,CTGAGACTCACTCAGTCACTGTCTGTCACT,otherSampleName
GAATAGATCTGCACCT-2,CTGACACAGAGTCAGACAGTGTGACTCAGT,otherSampleName
GACCCAGTCGAAGCAG-2,CTGACTCAGACTGAGAGTCTGAGTGTGAGA,otherSampleName
GACCGTGGTCTGTAAC-2,GTCACACAGTCTGTCAGTGTCACTGACTCA,otherSampleName
GACGCTGCATGAATCC-2,GTGAGACTCACTGACACACTGTCTCACTGA,otherSampleName
GACGCTGGTTGTCATG-2,CTCAGTCTCTCTCTGTGACACTGACAGACT,otherSampleName
GACGCTGGTTGTCATG-2,CACTCACTGTCTGAGACAGTCTGAGTGACA,otherSampleName
GACGTTACAACTGGTT-2,GTCTCACAGACTCTCACAGAGACAGACTCT,otherSampleName
GACTCAAAGACTCCGC-2,GTGAGTCACACTCTGAGACTGACTGTCTGA,otherSampleName
GACTTCCTCCACAAGT-2,GTGAGACACACTCTGAGACTGACTGTCTGA,otherSampleName
GACTTCCTCCACAAGT-2,GTGAGACACACTCTGAGACTGACTGTCTGA,otherSampleName
GAGAAATCAGATTCGT-2,CTGACTCTCTCACTCAGACACTGAGTCTCT,otherSampleName
GAGACCCAGGTAAGGA-2,GTGTCTGTCTCTCTGAGTCACTCACAGTCT,otherSampleName
GAGAGGTCACTGCTTC-2,GAGAGACTGACTCAGTGTGTCAGTGACACT,otherSampleName
GAGGCCTGTCTTGGTA-2,CTGTGTGACTCACTCACTGTCTCAGACTGA,otherSampleName
GAGGCCTGTCTTGGTA-2,CACACTCTCTCTCTCTCTGAGACAGTGACA,otherSampleName
GAGGGATTCTTGGAAC-2,CAGTGAGAGTCAGAGTCTGACTCTGTGAGA,otherSampleName
GAGTCATTCGCAGTGC-2,CACTGAGTGTGTGACACAGTCTGTCTCACT,otherSampleName
GAGTGAGCACCAGACC-2,CACACTCAGTGACACAGACACTGTCACAGA,otherSampleName
GAGTGAGGTAATCAAG-2,CTGACACAGAGTCAGACAGTGTGACTCAGT,otherSampleName
GAGTTGTTCATCCTGC-2,CTGAGTCTCTCTCACAGACACTCACTGACT,otherSampleName
GATAGAACACCCGTAG-2,GTGAGTCACACTCTGAGACTGACTGTCTGA,otherSampleName
GATAGAACATACGCAT-2,CACTCACTGTCTGAGACAGTCTGAGTGACA,otherSampleName
GATCAGTTCAAGGAGC-2,CTCAGTGACTCAGACACAGACTCTGACAGA,otherSampleName
GATCATGTCCATATGG-2,GTGAGTCACACTCTGAGACTGACTGTCTGA,otherSampleName
GATCATGTCGAGAACG-2,GTCACACAGTCTGTCAGTGTCACTGACTCA,otherSampleName
GATGACTGTCAAGTTC-2,CTGTGTCAGACTGAGTGACTCTGTGTGACT,otherSampleName
GATGCTACATATAGCC-2,CTGACAGTGAGTGACTCTCAGACTCTGTCA,otherSampleName
GCAACCGCACTCTGCT-2,CTGACTCTCTCACTCAGACACTGAGTCTCT,otherSampleName
GCACGGTGTCCTGAAT-2,GTGAGTCACACTCTGAGACTGACTGTCTGA,otherSampleName
GCACTAAGTACGGGAT-2,GAGTCACTCTCACAGTCAGACTCTCACTGT,otherSampleName
GCACTAATCAATCCAG-2,CACTCACTGTCTGAGACAGTCTGAGTGACA,otherSampleName
GCAGCTGTCGGTAAGG-2,CACAGACTGTGAGAGAGTCAGTGACACTCA,otherSampleName
GCAGCTGTCGGTAAGG-2,CTCTCACAGTCAGACTCACAGTCTCTGTCT,otherSampleName
GCAGGCTCATAATGAG-2,GTGACACTGTCACAGTGTGTGAGAGAGTCA,otherSampleName
GCAGTTAGTCAGGCAA-2,GAGAGACTGACTCAGTGTGTCAGTGACACT,otherSampleName
GCATCTCAGATTGTGA-2,GTGAGTCACACTCTGAGACTGACTGTCTGA,otherSampleName
GCATGATAGACTCGAG-2,GTGTGTGTCTGTGTCACACACTGACTGACA,otherSampleName
GCATTAGGTCTGCAAT-2,CTGAGACTCACTCAGTCACTGTCTGTCACT,otherSampleName
GCCAGGTGTGTTTCTT-2,CACACTCTCTCTCTCTCTGAGACAGTGACA,otherSampleName
GCCATGGGTTAGGGTG-2,GTCACACAGTCTGTCAGTGTCACTGACTCA,otherSampleName
GCCATGGTCTCATTAC-2,CACTCACTGTCTGAGACAGTCTGAGTGACA,otherSampleName
GCCCGAAAGATACTGA-2,CACTCTCTGTGACACTGACAGAGTCTCAGA,otherSampleName
GCCCGAACACTTCAGA-2,CAGTCTCTCTCACACAGTCACTGTCAGTCA,otherSampleName
GCCGTGAAGCCATATC-2,CTGACTCTCTCTCAGTCTCTCTCACTGACA,otherSampleName
GCCGTGAAGCCATATC-2,CTCAGTGACTCAGACACAGACTCTGACAGA,otherSampleName
GCGATCGCAGAAGCGT-2,GAGAGACTGACTCAGTGTGTCAGTGACACT,otherSampleName
GCGGATCAGGCAGTCA-2,GTGTCTCACTCAGACTCACACTCTGAGACA,otherSampleName
GCGTGCATCAGCATTG-2,GTCACACAGTCTGTCAGTGTCACTGACTCA,otherSampleName
GCTACAAAGTCTGCAT-2,CACTGAGTGTGTGACACAGTCTGTCTCACT,otherSampleName
GCTACAATCATGAGTC-2,CACTCACTGTCTGAGACAGTCTGAGTGACA,otherSampleName
GCTCAAAAGCAAACAT-2,CACTCACTGTCTGAGACAGTCTGAGTGACA,otherSampleName
GCTCAAAAGCAAACAT-2,CACTCACTGTCTGAGACAGTCTGAGTGACA,otherSampleName
GCTGAATGTATGATCC-2,GTCTCACAGACTCTCACAGAGACAGACTCT,otherSampleName
GCTTTCGTCTGGAGAG-2,GACAGACAGAGTCTCTCTCACTGACAGTCA,otherSampleName
GGACGTCCATGACGAG-2,GTGAGTCACACTCTGAGACTGACTGTCTGA,otherSampleName
GGACGTCCATGGAAGC-2,CTGTGTCAGACTGAGTGACTCTGTGTGACT,otherSampleName
GGAGAACCACTGAGGA-2,CTGAGTCACACTCTGACACTGACTGTCTGA,otherSampleName
GGAGGATTCGGACAAG-2,CTCTCACAGTCAGACTCACAGTCTCTGTCT,otherSampleName
GGAGGTAAGAAGAGCA-2,CACTGAGTGTGTGACACAGTCTGTCTCACT,otherSampleName
GGAGGTAAGAGTCCGA-2,CACTCACTGTCTGAGACAGTCTGAGTGACA,otherSampleName
GGCTTGGAGGACTATA-2,CACTCACTGTCTGAGACAGTCTGAGTGACA,otherSampleName
GGCTTTCTCATCGCAA-2,GTGAGACTCACTGACACACTGTCTCACTGA,otherSampleName
GGGATCCTCAAGCTTG-2,CACAGACTGTGAGAGAGTCAGTGACACTCA,otherSampleName
GGGTCACGTACAGAGC-2,GTCTCACAGACTCTCACAGAGACAGACTCT,otherSampleName
GGGTCTGAGGCAGGGA-2,CACTCACTGTCTGAGACAGTCTGAGTGACA,otherSampleName
GGGTTATAGCTTAGTC-2,CACTCACTGTCTGAGACAGTCTGAGTGACA,otherSampleName
GGGTTATAGCTTAGTC-2,CTCTCACAGTCAGACTCACAGTCTCTGTCT,otherSampleName
GGTAACTCAGCCTATA-2,CAGTCTGTCAGAGTCTGTCACTGTGTCTCT,otherSampleName
GGTAACTGTATGGAGC-2,CACAGACTGTGAGAGAGTCAGTGACACTCA,otherSampleName
GGTAACTGTATGGAGC-2,CACAGACTGTGAGAGAGTCAGTGACACTCA,otherSampleName
GGTCTGGGTGTCCACG-2,GTGTCTGTCTCTCTGAGTCACTCACAGTCT,otherSampleName
GGTGAAGGTCAGGTGA-2,GTGTCTGTCTCTCTGAGTCACTCACAGTCT,otherSampleName
GGTTGTATCAGATGCT-2,GACACACTGTCTCTCAGTCAGACTGTCAGA,otherSampleName
GTAACCAGTTCGTACA-2,CAGAGAGTCAGACACTCAGTCAGACTGTGA,otherSampleName
GTAATCGCAGGTGGAT-2,CTCTCTGACACACTCTCAGACTGACAGACA,otherSampleName
GTAATCGCAGTTACCA-2,GAGAGACTGACTCAGTGTGTCAGTGACACT,otherSampleName
GTACAACAGTCGTCTA-2,CTGACACAGAGTCAGACAGTGTGACTCAGT,otherSampleName
GTAGAAACATAGTCAC-2,CTCAGTGACTCAGACACAGACTCTGACAGA,otherSampleName
GTAGATCTCAGAATAG-2,GTCACACAGTCTGTCAGTGTCACTGACTCA,otherSampleName
GTAGCTAGTAATGCGG-2,CACTGAGTGTGTGACACAGTCTGTCTCACT,otherSampleName
GTAGCTAGTCAGTCGC-2,CAGTCACACACTCAGAGTCAGTGAGTCTCA,otherSampleName
GTAGGTTCAACCCGCA-2,CTCAGACTCACTCTGTCACACTCTGTCTGA,otherSampleName
GTATTGGCATACACCA-2,GAGAGACTGACTCAGTGTGTCAGTGACACT,otherSampleName
GTATTTCGTCCCGCAA-2,GTGAGACTCACTGACACACTGTCTCACTGA,otherSampleName
GTCAAACGTATAATGG-2,CACAGACTGTGAGAGAGTCAGTGACACTCA,otherSampleName
GTCACGGCATTGTAGC-2,CAGACACACACTCAGAGTCAGTGAGTCTCA,otherSampleName
GTCACGGCATTGTAGC-2,CAGACACACACTCAGAGTCAGTGAGTCTCA,otherSampleName
GTCCACTGTAGCTCGC-2,CAGTCACACACTCAGAGTCAGTGAGTCTCA,otherSampleName
GTCCCATGTGATGAAT-2,CTCTCTGTGTGTGACAGTGTCTCACTCAGT,otherSampleName
GTCCTCAGTGATACTC-2,CTCTCACAGTCAGACTCACAGTCTCTGTCT,otherSampleName
GTCCTCAGTGATACTC-2,CTCTCACAGTCAGACTCACAGTCTCTGTCT,otherSampleName
GTCGCGACAAGTGACG-2,CTGACTCAGTGTCACTCACACTCTCTCTCT,otherSampleName
GTCGCGAGTACTCGAT-2,CTCAGTGTGAGACACTGACTCACAGTGAGT,otherSampleName
GTCGCGAGTACTCGAT-2,CTGAGACTCACTCAGTCACTGTCTGTCACT,otherSampleName
GTCGCGAGTGACTGTT-2,CAGTGTGAGACAGACAGACTCTGACACACT,otherSampleName
GTCGTTCTCCGAAATC-2,GTCTCACAGACTCTCACAGAGACAGACTCT,otherSampleName
GTCTCACTCGGTCTGG-2,CTCAGTGACTCAGACACAGACTCTGACAGA,otherSampleName
GTCTCACTCGGTCTGG-2,CACTCACTGTCTGAGACAGTCTGAGTGACA,otherSampleName
GTCTGTCAGCGCCCAT-2,CTCTCTGACACACTCTCAGACTGACAGACA,otherSampleName
GTCTGTCTCCTACGGG-2,CACACTCTCTCTCTCTCTGAGACAGTCACA,otherSampleName
GTCTGTCTCCTACGGG-2,CACACTCTCTCTCTCTCTGAGACAGTCACA,otherSampleName
GTCTTTAAGGGTAGCT-2,GTGTCTGTCTCTCTGAGTCACTCACAGTCT,otherSampleName
GTGACGCTCAAGAATG-2,CACTCACTGTCTGAGACAGTCTGAGTGACA,otherSampleName
GTGAGCCTCCAACACA-2,CTCAGTGTGAGACACTGACTCACAGTGAGT,otherSampleName
GTGAGGATCGTGGGAA-2,GAGAGACTGACTCAGTGTGTCAGTGACACT,otherSampleName
GTGAGTTAGAAATCCA-2,CAGTGAGAGTCAGAGTCTGACTCTGTGAGA,otherSampleName
GTGAGTTAGCGTATAA-2,CACTCACTGTCTGAGACAGTCTGAGTGACA,otherSampleName
GTGCGTGCACTCAGAT-2,CACTCACTGTCTGAGACAGTCTGAGTGACA,otherSampleName
GTGCGTGCACTCAGAT-2,CACTCACTGTCTGAGACAGTCTGAGTGACA,otherSampleName
GTGCTGGTCATTCCTA-2,CACTCACTGTCTGAGACAGTCTGAGTGACA,otherSampleName
GTGCTTCCAGTATACC-2,GTGTCTGTCTCTCTGAGTCACTCACAGTCT,otherSampleName
GTGGAAGCATCCGTTC-2,CTGTGTCAGACTGAGTGACTCTGTGTGACT,otherSampleName
GTGGAAGGTGTATTCG-2,GAGAGACTGACTCAGTGTGTCAGTGACACT,otherSampleName
GTGGAAGTCGCACTCT-2,GACTCTCTGTGACACTGACAGAGTCTCAGA,otherSampleName
GTGGAGACACAATGCT-2,GTCTCACAGACTCTCACAGAGACAGACTCT,otherSampleName
GTGGCGTAGTTACGAA-2,CACACTCTCTCTCTCTCTGAGACAGTGACA,otherSampleName
GTGGGAAAGGGTATAT-2,CACTCACTGTCTGAGACAGTCTGAGTGACA,otherSampleName
GTGTCCTCAACACAGG-2,GTCACACAGTCTGTCAGTGTCACTGACTCA,otherSampleName
GTGTCCTCATATGGCT-2,GTGACACTGTCACAGTGTGTGAGAGAGTCA,otherSampleName
GTGTTAGTCCGGACTG-2,CTGACTCAGACTGAGAGTCTGAGTGTGAGA,otherSampleName
GTGTTCCAGCTTTCTT-2,GTGTGTGTCTGTGTCACACACTGACTGACA,otherSampleName
GTGTTCCTCGGCTTCT-2,CAGTCTCTCTCACACAGTCACTGTCAGTCA,otherSampleName
GTTACCCAGGTAAGTT-2,CTGAGACTCACTCAGTCACTGTCTGTCACT,otherSampleName
GTTACCCCAAGACTGG-2,CACTCACTGTCTGAGACAGTCTGAGTGACA,otherSampleName
GTTACCCCAAGACTGG-2,CACTCACTGTCTGAGACAGTCTGAGTGACA,otherSampleName
GTTAGACGTAACACGG-2,CTGACTCTCTCTCAGTCTCTCTCACTGACA,otherSampleName
GTTCATTGTACAGAAT-2,GACAGACAGAGTCTCTCTCACTGACAGTCA,otherSampleName
GTTCATTGTCGTGCCA-2,GTCACACAGTCTGTCAGTGTCACTGACTCA,otherSampleName
GTTCTATCAAGGTCGA-2,CAGTCTCTCTCACACAGTCACTGTCAGTCA,otherSampleName
GTTGTAGCAACTTGGT-2,CACTCACTGTCTGAGACAGTCTGAGTGACA,otherSampleName
GTTGTAGGTAACACCT-2,CAGTCTCTCTCACACAGTCACTGTCAGTCA,otherSampleName
GTTGTCCAGCAAATGT-2,CAGAGAGTCAGACACTCAGTCAGACTGTGA,otherSampleName
TAACACGAGCGGTAGT-2,CTGATCGAGAGAGACTGACACTCAGTCTCT,otherSampleName
TAACCAGGTGGAAGTC-2,GTGTCTGTCTCTCTGAGTCACTCACAGTCT,otherSampleName
TAACCAGTCGGCTTGG-2,GTCTCACTGTCACTGACAGTGACTCTGAGA,otherSampleName
TAACCAGTCTGAGGCC-2,GTGACTCTGACTGTGACTGTCTGTCTCAGT,otherSampleName
TAAGCGTCATCGGTTA-2,CACTCACTGTCTGAGACAGTCTGAGTGACA,otherSampleName
TACAACGAGGCGTTAG-2,CTGAGACTCACTCAGTCACTGTCTGTCACT,otherSampleName
TACCCGTAGGAGGCAG-2,CAGAGAGTCAGACACTCAGTCAGACTGTGA,otherSampleName
TACCGGGCAGTATACC-2,GACAGACAGAGTCTCTCTCACTGACAGTCA,otherSampleName
TACCTGCGTGGCGCTT-2,GACAGACAGAGTCTCTCTCACTGACAGTCA,otherSampleName
TACGCTCCACTTGAGT-2,GTGAGACTCACTGACACACTGTCTCACTGA,otherSampleName
TACGCTCCACTTGAGT-2,GTGAGACTCACTGACACACTGTCTCACTGA,otherSampleName
TACGGGCCAGAGTAAT-2,CTGACACAGAGTCAGACAGTGTGACTCAGT,otherSampleName
TACTTACGTGTAAATG-2,CACTCACTGTCTGAGACAGTCTGAGTGACA,otherSampleName
TACTTGTGTGTTCATG-2,CACTCACTGTCTGAGACAGTCTGAGTGACA,otherSampleName
TACTTGTTCGGCACTG-2,CAGTCTCTCTCACACAGTCACTGTCAGTCA,otherSampleName
TAGGTACCAACTCCAA-2,GTCTCACAGACTCTCACAGAGACAGACTCT,otherSampleName
TATACCTTCTGCGAGC-2,GTGAGTCACACTCTGAGACTGACTGTCTGA,otherSampleName
TATCAGGTCCACTGGG-2,GTCTCACAGACTCTCACAGAGACAGACTCT,otherSampleName
TATCGCCGTGTGGTCC-2,GTCTCACAGACTCTCACAGAGACAGACTCT,otherSampleName
TCAAGCAAGTACAGCG-2,CAGACTGAGAGTGTCTCACTCACACTCACT,otherSampleName
TCACACCTCGAACGCC-2,CACTCACTGTCTGAGACAGTCTGAGTGACA,otherSampleName
TCACGGGGTGCTCTCT-2,CACTCACTGTCTGAGACAGTCTGAGTGACA,otherSampleName
TCACTATGTCTTGAAC-2,GAGACACTGACTCTGAGACAGTCACTCTGA,otherSampleName
TCAGTCCGTGATGTAA-2,CACTCACTGTCTGAGACAGTCTGAGTGACA,otherSampleName
TCAGTTTGTATCCCAA-2,GACTCTCTGTGACACTGACAGAGTCTCAGA,otherSampleName
TCATACTTCGTGTTCC-2,CACTCACTGTCTGAGACAGTCTGAGTGACA,otherSampleName
TCATATCCACTGCGTG-2,CACTCACTGTCTGAGACAGTCTGAGTGACA,otherSampleName
TCATTCACAACTGATC-2,CTGACTCTCTCTCAGTCTCTCTCACTGACA,otherSampleName
TCATTCAGTCCACGCA-2,GTCACACAGTCTGTCAGTGTCACTGACTCA,otherSampleName
TCATTGTGTCTACACA-2,CTGTGTCAGACTGAGTGACTCTGTGTGACT,otherSampleName
TCATTTGAGCGAATGC-2,GTCTCACTGTCACTGACAGTGACTCTGAGA,otherSampleName
TCATTTGTCCGAAATC-2,CACTCACTGTCTGAGACAGTCTGAGTGACA,otherSampleName
TCCACGTGTCAGCGTC-2,GACTCTCTGTGACACTGACAGAGTCTCAGA,otherSampleName
TCCAGAAGTCACTAGT-2,CTGACTCTCTCTCAGTCTCTCTCACTGACA,otherSampleName
TCCATCGGTCAAGCGA-2,GTCACACAGTCTGTCAGTGTCACTGACTCA,otherSampleName
TCCATCGTCTTCTCAA-2,GAGAGACTGACTCAGTGTGTCAGTGACACT,otherSampleName
TCCCACAGTTGAGAGC-2,GAGAGACTGACTCAGTGTGTCAGTGACACT,otherSampleName
TCCGAAAGTGCCTAAT-2,CTCTCACAGTCAGACTCACAGTCTCTGTCT,otherSampleName
TCCTCGATCAATCGGT-2,GTCTCACAGACTCTCACAGAGACAGACTCT,otherSampleName
TCGATTTCATGACTCA-2,CTGACTCTCTCTCAGTCTCTCTCACTGACA,otherSampleName
TCGCACTCATCCGTTC-2,GTGTCTGTCTCTCTGAGTCACTCACAGTCT,otherSampleName
TCGCTCAGTGTGGACA-2,GTGTCTGTCTCTCTGAGTCACTCACAGTCT,otherSampleName
TCGCTCATCTCTGAGA-2,CACTGAGTGTGTGACACAGTCTGTCTCACT,otherSampleName
TCGGATAAGGTGGCTA-2,GTGTCTGTCTCTCTGAGTCACTCACAGTCT,otherSampleName
TCGGGTGAGGCACAAC-2,CTGTGTCAGACTGAGTGACTCTGTGTGACT,otherSampleName
TCGGGTGGTCTCAAGT-2,CAGTCACACACTCAGAGTCAGTGAGTCTCA,otherSampleName
TCGGTCTCATGACAAA-2,CACTGAGTGTGTGACACAGTCTGTCTCACT,otherSampleName
TCGTAGAAGCGACCCT-2,GTCACACAGTCTGTCAGTGTCACTGACTCA,otherSampleName
TCGTAGAGTATGTCTG-2,GTGAGACAGAGAGTGACAGAGTGTGAGTGA,otherSampleName
TCGTCCATCTACTCAT-2,CTCAGTGACTCAGACACAGACTCTGACAGA,otherSampleName
TCGTGCTAGGCTCCCA-2,GTGAGACTCACTGACACACTGTCTCACTGA,otherSampleName
TCTAACTGTGGAGAAA-2,CAGAGAGTCAGACACTCAGTCAGACTGTGA,otherSampleName
TCTACATGTCTGCAAT-2,GTCACACAGTCTGTCAGTGTCTCTGACTCA,otherSampleName
TCTACCGTCTGAACGT-2,CTCTCACAGTCAGACTCACAGTCTCTGTCT,otherSampleName
TCTATACCAGTCGCAC-2,CTGACAGTGAGTGACTCTCAGACTCTGTCA,otherSampleName
TCTCTGGCATGTTCAG-2,GTCTCACAGACTCTCACAGAGACAGACTCT,otherSampleName
TCTGCCAAGAATACAC-2,CACAGACTGTGAGAGAGTCAGTGACACTCA,otherSampleName
TCTGCCACAGTCGGAA-2,CTGAGACTCACTCAGTCACTGTCTGTCACT,otherSampleName
TCTGGCTGTTCGGCTG-2,CACTGACTCTGTGAGTGTGACACACTCTCT,otherSampleName
TCTGTCGAGAGTTGAT-2,CTGACAGTGAGTGACTCTCAGACTCTGTCA,otherSampleName
TCTTCCTCAAGAGTTA-2,CACAGTGTCTCTCTGACTGACACACTGACA,otherSampleName
TCTTGCGTCTTACGTT-2,GTGAGTCACACTCTGAGACTGACTGTCTGA,otherSampleName
TCTTTGATCCCGTAAA-2,GTGAGTCACACTCTGAGACTGACTGTCTGA,otherSampleName
TGAATGCGTCGAGCTC-2,GTCACACAGTCTGTCAGTGTCACTGACTCA,otherSampleName
TGACAGTGTCCACAGC-2,GACAGACAGAGTCTCTCTCACTGACAGTCA,otherSampleName
TGACCCTTCGGCAGTC-2,CACTCACTGTCTGAGACAGTCTGAGTGACA,otherSampleName
TGAGCATTCTTCTGTA-2,GTCACACAGTCTGTCAGTGTCACTGACTCA,otherSampleName
TGAGGAGCAGCAATTC-2,GTCTCTCAGACTCTCACAGTGACAGACTCT,otherSampleName
TGAGGTTCATCATTGG-2,GTGTCTGTCTCTCTGAGTCACTCACAGTCT,otherSampleName
TGAGGTTTCCTCTTTC-2,CTCTCTGTGTGTGACAGTGTCTCACTCAGT,otherSampleName
TGAGTCAAGATCCCGC-2,CAGTCTCTCTCACACAGTCACTGTCAGTCA,otherSampleName
TGATCAGAGGTGATAT-2,CTGACTCTCTCTCAGTCTCTCTCACTGACA,otherSampleName
TGATGCACAGTTGTCA-2,CACAGTCAGTGAGTGAGACACAGACTGACA,otherSampleName
TGATTCTAGTTGCTCA-2,GACAGACAGAGTCTCTCTCACTGACAGTCA,otherSampleName
TGCACGGGTCCAGCGT-2,CTCAGTGACTCAGACACAGACTCTGACAGA,otherSampleName
TGCACGGTCCATACAG-2,CACACTCTCTCTCTCTCTGAGACAGTGACA,otherSampleName
TGCAGATCAAGTTCCA-2,CACTCACTGTCTGAGACAGTCTGAGTGACA,otherSampleName
TGCAGTATCTCCGAAA-2,CTGACTCTCTCTCAGTCTCTCTCACTGACA,otherSampleName
TGCCGAGAGGTACATA-2,GTGTCTGTCTCTCTGAGTCACTCACAGTCT,otherSampleName
TGCGATACACGTGTGC-2,CACTGAGTGTGTGACACAGTCTGTCTCACT,otherSampleName
TGCGATAGTGACATCT-2,CTCAGTGACTCAGACACAGACTCTGACAGA,otherSampleName
TGCGATAGTGACATCT-2,CTGAGACACAGTGAGACACTCTGACAGTCA,otherSampleName
TGCTCGTTCGTCTAAG-2,GACTCTCTGTGACACTGACAGAGTCTCAGA,otherSampleName
TGGAACTGTCTAGTGT-2,GTCTCACTGTCACTGACAGTGACTCTGAGA,otherSampleName
TGGAGGAGTAGCTTGT-2,GTCACACAGTCTGTCAGTGTCACTGACTCA,otherSampleName
TGGAGGAGTCAAAGTA-2,GACTCTCTGTGACACTGACAGAGTCTCAGA,otherSampleName
TGGCGTGCAGGCATTT-2,CTGTCAGTGTCTCTGACACTGTCAGTGTCA,otherSampleName
TGGGAGACACTCCCTA-2,GTCTCACAGACTCTCACAGAGACAGACTCT,otherSampleName
TGGGAGAGTGATAGAT-2,GTGTCTGTCTCTCTGAGTCACTCACAGTCT,otherSampleName
TGGGATTTCAAGTGGG-2,CTGACAGTGAGTGACTCTCAGACTCTGTCA,otherSampleName
TGGGCGTTCAAGGCTT-2,CACTCACTGACTGAGACAGTCTGAGAGACA,otherSampleName
TGGGCGTTCGTTAGAC-2,GTCACAGACTCTGTCTGACAGTCTCACACT,otherSampleName
TGGGCTGGTTGCGTAT-2,CACTCACTGTCTGAGACAGTCTGAGTGACA,otherSampleName
TGGTGATAGTCAGCGA-2,CACTCACTGTCTGAGACAGTCTGAGTGACA,otherSampleName
TGTAGACCATCGTTCC-2,GTGAGTCACACTCTGAGACTGACTGTCTGA,otherSampleName
TGTCAGAAGGATACAT-2,CAGTCTCTCTCACACAGTCACTGTCAGTCA,otherSampleName
TGTCAGAAGGATACAT-2,GTCTCACAGACTCTCACAGAGACAGACTCT,otherSampleName
TGTCAGACAATCTAGC-2,GTGAGACTCACTGACACACTGTCTCACTGA,otherSampleName
TGTCCACTCAGCTAGT-2,CACTCACTGTCTGAGACAGTCTGAGTGACA,otherSampleName
TGTCCCATCTTCCCAG-2,GAGACACTCAGACACACACTCTGACTGACA,otherSampleName
TGTCCTGAGATGACCG-2,GTGAGTCACACTCTGAGACTGACTGTCTCA,otherSampleName
TGTCCTGAGATGACCG-2,GTGAGTCACACTCTGAGACTGACTGTCTCA,otherSampleName
TGTGAGTAGTGGAATT-2,CACAGACTGTGAGAGAGTCAGTGACACTCA,otherSampleName
TGTGAGTAGTGGCCTC-2,CACAGACTGTGAGAGAGTCAGTGACACTCA,otherSampleName
TGTGAGTTCTTCCCGA-2,GTCACACAGTCTGTCAGTGTCACTGACTCA,otherSampleName
TGTGAGTTCTTCCCGA-2,CACTCACTGTCTGAGACAGTCTGAGTGACA,otherSampleName
TGTGCGGCATTGGATC-2,GTCACACAGACTGTCAGTGTCACTGACTCA,otherSampleName
TGTTCATAGAATTGTG-2,GTCTCACAGACTCTCACAGAGACAGACTCT,otherSampleName
TGTTCATCACAGAAGC-2,GTCTCACAGACTCTCACAGAGACAGACTCT,otherSampleName
TGTTCCGGTAGATCGG-2,CTGACTCTCTCTCAGTCTCTCTCACTGACA,otherSampleName
TGTTCCGGTAGATCGG-2,CACTGAGTGTGTGACACAGTCTGTCTCACT,otherSampleName
TTACCATCAACACTAC-2,GACACACTGTCTCTCAGTCAGACTGTCAGA,otherSampleName
TTACCGCTCTAACGCA-2,CTGTGACACAGTCACACACAGTGACACACT,otherSampleName
TTACGTTCAGGTATGG-2,CTGACTCTCTCACTCAGACACTGAGTCTCT,otherSampleName
TTAGGCATCGTCCTTG-2,GTGAGACTCACTGACACACTGTCTCACTGA,otherSampleName
TTAGGGTAGACTCGAG-2,CAGTCTCTCTCACACAGTCACTGTCAGTCA,otherSampleName
TTCAATCAGGCGTTAG-2,GAGAGACTGACTCAGTGTGTCAGTGACACT,otherSampleName
TTCCACGTCCTGCTAC-2,CTGACACAGAGTCAGACAGTGTGACTCAGT,otherSampleName
TTCCTCTCACATGGTT-2,CTGACAGTGAGTGACTCTCAGACTCTGTCA,otherSampleName
TTGCCTGCAACCTATG-2,CACTCACTGTCTGAGACAGTCTGAGTGACA,otherSampleName
TTGCTGCGTTCGGTCG-2,GTGTCTGTCTCTCTGAGTCACTCACAGTCT,otherSampleName
TTGCTGCTCGTTCCCA-2,CTCTGACAGTGTCACAGACAGACAGAGACT,otherSampleName
TTGGGATTCGGAATGG-2,CTGACTCTCTCACTCAGACACTGAGTCTCT,otherSampleName
TTTACCAAGTAACGTA-2,GTGAGACTCACTGACACACTGTCTCACTGA,otherSampleName
TTTACCACAACCGGAA-2,CAGTCTCTCTCACACAGTCACTGTCAGTCA,otherSampleName
TTTCAGTAGAAGGTAG-2,GAGAGACTGACTCAGTGTGTCAGTGACACT,otherSampleName
TTTCAGTGTATTGGCT-2,CTGACACAGAGTCAGACAGTGTGACTCAGT,otherSampleName
TTTCCTCGTGACTCTA-2,CTGACAGTGAGTGACTCTCAGACTCTGTCA,otherSampleName
TTTGACTGTCGAATGG-2,CACTCACTGTCTGAGACAGTCTGAGTGACA,otherSampleName
TTTGGTTGTGATCGTT-2,GTGTCTGTCTCTCTGAGTCACTCACAGTCT,otherSampleName
TTTGTTGAGCCAAGCA-2,CTCTGACAGTGTCACAGACAGACAGAGACT,otherSampleName
