cellID,barcode,sample
AAGACTCGTGCAACGA,ATTCTTCGTCGTCCAGTTCGTCATCATGGTTTGGAGTTGCTCGAGATCAT,1
AAGACTCGTGCAACGA,GAGGCCGTCGTGGTGGCTATTGTGCTTAAGAGAGACAGATGCTGTGAGTG,1
ACAGAAACAGGTAGTG,ATACTAGGTGGACCTGGTCCAGGAGGTCAACCAGTTGCTCTTGTACGAGG,1
ACAGAAACAGGTAGTG,ATACTAGGTGGACCTGGTCCAGGAGGTCAACCAGTTGCTCTTGTACGAGG,1
ACAGAAACAGGTAGTG,ATACTAGGTGGACCTGGTCCAGGAGGTCAACCAGTTGCTCTTGTACGAGG,1
ACAGAAACAGGTAGTG,ATACTAGGTGGACCTGGTCCAGGAGGTCAACCAGTTGCTCTTGTACGAGG,1
ACAGAAACAGGTAGTG,ATACTAGGTGGACCTGGTCCAGGAGGTCAACCAGTTGCTCTTGTACGAGG,1
ACAGAAACAGGTAGTG,ATACTAGGTGGACCTGGTCCAGGAGGTCAACCAGTTGCTCTTGTACGAGG,1
ACAGAAACAGGTAGTG,ATACTAGGTGGACCTGGTCCAGGAGGTCAACCAGTTGCTCTTGTACGAGG,1
ACAGAAACAGGTAGTG,ATTGAAGATCCACTAGCACGTCATGAAGCTCAAGTAGGTCCAGATGAAGA,1
ACAGAAACAGGTAGTG,ATTGCTCCTGTTCCAGCTGAACCTGAAGAACCACTACTTGTAGGACATGT,1
ACAGAAACAGGTAGTG,ATACCACAACGTGAACCAGTAGATCGTGATGTAGATGCACGTGATCGACT,1
ACAGAAACAGGTAGTG,ATACTACTAGATCTAGATGAACATGATGTTCCTCGTGCAGTTCGTGCAGC,1
ACAGAAACAGGTAGTG,ATACTAGCTCGACCTGGTCAACGAGGTCAACAAGATGATCTTGAACGAGT,1
ACAGAAACAGGTAGTG,ATACTTGTTGGTGGTGATGCTGCTGAACTACTAGAACGAGGAGAAGCAGA,1
ACAGAAACAGGTAGTG,ATAGCTGTTCCTGTTCTTCAACATCCTCATGATGTTGCTCTTGCTCCAGG,1
ACAGAAACAGGTAGTG,ATAGGACGTGTTCCTGGTGAAGCTCGACAAGGACAAGATGTAGTTGGTGC,1
ACAGAAACAGGTAGTG,ATAGGAGTAGTTGGTGATGGTCTACCAGAAGGTGAAGGTGGAGAAGTTGG,1
ACAGAAACAGGTAGTG,ATAGGTCGTGTTGTTGGAGGTGTTGATGCAGTACTTGTTCGAGTAGTTCC,1
ACAGAAACAGGTAGTG,ATAGGTCTTGAAGAAGCACTAGATGTTCATGAAGCACTTGTTGAAGCTCG,1
ACAGAAACAGGTAGTG,ATAGGTGGAGTAGGTCATCGAGTTGAACTTCTTCATCCTGTTGATGGTGT,1
ACAGAAACAGGTAGTG,ATAGGTGTTGTACCTCAAGCACTAGGTCCTCTAGTAGTTGATCTTCATGG,1
ACAGAAACAGGTAGTG,ATAGTTGCTGTTGATGTTCATGTTCGTGCTCTAGCACCAGTTCGTGTTGC,1
ACAGAAACAGGTAGTG,ATAGTTGGTGGACGTGGTCGAGGTGGTCTACGAGGTGCTCTTGTACGTGG,1
ACAGAAACAGGTAGTG,ATTCAACATGGTGTTGGAGGACGTGTACCTGCAGTTCTTGGTGGTGTACT,1
ACAGAAACAGGTAGTG,ATTCATGTTGGTCGTCGTGCTCTTGGTCATGTACGTGCTCCAGCTGAAGG,1
ACAGAAACAGGTAGTG,ATTCGACCAGAACCACATGCAGTTCAACGTGTTCGAGGTGTAGATGCTCC,1
ACAGAAACAGGTAGTG,ATTCGTCCTGTTCGTGATCTACAAGATGCACCTCTTGTTGCTGAAGATGT,1
ACAGAAACAGGTAGTG,ATTCTAGATGTTGCACAAGATCCTGCAGGACCTGTTGATGATGTACCTCT,1
ACAGAAACAGGTAGTG,ATTCTAGCTGCTCGACAACATCAACTAGGTGCTGCAGGTCTACTTCCAGA,1
ACAGAAACAGGTAGTG,ATTCTAGCTGTACTTGTTCCTCCTGCAGCTCTTGTACGTGATGTAGGTCT,1
ACAGAAACAGGTAGTG,ATTCTAGTTGGTGTACTACTAGCTCTTGGACTACGTGTACAAGCTGGTGG,1
ACAGAAACAGGTAGTG,ATTCTTCCTGTAGTTGTTCATCTACCAGTACGTCATCCAGCTGTTCAACT,1
ACAGAAACAGGTAGTG,ATTCTTGCTGTTCGTGCAGTACTTCATGATCATCGTGGTGTAGCTGTAGA,1
ACAGAAACAGGTAGTG,ATTGAACGTGGAGTTGAACTTGTACTACGAGTACGTCTAGAACATGAACC,1
ACAGAAACAGGTAGTG,ATTGATCCTGATCGAGAAGGAGTACCAGAACAAGTAGCACGTGATCGACA,1
ACAGAAACAGGTAGTG,ATTGCACAAGAACGTCGAGTTCTAGGTGTTCTAGTACTTGTACGAGATCA,1
ACAGAAACAGGTAGTG,ATTGGTCGTGAAGCAGTAGATGGAGCAGATGTTCATCTACCTGAAGAAGG,1
ACAGAAACAGGTAGTG,ATTGTACAACTTCCACTTCTTGGTCCTCTACAAGCACATCCAGCTGGTCG,1
ACAGAAACAGGTAGTG,ATTGTTGTTGCAGATGCAGTTGATGCTGATGAAGTTGTACAAGGTCGAGC,1
ACAGAAACAGGTAGTG,ATACTAGGTGGACCTGGTCCAGGAGGTCAACCAGTTGCTCTTGTACGAGG,1
ACAGAAACAGGTAGTG,ATACTAGGTGGACCTGGTCCAGGAGGTCAACCAGTTGCTCTTGTACGAGG,1
ACAGAAACAGGTAGTG,ATACTAGGTGGACCTGGTCCAGGAGGTCAACCAGTTGCTCTTGTACGAGG,1
ACAGAAACAGGTAGTG,ATACTAGGTGGACCTGGTCCAGGAGGTCAACCAGTTGCTCTTGTACGAGG,1
ACAGAAACAGGTAGTG,ATACTAGGTGGACCTGGTCCAGGAGGTCAACCAGTTGCTCTTGTACGAGG,1
ACAGAAACAGGTAGTG,ATACTAGGTGGACCTGGTCCAGGAGGTCAACCAGTTGCTCTTGTACGAGG,1
ACAGAAACAGGTAGTG,ATACTAGGTGGACCTGGTCCAGGAGGTCAACCAGTTGCTCTTGTACGAGG,1
ACAGAAACAGGTAGTG,ATACTAGGTGGACCTGGTCCAGGAGGTCAACCAGTTGCTCTTGTACGAGG,1
ACAGAAACAGGTAGTG,ATACTAGGTGGACCTGGTCCAGGAGGTCAACCAGTTGCTCTTGTACGAGG,1
ACAGAAACAGGTAGTG,ATACTAGGTGGACCTGGTCCAGGAGGTCAACCAGTTGCTCTTGTACGAGG,1
ACAGAAACAGGTAGTG,ATACTAGGTGGACCTGGTCCAGGAGGTCAACCAGTTGCTCTTGTACGAGG,1
ACAGAAACAGGTAGTG,ATACTAGGTGGACCTGGTCCAGGAGGTCAACCAGTTGCTCTTGTACGAGG,1
ACAGAAACAGGTAGTG,ATACTAGGTGGACCTGGTCCAGGAGGTCAACCAGTTGCTCTTGTACGAGG,1
ACAGAAACAGGTAGTG,ATACTAGGTGGACCTGGTCCAGGAGGTCAACCAGTTGCTCTTGTACGAGG,1
ACAGAAACAGGTAGTG,ATACTAGGTGGACCTGGTCCAGGAGGTCAACCAGTTGCTCTTGTACGAGG,1
ACAGAAACAGGTAGTG,ATACTAGGTGGACCTGGTCCAGGAGGTCAACCAGTTGCTCTTGTACGAGG,1
ACAGAAACAGGTAGTG,ATACTAGGTGGACCTGGTCCAGGAGGTCAACCAGTTGCTCTTGTACGAGG,1
ACAGAAACAGGTAGTG,ATACTAGGTGGACCTGGTCCAGGAGGTCAACCAGTTGCTCTTGTACGAGG,1
ACAGAAACAGGTAGTG,ATACATCCAGCTGCAGTTCCTGCTGAACGACTAGTTCGACATGGAGATCG,1
ACAGAAACAGGTAGTG,ATACGACTAGTTGGAGTTCAAGATGATGTAGTAGTAGTTGAACGTCTACC,1
ACAGAAACAGGTAGTG,ATACGTGATGCAGGTCTTCTACTAGTTCGTCTAGTAGATGTAGTTCTTCA,1
ACAGAAACAGGTAGTG,ATACTTCCTGATCATGAACAACTTGAAGTTGGTCGTCCAGGTGTACAACT,1
ACAGAAACAGGTAGTG,ATACTTGTTGTAGCTGGTGTAGGTCGACTTCCTCTAGTTCTAGGACTTCG,1
ACAGAAACAGGTAGTG,ATAGATGCACTTGGTGGTCGAGTTCTAGTTGTAGCTGATCGTCCAGCTCT,1
ACAGAAACAGGTAGTG,ATAGCTGTTGATGGTGGTGAAGGTGATCAACCTGCTGTAGCTGTTCGACT,1
ACAGAAACAGGTAGTG,ATAGGCAAGCACCAGGAGCTCAACATGGAGCTGTAGTTCTAGAACTAGGA,1
ACAGAAACAGGTAGTG,ATAGGTCGTGTTGTTGGAGGTGTTGATGCAGTACTTGTTCGAGTAGTTCC,1
ACAGAAACAGGTAGTG,ATAGTTCCAGATCCTGTACAAGATCTAGATCTACTACGTGAAGTTGGTGG,1
ACAGAAACAGGTAGTG,ATTCAAGATGATGATGATCAAGTAGTACGTCCTCTACTACCACGTCATCA,1
ACAGAAACAGGTAGTG,ATTCAAGCACTTGGAGTTCCTGCTGTTGTTGTACCACAACTACTACTTGG,1
ACAGAAACAGGTAGTG,ATTCCTCTACAACGTCTTGTTGTACGACATCTACTTCGACGTGATCGAGG,1
ACAGAAACAGGTAGTG,ATTCGTCCTGTTCGTGATCTACAAGATGCACCTCTTGTTGCTGAAGATGT,1
ACAGAAACAGGTAGTG,ATTCTTGTAGATCGTGAAGCTGGACATGTACTTCATGTTCTAGAACCTCT,1
ACAGAAACAGGTAGTG,ATTGAACGTGGAGTTGAACTTGTACTACGAGTACGTCTAGAACATGAACC,1
ACAGAAACAGGTAGTG,ATTGAAGGTCATGATCATGTAGTTCTTCTTGATGTTGGTGTTCATGTTGA,1
ACAGAAACAGGTAGTG,ATTGATGGTCAACCTGGTGTTCATCATCTTGTTCATGAACTTCGACGTGC,1
ACAGAAACAGGTAGTG,ATTGGTCGTGAAGCAGTAGATGGAGCAGATGTTCATCTACCTGAAGAAGG,1
ACAGAAACAGGTAGTG,ATTGTACGTGGTCGTGTACCTGCTCCAGGACGAGCTGGAGCAGTTGTTCA,1
ACAGAAACAGGTAGTG,ATTGTAGTAGTTCTACTAGATCAACCACTTGTACCACGTCGTGTTCAACC,1
ACAGAAACAGGTAGTG,ATTGTTCATGGTGGTCCAGAAGTAGTTCCTCGTCTAGTTGCAGTTCTAGG,1
ACAGAAACAGGTAGTG,ATTGTTCCAGTAGCTGGAGGTCTACATGTAGGAGATCTACTAGCAGAAGT,1
ACAGAAACAGGTAGTG,ATTGTTCTTCTTCGACATCGTCGTGGTGCTGCTCTACGTGCAGAAGTACC,1
ACAGAAACAGGTAGTG,ATTGTTGGTGTTGTTGAAGTTCCTGTTCGTGGACCTGGTCATGGTGGTGC,1
ACAGAAACAGGTAGTG,ATACTAGGTGGACCTGGTCCAGGAGGTCAACCAGTTGCTCTTGTACGAGG,1
ACAGAAACAGGTAGTG,ATACTAGGTGGACCTGGTCCAGGAGGTCAACCAGTTGCTCTTGTACGAGG,1
ACAGAAACAGGTAGTG,ATACTAGGTGGACCTGGTCCAGGAGGTCAACCAGTTGCTCTTGTACGAGG,1
ACAGAAACAGGTAGTG,ATACTAGGTGGACCTGGTCCAGGAGGTCAACCAGTTGCTCTTGTACGAGG,1
ACAGAAACAGGTAGTG,ATACTAGGTGGACCTGGTCCAGGAGGTCAACCAGTTGCTCTTGTACGAGG,1
ACAGAAACAGGTAGTG,ATACTAGGTGGACCTGGTCCAGGAGGTCAACCAGTTGCTCTTGTACGAGG,1
ACAGAAACAGGTAGTG,ATTCGACCAGAACCACATGCAGTTCAACGTGTTCGAGGTGTAGATGCTCC,1
ACAGAAACAGGTAGTG,ATACTAGGTGGACCTGGTCCAGGAGGTCAACCAGTTGCTCTTGTACGAGG,1
AGATCGTAGCACTCCG,ATTCGACTTGATCTTCTAGAACATGGTGAACTAGCAGGTGCTGATCCTGA,1
AGATCGTAGCACTCCG,ATACATCGAGTACCTCTTGTAGAACATGATCCACCTCCAGCTCCAGCAGG,1
AGATCGTAGCACTCCG,ATACATCGAGTACCTCTTGTAGAACATGATCCACCTCCAGCTCCAGCAGG,1
AGATCGTAGCACTCCG,ATACATCGAGTACCTCTTGTAGAACATGATCCACCTCCAGCTCCAGCAGG,1
AGATCGTAGCACTCCG,ATACATCGAGTACCTCTTGTAGAACATGATCCACCTCCAGCTCCAGCAGG,1
AGATCGTAGCACTCCG,ATACATCGAGTACCTCTTGTAGAACATGATCCACCTCCAGCTCCAGCAGG,1
AGATCGTAGCACTCCG,ATACATCGAGTACCTCTTGTAGAACATGATCCACCTCCAGCTCCAGCAGG,1
AGATCGTAGCACTCCG,ATACATCGAGTACCTCTTGTAGAACATGATCCACCTCCAGCTCCAGCAGG,1
AGATCGTAGCACTCCG,ATACAACAACTAGAAGATCTACGTCTAGGAGGTCGTCGAGTTCTAGTAGT,1
AGATCGTAGCACTCCG,ATACATCGAGTAGCTGTTGGAGCACAAGATAGACCTCGAGCTGGAGCTGG,1
AGATCGTAGCACTCCG,ATACTAGGTGGACCTGGTCCAGGAGGTCAACCAGTTGCTCTTGTACGAGG,1
AGATCGTAGCACTCCG,ATACTTGTTGGTGGTGATGCTGCTGAACTACTAGAACGAGGAGAAGCAGA,1
AGATCGTAGCACTCCG,ATAGATCGACGACCTGTACGACTTCAACCAGTAGCAGTAGATCATCATCA,1
AGATCGTAGCACTCCG,ATAGCTGTTCCTGTTCTTCAACATCCTCATGATGTTGCTCTTGCTCCAGG,1
AGATCGTAGCACTCCG,ATAGGACCTGCTCCACATGTTGGTGAAGGTCAACGAGTACTTGGTGATGT,1
AGATCGTAGCACTCCG,ATAGGACGTGTTCCTGGTGAAGCTCGACAAGGACAAGATGTAGTTGGTGC,1
AGATCGTAGCACTCCG,ATTCAACGTCTAGGACGAGGTCTTCATGTTCCTGCTCGTCTACTTGGACC,1
AGATCGTAGCACTCCG,ATTCCTCTACAACGTCTTGTTGTACGACATCTACTTCGACGTGATCGAGG,1
AGATCGTAGCACTCCG,ATTCGTCCTGTTCGTGATCTACAAGATGCACCTCTTGTTGCTGAAGATGT,1
AGATCGTAGCACTCCG,ATTGTTGTTCTTCTTCAACGAGCACAAGTACGACTTCTAGGTGAAGTAGT,1
AGATCGTAGCACTCCG,ATACATCGAGTACCTCTTGTAGAACATGATCCACCTCCAGCTCCAGCAGG,1
AGATCGTAGCACTCCG,ATACATCGAGTACCTCTTGTAGAACATGATCCACCTCCAGCTCCAGCAGG,1
AGATCGTAGCACTCCG,ATACATCGAGTACCTCTTGTAGAACATGATCCACCTCCAGCTCCAGCAGG,1
AGGAGGTCAGTGCCTG,ATTGAACGTGGAGTTGAACTTGTACTACGAGTACGTCTAGAACATGAACC,1
AGGAGGTCAGTGCCTG,CGTGAACGTGGAGTTGACCTTGTACTACGAGGCCGGCGGGAACATGACCC,1
AGGAGGTCAGTGCCTG,ATACAACAACTAGAAGATCTACGTCTAGGAGGTCGTCGAGTTCTAGTAGT,1
AGGAGGTCAGTGCCTG,ATACCTGCTGCTGTTCGACAAGCTGATGCACTTCGTGGTGTTGGTCCTGT,1
AGGAGGTCAGTGCCTG,ATACTAGCTCAAGCAGTACTACTACTTCGTCTTCATGCAGAACAACATGG,1
AGGAGGTCAGTGCCTG,ATACTTGTTGGTGGTGATGCTGCTGAACTACTAGAACGAGGAGAAGCAGA,1
AGGAGGTCAGTGCCTG,ATAGATGCACTTGGTGGTCGAGTTCTAGTTGTAGCTGATCGTCCAGCTCT,1
AGGAGGTCAGTGCCTG,ATAGCTCCAGGACTAGGTGGTCGAGTTCTTCGTCCTGTACAACCACTACC,1
AGGAGGTCAGTGCCTG,ATAGGTCGTGGTCGACCTCGAGGTGTACATGTTGAACGTGCATTGTTCAT,1
AGGAGGTCAGTGCCTG,ATAGGTGGAGTAGGTCATCGAGTTGAACTTCTTCATCCTGTTGATGGTGT,1
AGGAGGTCAGTGCCTG,ATTCAAGCACTTGGAGTTCCTGCTGTTGTTGTACCACAACTACTACTTGG,1
AGGAGGTCAGTGCCTG,ATTCATGAACGTGATCCTGGTGTAGGACTTGCTGTAGCAGGTGATGTAGT,1
AGGAGGTCAGTGCCTG,ATTCGACCAGAACCACATGCAGTTCAACGTGTTCGAGGTGTAGATGCTCC,1
AGGAGGTCAGTGCCTG,ATTCGACTTGATCTTCTAGAACATGGTGAACTAGCAGGTGCTGATCCTGA,1
AGGAGGTCAGTGCCTG,ATTCGAGGTCCTCTAGTAGATGAACGTGTACCTGGTGTAGTTGGAGATGT,1
AGGAGGTCAGTGCCTG,ATTCTTCATCTACGAGGTGATGTACCTCGTCTACGAGATCCACATCGTGT,1
AGGAGGTCAGTGCCTG,ATTCTTGTAGATCGTGAAGCTGGACATGTACTTCATGTTCTAGAACCTCT,1
AGGAGGTCAGTGCCTG,ATTCTTGGAGTTCTAGTACGTGTTGGTGTTCTTGTTCATGATGCTGTACC,1
AGGAGGTCAGTGCCTG,ATTCTTGGTGTTCAACATGATGCTGCTGTAGTTGGTGGTGTTGTTGGTGC,1
AGGAGGTCAGTGCCTG,ATTGAAGCACGTGGAGTTCAACTACATGTAGTTCTAGTTCTACAAGCTGC,1
AGGAGGTCAGTGCCTG,ATTGGTCGTGAAGCAGTAGATGGAGCAGATGTTCATCTACCTGAAGAAGG,1
AGGAGGTCAGTGCCTG,ATACTAGTTCTTCAAGTTCAACGTGAACGTCTAGAACCTGCTGCTGTACC,1
AGGAGGTCAGTGCCTG,ATACTAGCTCAAGCAGTACTACTACTTCGTCTTCATGCAGAACAACATGG,1
AGGAGGTCAGTGCCTG,ATTGAACGTGGAGTTGAACTTGTACTACGAGTACGTCTAGAACATGAACC,1
AGGAGGTCAGTGCCTG,ATTGAACGTGGAGTTGAACTTGTACTACGAGTACGTCTAGAACATGAACC,1
AGGAGGTCAGTGCCTG,ATTGAACGTGGAGTTGAACTTGTACTACGAGTACGTCTAGAACATGAACC,1
AGGAGGTCAGTGCCTG,ATTGAACGTGGAGTTGAACTTGTACTACGAGTACGTCTAGAACATGAACC,1
AGGAGGTCAGTGCCTG,ATTGAACGTGGAGTTGAACTTGTACTACGAGTACGTCTAGAACATGAACC,1
AGGAGGTCAGTGCCTG,ATTGAACGTGGAGTTGAACTTGTACTACGAGTACGTCTAGAACATGAACC,1
AGGAGGTCAGTGCCTG,ATTGAACGTGGAGTTGAACTTGTACTACGAGTACGTCTAGAACATGAACC,1
AGGAGGTCAGTGCCTG,ATTCGAGTAGATCTTCCTGCACCACCAGTACATGTACCTGTTCCATAGCA,1
AGGAGGTCAGTGCCTG,ATTGCTCGTGGAGTTGAACTTGTACTACTATTACTGCAAGAACAAGACCC,1
AGGAGGTCAGTGCCTG,ATTGAACGTGGAGTTGAACTTGTACTACGAGTACGTCTAGAACATGAACC,1
AGGAGGTCAGTGCCTG,ATACATCCAGCTGCAGTTCCTGCTGAACGACTAGTTCGACATGGAGATCG,1
AGGAGGTCAGTGCCTG,ATACATCTAGAAGGAGTACTTGATCGACTACAACGTCTTGGACAAGTACG,1
AGGAGGTCAGTGCCTG,ATACCACCTGCTGGTGCTGTTCTAGTTGAACTAGGAGTTCCAGTTCTTGT,1
AGGAGGTCAGTGCCTG,ATACGTGATGCAGGTCTTCTACTAGTTCGTCTAGTAGATGTAGTTCTTCA,1
AGGAGGTCAGTGCCTG,ATACGTGGTGTAGGACATGCAGGACCTGTTGTTGAACATGTTCGTGTAGG,1
AGGAGGTCAGTGCCTG,ATACTAGCTCAAGCAGTACTACTACTTCGTCTTCATGCAGAACAACATGG,1
AGGAGGTCAGTGCCTG,ATACTTGAAGTAGCACCACGTCGTCATCAAGTTCTTCCACCAGATGTTCC,1
AGGAGGTCAGTGCCTG,ATAGCTCTTCGTCTTGGTCCTCCAGTACGACGTGTTGTTCGAGAACTAGT,1
AGGAGGTCAGTGCCTG,ATAGGTCCTGATCTAGCAGCACTTGTTCGACGACGACATGCTCAAGTAGC,1
AGGAGGTCAGTGCCTG,ATAGTTGGTGTTGGTCGTCTAGAACAAGATCTACAAGCTCATGTTGTTCG,1
AGGAGGTCAGTGCCTG,ATAGTTGTAGGTCTTGCTGTTCGACGAGGTGCTCTAGTTCAAGTTGCACG,1
AGGAGGTCAGTGCCTG,ATTCAACGACCAGTAGAACGTCCAGTAGTAGGAGTTCGTCTACTAGTACT,1
AGGAGGTCAGTGCCTG,ATTCAAGCACTTGGAGTTCCTGCTGTTGTTGTACCACAACTACTACTTGG,1
AGGAGGTCAGTGCCTG,ATTCCACGAGCACGTGATCGTGCAGTACCAGTAGTTGGTGTTCCACCTGG,1
AGGAGGTCAGTGCCTG,ATTCGACTTGATCTTCTAGAACATGGTGAACTAGCAGGTGCTGATCCTGA,1
AGGAGGTCAGTGCCTG,ATTCGTGGTGGACTTCGTGATGTTCTTGTAGGTGTACCTGATGCAGTTCC,1
AGGAGGTCAGTGCCTG,ATTCTAGATCTAGATGTTCATGTTGAAGTTGTTGTAGTTGAAGTACAACT,1
AGGAGGTCAGTGCCTG,ATTCTAGCTGTACTTGTTCCTCCTGCAGCTCTTGTACGTGATGTAGGTCT,1
AGGAGGTCAGTGCCTG,ATTCTTCATCTACGAGGTGATGTACCTCGTCTACGAGATCCACATCGTGT,1
AGGAGGTCAGTGCCTG,ATTGATGATGTTGCACATCTAGTAGATCAAGATCGACTACGAGGTCCACG,1
AGGAGGTCAGTGCCTG,ATTGCTCTTGGTGCACTAGTTCAACGTGGTCGTGAAGATCAAGCAGGTGG,1
AGGAGGTCAGTGCCTG,ATTGGACGTCTTGAAGCACCTGGAGGTCTAGGTCCTCGACATGCTGGTCG,1
AGGAGGTCAGTGCCTG,ATTGGTGATGAACATGTTCTTCTAGAAGAAGTTCGTGTAGGTGTAGTTCA,1
AGGAGGTCAGTGCCTG,ATTGTTGTTGATGCTCCTCGACCAGGTGGTGGTCATGGAGATCAAGTTGG,1
AGGAGGTCAGTGCCTG,ATTGAACGTGGAGTTGAACTTGTACTACGAGTACGTCTAGAACATGAACC,1
AGGAGGTCAGTGCCTG,ATTGAACGTGGAGTTGAACTTGTACTACGAGTACGTCTAGAACATGAACC,1
AGGAGGTCAGTGCCTG,ATTGAACGTGGAGTTGAACTTGTACTACGAGTACGTCTAGAACATGAACC,1
AGGAGGTCAGTGCCTG,ATTGAACGTGGAGTTGAACTTGTACTACGAGTACGTCTAGAACATGAACC,1
AGGAGGTCAGTGCCTG,ATTGAACGTGGAGTTGAACTTGTACTACGAGTACGTCTAGAACATGAACC,1
AGGAGGTCAGTGCCTG,ATTGAACGTGGAGTTGAACTTGTACTACGAGTACGTCTAGAACATGAACC,1
AGGAGGTCAGTGCCTG,ATTGAACGTGGAGTTGAACTTGTACTACGAGTACGTCTAGAACATGAACC,1
AGGAGGTCAGTGCCTG,ATTGAACGTGGAGTTGAACTTGTACTACGAGTACGTCTAGAACATGAACC,1
AGGCTGCTCTTTCCGG,ACAACCAGGCACGTAAGCTGCAGCGGTCGCTGGACGAGCAGACGGAGCAG,1
AGGCTGCTCTTTCCGG,ATAGGAGTAGTTGGTGATGGTCTACCAGAAGGTGAAGGTGGAGAAGTTGG,1
AGGCTGCTCTTTCCGG,ATAGGAGTAGTTGGTGATGGTCTACCAGAAGGTGAAGGTGGAGAAGTTGG,1
AGGCTGCTCTTTCCGG,ATAGGAGTAGTTGGTGATGGTCTACCAGAAGGTGAAGGTGGAGAAGTTGG,1
AGGCTGCTCTTTCCGG,ATAGGAGTAGTTGGTGATGGTCTACCAGAAGGTGAAGGTGGAGAAGTTGG,1
AGGCTGCTCTTTCCGG,ATAGGAGTAGTTGGTGATGGTCTACCAGAAGGTGAAGGTGGAGAAGTTGG,1
AGGCTGCTCTTTCCGG,ATAGGAGTAGTTGGTGATGGTCTACCAGAAGGTGAAGGTGGAGAAGTTGG,1
AGGCTGCTCTTTCCGG,ATAGGAGTAGTTGGTGATGGTCTACCAGAAGGTGAAGGTGGAGAAGTTGG,1
AGGCTGCTCTTTCCGG,ATAGGAGTAGTTGGTGATGGTCTACCAGAAGGTGAAGGTGGAGAAGTTGG,1
AGGCTGCTCTTTCCGG,ATACCACCTGCTGGTGCTGTTCTAGTTGAACTAGGAGTTCCAGTTCTTGT,1
AGGCTGCTCTTTCCGG,ATACAACATGATCATGAACGTGTACATCCTGTTGTAGCTGATGTACTAGG,1
AGGCTGCTCTTTCCGG,ATACGAGGTCTAGCTCTTGCTCGTGATCGTGCAGAAGATCATGCAGCAGT,1
AGGCTGCTCTTTCCGG,ATACTTGAAGTAGCACCACGTCGTCATCAAGTTCTTCCACCAGATGTTCC,1
AGGCTGCTCTTTCCGG,ATAGATCCTGCACATGCTCTTGGACATGTAGCTCAAGGACCAGCAGGAGA,1
AGGCTGCTCTTTCCGG,ATAGGACAAGGAGTACTAGTAGGAGCAGCACATGGAGTTGTACAAGGTCA,1
AGGCTGCTCTTTCCGG,ATAGTAGCAGTAGTTGTTGTTCATCCTGCTGTAGTTGCTGTTGATGTAGC,1
AGGCTGCTCTTTCCGG,ATTCAACTTCAAGATGGTGGAGTAGATGAAGCTGGTGCAGCTCTAGTTGG,1
AGGCTGCTCTTTCCGG,ATTCCACGAGCACGTGATCGTGCAGTACCAGTAGTTGGTGTTCCACCTGG,1
AGGCTGCTCTTTCCGG,ATTCCTCTACAACGTCTTGTTGTACGACATCTACTTCGACGTGATCGAGG,1
AGGCTGCTCTTTCCGG,ATTCCTGCAGTAGTGTTCTTCTTGGTGGTCTAGATGCTGAAGTTGCTCAA,1
AGGCTGCTCTTTCCGG,ATTCCTGTACTTGTTGGACTAGAACTTGTACGTGTTCTACTTGATGAACG,1
AGGCTGCTCTTTCCGG,ATTCTAGTACCAGAAGGTGAAGTTCTTCATCAAGCTGGTCTTCTTCGTGT,1
AGGCTGCTCTTTCCGG,ATTCTTCCTGTAGTTGTTCATCTACCAGTACGTCATCCAGCTGTTCAACT,1
AGGCTGCTCTTTCCGG,ATTCTTGTACTACGAGTTGTAGGTCTTGTTGTAGTTGGAGGAGCTGCTCT,1
AGGCTGCTCTTTCCGG,ATTGAACGTGGAGTTGAACTTGTACTACGAGTACGTCTAGAACATGAACC,1
AGGCTGCTCTTTCCGG,ATTGGACGTCTTGAAGCACCTGGAGGTCTAGGTCCTCGACATGCTGGTCG,1
AGGCTGCTCTTTCCGG,ATAGGAGTAGTTGGTGATGGTCTACCAGAAGGTGAAGGTGGAGAAGTTGG,1
AGGCTGCTCTTTCCGG,ATAGGAGTAGTTGGTGATGGTCTACCAGAAGGTGAAGGTGGAGAAGTTGG,1
AGGCTGCTCTTTCCGG,ATTGTTGTTGCAGATGCAGTTGATGCTGATGAAGTTGTACAAGGTCGAGC,1
AGGCTGCTCTTTCCGG,ATAGGAGTAGTTGGTGATGGTCTACCAGAAGGTGAAGGTGGAGAAGTTGG,1
AGGCTGCTCTTTCCGG,ATTCGTGCTGTAGCTGGTGGTGTACTTGCTGTAGTACTACAAGAACTTCC,1
AGGCTGCTCTTTCCGG,ATACATCCAGCTGCAGTTCCTGCTGAACGACTAGTTCGACATGGAGATCG,1
AGGCTGCTCTTTCCGG,ATTGAAGATCCACTAGCACGTCATGAAGCTCAAGTAGGTCCAGATGAAGA,1
AGGCTGCTCTTTCCGG,ATACTTCCTGGTCCACGAGCTGATGTTGAACCTGCTGTAGTCGAGATCTT,1
AGGCTGCTCTTTCCGG,ATAGATGCACTTGGTGGTCGAGTTCTAGTTGTAGCTGATCGTCCAGCTCT,1
AGGCTGCTCTTTCCGG,ATTGAACGTGGAGTTGAACTTGTACTACGAGTACGTCTAGAACATGAACC,1
AGGCTGCTCTTTCCGG,ATACTAGCTCAAGCAGTACTACTACTTCGTCTTCATGCAGAACAACATGG,1
AGGCTGCTCTTTCCGG,ATAGGAGTAGTTGGTGATGGTCTACCAGAAGGTGAAGGTGGAGAAGTTGG,1
AGGCTGCTCTTTCCGG,GGACTCCCAGCGCCTCGGCCTCCGCCTCCTCGGCAGCCTCGGCCTCCGCA,1
AGGCTGCTCTTTCCGG,ATAGGAGTAGTTGGTGATGGTCTACCAGAAGGTGAAGGTGGAGAAGTTGG,1
AGGCTGCTCTTTCCGG,CCATGCGGAAGATAGACGGCCTGCTGAATGAGCACAAGAAGAAAGTCCTG,1
AGGCTGCTCTTTCCGG,ATTCGTGGTGGACTTCGTGATGTTCTTGTAGGTGTACCTGATGCAGTTCC,1
AGTACTGGTGAATATG,AGCATGCCCGCCAGCGCTACTCCGCACCTGCCACCCTCAGCTCTCGGGCC,1
AGTACTGGTGAATATG,ATTGCTGCTGTTGTTGTTGGTCAAGTACTTGAAGTTCTTCCTCCTCATGA,1
AGTACTGGTGAATATG,ATTCGTCCTGTTCGTGATCTACAAGATGCACCTCTTGTTGCTGAAGATGT,1
AGTACTGGTGAATATG,ATAGATCCTGCTGATGTACATCTAGGACCTGAACGAGCTCATGGACTTGG,1
AGTACTGGTGAATATG,ATTGGTCGTGAAGCAGTAGATGGAGCAGATGTTCATCTACCTGAAGAAGG,1
AGTACTGGTGAATATG,ACTCCAGGACTTCAACGACTACCTCTTGATCGTGTAGATGGTCTACAACA,1
AGTACTGGTGAATATG,ATTCGACTTGATCTTCTAGAACATGGTGAACTAGCAGGTGCTGATCCTGA,1
AGTACTGGTGAATATG,ATTCCAGTTGGTGGAGAAGTAGTAGGACAAGGTCGACGAGCTCATGTACT,1
AGTGATCGTGACTGAG,ATAGATGCACTTGGTGGTCGAGTTCTAGTTGTAGCTGATCGTCCAGCTCT,1
AGTGATCGTGACTGAG,ATACGACTAGTTGGAGTTCAAGATGATGTAGTAGTAGTTGAACGTCTACC,1
AGTGATCGTGACTGAG,ATACTACTAGATCTAGATGAACATGATGTTCCTCGTGCAGTTCGTGCAGC,1
AGTGATCGTGACTGAG,ATACTAGCTCAAGCAGTACTACTACTTCGTCTTCATGCAGAACAACATGG,1
AGTGATCGTGACTGAG,ATTGGTGCAGTTCAAGTAGGAGCAGAACCTCGAGTTCGTCTACATCAAGG,1
AGTGATCGTGACTGAG,ATAGTAGATGAACGTCCTCTACATGTTCTTCGTCAAGTACCAGCACAACG,1
AGTGATCGTGACTGAG,ATTCCAGTAGTAGAAGCAGATGATCCTCATGTTCGTCGTGGTGGACATGA,1
AGTGATCGTGACTGAG,ATTCGTGTTCCAGCTCATCATCATCGTGATGGAGGACGTGAAGAACAAGG,1
AGTGATCGTGACTGAG,ATTGATGGACGAGCACTTGTTCTTGCTCAACCTCTACTTGAAGGTGATGA,1
AGTGATCGTGACTGAG,ATTGCAGCTGCACTTGCACCTCAACTTGATCAAGTTCTACGTCGAGGTGC,1
AGTGATCGTGACTGAG,ATTGCTCAAGTACTAGCTCGACTAGTTGTTCGTGCTGTTCGAGATCTTCT,1
AGTGATCGTGACTGAG,ATTGGTGCAGTTCAAGTAGGAGCAGAACCTCGAGTTCGTCTACATCAAGG,1
AGTGATCGTGACTGAG,ATTGGTGCAGTTCAAGTAGGAGCAGAACCTCGAGTTCGTCTACATCAAGG,1
AGTGATCGTGACTGAG,ATTCAAGCACTTGGAGTTCCTGCTGTTGTTGTACCACAACTACTACTTGG,1
ATGACCAGTCGTTATG,ATTGCTCAAGATGTTCATGGACATGATGTACTAGCAGATGTAGGTCCACG,1
ATGACCAGTCGTTATG,ATTCGACCAGAACCACATGCAGTTCAACGTGTTCGAGGTGTAGATGCTCC,1
ATGACCAGTCGTTATG,ATAGATGCACTTGGTGGTCGAGTTCTAGTTGTAGCTGATCGTCCAGCTCT,1
ATGACCAGTCGTTATG,AACCTCGCAGCCGCTCCCTGCAGTCCACCGGCCAGGTGTTCCTGGGTATC,1
ATGACCAGTCGTTATG,TGGCCAGTGGTAAGATTGCAGCTGCTGGACTGGATGTGACGAGCCCAGAA,1
ATGACCAGTCGTTATG,ATACTTGCACGAGTTGAAGGTGTTCAAGATGCTCGAGATGGTGCACTTCG,1
ATGACCAGTCGTTATG,ATAGGTGGAGTAGGTCATCGAGTTGAACTTCTTCATCCTGTTGATGGTGT,1
ATGGATCAGTCAAGCG,ATTCTAGCTCCTGTTGTTGAACGAGTACTAGCTCTAGGTGCAGCTCTTCT,1
CCAATTTCAATTGCTG,ATTGGTCGTGAAGCAGTAGATGGAGCAGATGTTCATCTACCTGAAGAAGG,1
CCAATTTCAATTGCTG,ATGTGAAGCAGAAGGGAGAGCGTAAGATCTTCCAGGCACACAAGAATTGT,1
CCAATTTCAATTGCTG,ATGTGAAGCAGAAGGGAGAGCGTAAGATCTTCCAGGCACACAAGAATTGT,1
CCAATTTCAATTGCTG,ATTGTACGTGTAGCTCTACTACTTGGTCATGATCCTGGACTTCATGCTGT,1
CCAATTTCAATTGCTG,ATTGTACGTGTAGCTCTACTACTTGGTCATGATCCTGGACTTCATGCTGT,1
CCAATTTCAATTGCTG,CACAAAGACCACAGTTAGCAAACACACACAGACACACACACACACACACA,1
CCAATTTCAATTGCTG,ATTCGACTTGATCTTCTAGAACATGGTGAACTAGCAGGTGCTGATCCTGA,1
CCAATTTCAATTGCTG,ATTGTACGTGTAGCTCTACTACTTGGTCATGATCCTGGACTTCATGCTGT,1
CCAATTTCAATTGCTG,ATTGTACGTGTAGCTCTACTACTTGGTCATGATCCTGGACTTCATGCTGT,1
CCAATTTCAATTGCTG,ATTGTACGTGTAGCTCTACTACTTGGTCATGATCCTGGACTTCATGCTGT,1
CCAATTTCAATTGCTG,ATACGAGGTCTAGCTCTTGCTCGTGATCGTGCAGAAGATCATGCAGCAGT,1
CCAATTTCAATTGCTG,ATTGTACGTGTAGCTCTACTACTTGGTCATGATCCTGGACTTCATGCTGT,1
CCAATTTCAATTGCTG,ATTGTACGTGTAGCTCTACTACTTGGTCATGATCCTGGACTTCATGCTGT,1
CCAATTTCAATTGCTG,ATTGTACGTGTAGCTCTACTACTTGGTCATGATCCTGGACTTCATGCTGT,1
CCAATTTCAATTGCTG,ATATAGAAGCTGATGTACGAGCTGATGATGGTGTAGATGTTGGTGATCAA,1
CCAATTTCAATTGCTG,ATTGTACGTGTAGCTCTACTACTTGGTCATGATCCTGGACTTCATGCTGT,1
CCAATTTCAATTGCTG,ATACATCCAGCTGCAGTTCCTGCTGAACGACTAGTTCGACATGGAGATCG,1
CCAATTTCAATTGCTG,ATACGACTAGTTGGAGTTCAAGATGATGTAGTAGTAGTTGAACGTCTACC,1
CCAATTTCAATTGCTG,ATACTACTAGATCTAGATGAACATGATGTTCCTCGTGCAGTTCGTGCAGC,1
CCAATTTCAATTGCTG,ATAGCTCCAGGACTAGGTGGTCGAGTTCTTCGTCCTGTACAACCACTACC,1
CCAATTTCAATTGCTG,ATAGGAGTAGTTGGTGATGGTCTACCAGAAGGTGAAGGTGGAGAAGTTGG,1
CCAATTTCAATTGCTG,ATTCATGTAGTTCCTCTTGTTCTAGATGATCCTGGTGCACTTCAACTACA,1
CCAATTTCAATTGCTG,ATTCCTCTACAACGTCTTGTTGTACGACATCTACTTCGACGTGATCGAGG,1
CCAATTTCAATTGCTG,ATTCGACCAGAACCACATGCAGTTCAACGTGTTCGAGGTGTAGATGCTCC,1
CCAATTTCAATTGCTG,ATTCGTCTAGTAGCAGCAGGTCGTCCTCTTGCTCTACCACGTGCAGTACT,1
CCAATTTCAATTGCTG,ATTCGTGTTCCAGCTCATCATCATCGTGATGGAGGACGTGAAGAACAAGG,1
CCAATTTCAATTGCTG,ATTCTTGCTGGTGATCTACATCAAGTTCTTGAACGACCACTTCTTGATGG,1
CCAATTTCAATTGCTG,ATTCTTGGAGTTCTAGTACGTGTTGGTGTTCTTGTTCATGATGCTGTACC,1
CCAATTTCAATTGCTG,ATTGCAGTTGGACTAGGTGCAGTTGAAGAACTTGGTCTACATGTTCGTGT,1
CCAATTTCAATTGCTG,ATTGCTGCTGTTGTTGTTGGTCAAGTACTTGAAGTTCTTCCTCCTCATGA,1
CCAATTTCAATTGCTG,ATTGCTGGTGTAGTTCGACTTGTTCATGATCGACGTCTTCTTGGAGATGA,1
CCAATTTCAATTGCTG,ATTGGAGGAGGTCCACATCAAGAACCAGGTCATCGAGCTCTTGATCCAGT,1
CCAATTTCAATTGCTG,ATTGGTCATGAAGCTGATCTTGAACCACATGATGTTCGTCTTGGTGAACA,1
CCAATTTCAATTGCTG,ATTGGTGTAGGTGGTCATCTACCTGTTGTAGGTGTTGAAGCACGACATGC,1
CCAATTTCAATTGCTG,ATTGTACAACTTCCACTTCTTGGTCCTCTACAAGCACATCCAGCTGGTCG,1
CCAATTTCAATTGCTG,ATTGTACGTGTAGCTCTACTACTTGGTCAGTATCAGGACCTGCAGCAGTT,1
CCAATTTCAATTGCTG,ATTGTAGTAGTTCTACTAGATCAACCACTTGTACCACGTCGTGTTCAACC,1
CCAATTTCAATTGCTG,ATTGTTGTTCCTCATGATCTAGGACGACCTGTAGGTGCTGGTGTTGGAGC,1
CCAATTTCAATTGCTG,ATTGTTGTTGATGCTCCTCGACCAGGTGGTGGTCATGGAGATCAAGTTGG,1
CCAATTTCAATTGCTG,ATTGTACGTGTAGCTCTACTACTTGGTCATGATCCTGGACTTCATGCTGT,1
CCAATTTCAATTGCTG,ATTGTACGTGTAGCTCTACTACTTGGTCATGATCCTGGACTTCATGCTGT,1
CCAATTTCAATTGCTG,ATTGTACGTGTAGCTCTACTACTTGGTCATGATCCTGGACTTCATGCTGT,1
CCAATTTCAATTGCTG,ATTGTACGTGTAGCTCTACTACTTGGTCATGATCCTGGACTTCATGCTGT,1
CCAATTTCAATTGCTG,ATTGTACGTGTAGCTCTACTACTTGGTCATGATCCTGGACTTCATGCTGT,1
CCAATTTCAATTGCTG,ATACATCTTCCAGCAGAACTACTTCGAGTAGGTGTACAACTTCATCTACC,1
CCAATTTCAATTGCTG,ATACCTGATGGACTACCTGCTGCAGTAGGACCAGAACGTGCACCTGTACA,1
CCAATTTCAATTGCTG,ATTGTACGTGTAGCTCTACTACTTGGTCATGATCCTGGACTTCATGCTGT,1
CCAATTTCAATTGCTG,ATTGTACGTGTAGCTCTACTACTTGGTCATGATCCTGGACTTCATGCTGT,1
CCAATTTCAATTGCTG,ATTGTACGTGTAGCTCTACTACTTGGTCATGATCCTGGACTTCATGCTGT,1
CCAATTTCAATTGCTG,ATTGTACGTGTAGCTCTACTACTTGGTCATGATCCTGGACTTCATGCTGT,1
CCAATTTCAATTGCTG,ATTCTTCATCTACGAGGTGATGTACCTCGTCTACGAGATCCACATCGTGT,1
CCAATTTCAATTGCTG,ATACTAGCTCAAGCAGTACTACTACTTCGTCTTCATGCAGAACAACATGG,1
CCAATTTCAATTGCTG,ATTCTAGCTGTACTTGTTCCTCCTGCAGCTCTTGTACGTGATGTAGGTCT,1
CCAATTTCAATTGCTG,AGCATGCCCGCCAGCGCTACTCCGCACCTGCCACCCTCAGCTCTCGGGCC,1
CCAATTTCAATTGCTG,ATTCGTCCTGTTCGTGATCTACAAGATGCACCTCTTGTTGCTGAAGATGT,1
CCAATTTCAATTGCTG,ATCCGGAACACGCGCACACCGAGGACCCTGAGTGCGTGCTGCCGCAGGAG,1
CCAATTTCAATTGCTG,ATACTAGCTCAAGCAGTACTACTACTTCGTCTTCATGCAGAACAACATGG,1
CCAATTTCAATTGCTG,ATTGGTCGTGAAGCAGTAGATGGAGCAGATGTTCATCTACCTGAAGAAGG,1
CCCTCAACATACAGCT,CTGGAAGACATTAATTTGATGGAAGACATGGCTTTGTTGGAAGACGTGGA,1
CCCTGATCAGCACAAG,ATTGTTGTTGCAGATGCAGTTGATGCTGATGAAGTTGTACAAGGTCGAGC,1
CCCTGATCAGCACAAG,ATAGGAGTAGTTGGTGATGGTCTACCAGAAGGTGAAGGTGGAGAAGTTGG,1
CCCTGATCAGCACAAG,AACTGAAGTACAAAGCCATCAGCGAGGAGCTGGACCACGCTCTCAACGAT,1
CCCTGATCAGCACAAG,ATAGGAGTAGTTGGTGATGGTCTACCAGAAGGTGAAGGTGGAGAAGTTGG,1
CCCTGATCAGCACAAG,CGGATCACCTGAGGTCTGGAGGATCGCTTGAACCCAGGTGGCAGTGGTTG,1
CCCTGATCAGCACAAG,ATAGGAGTAGTTGGTGATGGTCTACCAGAAGGTGAAGGTGGAGAAGTTGG,1
CCCTGATCAGCACAAG,ATAGGAGTAGTTGGTGATGGTCTACCAGAAGGTGAAGGTGGAGAAGTTGG,1
CCCTGATCAGCACAAG,ATAGGAGTAGTTGGTGATGGTCTACCAGAAGGTGAAGGTGGAGAAGTTGG,1
CCCTGATCAGCACAAG,ATAGGAGTAGTTGGTGATGGTCTACCAGAAGGTGAAGGTGGAGAAGTTGG,1
CCCTGATCAGCACAAG,ATAGGAGTAGTTGGTGATGGTCTACCAGAAGGTGAAGGTGGAGAAGTTGG,1
CCCTGATCAGCACAAG,ATAGGAGTAGTTGGTGATGGTCTACCAGAAGGTGAAGGTGGAGAAGTTGG,1
CCCTGATCAGCACAAG,ATAGGAGTAGTTGGTGATGGTCTACCAGAAGGTGAAGGTGGAGAAGTTGG,1
CCCTGATCAGCACAAG,ATACATGGTCCACGTCATCCTCGTGTTCTTGGAGGACTAGCAGCTCGAGA,1
CCCTGATCAGCACAAG,ATACTTGAAGTAGCACCACGTCGTCATCAAGTTCTTCCACCAGATGTTCC,1
CCCTGATCAGCACAAG,ATACTAGCTCAAGCAGTACTACTACTTCGTCTTCATGCAGAACAACATGG,1
CCCTGATCAGCACAAG,ATACTTGATGATGTACCTGGTCCTCGACTACTACGTGTTGCTGCAGTTGA,1
CCCTGATCAGCACAAG,ATAGATGCACTTGGTGGTCGAGTTCTAGTTGTAGCTGATCGTCCAGCTCT,1
CCCTGATCAGCACAAG,ATAGATGCTGCTCATCAACTTCATGTAGAAGCTCTAGTTGTACATCTTGG,1
CCCTGATCAGCACAAG,ATAGCTCCAGGACTAGGTGGTCGAGTTCTTCGTCCTGTACAACCACTACC,1
CCCTGATCAGCACAAG,ATAGTAGATGAACGTCCTCTACATGTTCTTCGTCAAGTACCAGCACAACG,1
CCCTGATCAGCACAAG,ATAGTAGGTCTTGGTGTTCATCCAGATCCTGGAGCACAACGAGTAGAACC,1
CCCTGATCAGCACAAG,ATTCATGAACGTGATCCTGGTGTAGGACTTGCTGTAGCAGGTGATGTAGT,1
CCCTGATCAGCACAAG,ATTCATGTAGTTCCTCTTGTTCTAGATGATCCTGGTGCACTTCAACTACA,1
CCCTGATCAGCACAAG,ATTCGACCAGAACCACATGCAGTTCAACGTGTTCGAGGTGTAGATGCTCC,1
CCCTGATCAGCACAAG,ATTCGTGCTGTAGCTGGTGGTGTACTTGCTGTAGTACTACAAGAACTTCC,1
CCCTGATCAGCACAAG,ATTCTAGCTCCTGTTGTTGAACGAGTACTAGCTCTAGGTGCAGCTCTTCT,1
CCCTGATCAGCACAAG,ATTCTTGGAGTTCTAGTACGTGTTGGTGTTCTTGTTCATGATGCTGTACC,1
CCCTGATCAGCACAAG,ATTGCACAAGTTCGTGCTCAACTTGGTCTACTTGTTGGTCGAGATGATCA,1
CCCTGATCAGCACAAG,ATTGGTCGTGAAGCAGTAGATGGAGCAGATGTTCATCTACCTGAAGAAGG,1
CCCTGATCAGCACAAG,ATAGGTGGAGTAGGTCATCGAGTTGAACTTCTTCATCCTGTTGATGGTGT,1
CCCTGATCAGCACAAG,ATAGGAGTAGTTGGTGATGGTCTACCAGAAGGTGAAGGTGGAGAAGTTGG,1
CCCTGATCAGCACAAG,ATAGGAGTAGTTGGTGATGGTCTACCAGAAGGTGAAGGTGGAGAAGTTGG,1
CCCTGATCAGCACAAG,ATAGGAGTAGTTGGTGATGGTCTACCAGAAGGTGAAGGTGGAGAAGTTGG,1
CCCTGATCAGCACAAG,ATAGCTCCAGGACTAGGTGGTCGAGTTCTTCGTCCTGTACAACCACTACC,1
CCCTGATCAGCACAAG,ATAGCTGGTGTACTTGATGTTGTTCAAGTTCGAGTAGTTCTAGTAGTTCG,1
CCCTGATCAGCACAAG,ATTCGACCAGAACCACATGCAGTTCAACGTGTTCGAGGTGTAGATGCTCC,1
CCCTGATCAGCACAAG,ATTGGTCCACTACGTGATGGTCGAGTTGCTGGTGTTGCTCTACGTGGTCG,1
CCCTGATCAGCACAAG,ATAGGAGTAGTTGGTGATGGTCTACCAGAAGGTGAAGGTGGAGAAGTTGG,1
CCCTGATCAGCACAAG,ATTGTTCCAGTAGCTGGAGGTCTACATGTAGGAGATCTACTAGCAGAAGT,1
CCCTGATCAGCACAAG,ACAACCAGGCACGTAAGCTGCAGCGGTCGCTGGACGAGCAGACGGAGCAG,1
CCCTGATCAGCACAAG,ATAGGAGTAGTTGGTGATGGTCTACCAGAAGGTGAAGGTGGAGAAGTTGG,1
CCCTGATCAGCACAAG,ATAGGAGTAGTTGGTGATGGTCTACCAGAAGGTGAAGGTGGAGAAGTTGG,1
CCCTGATCAGCACAAG,ATAGGTCTTGTTGGTCCTCGACTACGTCCTGGTGGTGAACGAGAACTTGC,1
CCCTGATCAGCACAAG,ATAGGAGTAGTTGGTGATGGTCTACCAGAAGGTGAAGGTGGAGAAGTTGG,1
CCCTGATCAGCACAAG,ATTCTTCATCTACGAGGTGATGTACCTCGTCTACGAGATCCACATCGTGT,1
CCCTGATCAGCACAAG,ATAGGAGTAGTTGGTGATGGTCTACCAGAAGGTGAAGGTGGAGAAGTTGG,1
CCCTGATCAGCACAAG,ATAGTTGTAGGTCTTGCTGTTCGACGAGGTGCTCTAGTTCAAGTTGCACG,1
CCCTGATCAGCACAAG,ATAGGAGTAGTTGGTGATGGTCTACCAGAAGGTGAAGGTGGAGAAGTTGG,1
CCCTGATCAGCACAAG,ATAGGAGTAGTTGGTGATGGTCTACCAGAAGGTGAAGGTGGAGAAGTTGG,1
CCCTGATCAGCACAAG,ATAGGAGTAGTTGGTGATGGTCTACCAGAAGGTGAAGGTGGAGAAGTTGG,1
CCCTGATCAGCACAAG,ATTCGTCCTGTTCGTGATCTACAAGATGCACCTCTTGTTGCTGAAGATGT,1
CCCTGATCAGCACAAG,ATACATCTAGAAGGAGTACTTGATCGACTACAACGTCTTGGACAAGTACG,1
CCCTGATCAGCACAAG,ATACGTCAAGTTCCAGATCTACCTCATGTTCCTCTTGGACGACATGTAGG,1
CCCTGATCAGCACAAG,ATAGATGTAGTTGATCTTGTTCCTGGTCTAGTTGATGTTCCTGATGATGG,1
CCCTGATCAGCACAAG,ATAGGAGTAGATAGTGATGGTCTACCAGTATGAGAACCAGCAGAAGTTGG,1
CCCTGATCAGCACAAG,ATAGGTCCTGATCTAGCAGCACTTGTTCGACGACGACATGCTCAAGTAGC,1
CCCTGATCAGCACAAG,ATAGGTGAAGGTGATGCACCTCGTCAACAAGTACGAGAAGCTCATGGTGA,1
CCCTGATCAGCACAAG,ATAGTAGCAGTAGTTGTTGTTCATCCTGCTGTAGTTGCTGTTGATGTAGC,1
CCCTGATCAGCACAAG,ATACTTCCTGATCATGAACAACTTGAAGTTGGTCGTCCAGGTGTACAACT,1
CCCTGATCAGCACAAG,ATTCCTCTACAACGTCTTGTTGTACGACATCTACTTCGACGTGATCGAGG,1
CCCTGATCAGCACAAG,ATTCGACCAGAACCACATGCAGTTCAACGTGTTCGAGGTGTAGATGCTCC,1
CCCTGATCAGCACAAG,ATTCGACTTGATCTTCTAGAACATGGTGAACTAGCAGGTGCTGATCCTGA,1
CCCTGATCAGCACAAG,ATTCGTGCTGTAGCTGGTGGTGTACTTGCTGTAGTACTACAAGAACTTCC,1
CCCTGATCAGCACAAG,ATTCTTGGAGTTCTAGTACGTGTTGGTGTTCTTGTTCATGATGCTGTACC,1
CCCTGATCAGCACAAG,ATTCTTGGTGTTCAACATGATGCTGCTGTAGTTGGTGGTGTTGTTGGTGC,1
CCCTGATCAGCACAAG,ATTGAACGTGGAGTTGAACTTGTACTACGAGTACGTCTAGAACATGAACC,1
CCCTGATCAGCACAAG,ATTGAAGTTCCAGCTCGACGAGGACATGTACTTGGTGTTGTTGCAGATGC,1
CCCTGATCAGCACAAG,ATTGATGCAGATCTTGGAGATGTAGTTGGTCTTCTTGTAGCAGCACTTGA,1
CCCTGATCAGCACAAG,ATTGCACAAGAACGTCGAGTTCTAGGTGTTCTAGTACTTGTACGAGATCA,1
CCCTGATCAGCACAAG,ATTGCTGAACGAGAACGTGATCATGCTCAACATGCTGTACGACTACTTGA,1
CCCTGATCAGCACAAG,ATTGTTGTTGATGCTCCTCGACCAGGTGGTGGTCATGGAGATCAAGTTGG,1
CCCTGATCAGCACAAG,ATTGTTGTTGCAGATGCAGTTGATGCTGATGAAGTTGTACAAGGTCGAGC,1
CCCTGATCAGCACAAG,ATAGGAGTAGTTGGTGATGGTCTACCAGAAGGTGAAGGTGGAGAAGTTGG,1
CCCTGATCAGCACAAG,ATAGGAGTAGTTGGTGATGGTCTACCAGAAGGTGAAGGTGGAGAAGTTGG,1
CCCTGATCAGCACAAG,ATAGGAGTAGTTGGTGATGGTCTACCAGAAGGTGAAGGTGGAGAAGTTGG,1
CCCTGATCAGCACAAG,ATACTTGAAGTAGCACCACGTCGTCATCAAGTTCTTCCACCAGATGTTCC,1
CCCTGATCAGCACAAG,ATACTAGCTCAAGCAGTACTACTACTTCGTCTTCATGCAGAACAACATGG,1
CCCTGATCAGCACAAG,ATAGGAGTAGTTGGTGATGGTCTACCAGAAGGTGAAGGTGGAGAAGTTGG,1
CCCTGATCAGCACAAG,ATAGGAGTAGTTGGTGATGGTCTACCAGAAGGTGAAGGTGGAGAAGTTGG,1
CCCTGATCAGCACAAG,ATAGGAGTAGTTGGTGATGGTCTACCAGAAGGTGAAGGTGGAGAAGTTGG,1
CCCTGATCAGCACAAG,ATAGGAGTAGTTGGTGATGGTCTACCAGAAGGTGAAGGTGGAGAAGTTGG,1
CCCTGATCAGCACAAG,ATAGGAGTAGTTGGTGATGGTCTACCAGAAGGTGAAGGTGGAGAAGTTGG,1
CCCTGATCAGCACAAG,ATACATGATCAAGTAGTAGTTGGTCATGATCGTCTTCCTGATCCTGGACC,1
CCCTGATCAGCACAAG,ATACTAGGTGGACCTGGTCCAGGAGGTCAACCAGTTGCTCTTGTACGAGG,1
CCCTGATCAGCACAAG,ATAGATGCACTTGGTGGTCGAGTTCTAGTTGTAGCTGATCGTCCAGCTCT,1
CCCTGATCAGCACAAG,ATAGCTGCTGGTCTAGTTGGTGGTCATCGAGCAGTTCATCCAGATGTTGA,1
CCCTGATCAGCACAAG,ATAGGTCCTGATCTAGCAGCACTTGTTCGACGACGACATGCTCAAGTAGC,1
CCCTGATCAGCACAAG,ATAGTAGTAGATCTTGATCGTCTACATGAAGCTCAAGGTGTAGAAGTTGT,1
CCCTGATCAGCACAAG,ATTCCACGTGATCAACAAGTAGGAGTACTTGATCGTGTTGTTGTAGGTCG,1
CCCTGATCAGCACAAG,ATTGGACGTCTTGAAGCACCTGGAGGTCTAGGTCCTCGACATGCTGGTCG,1
CCCTGATCAGCACAAG,ATTGTTCCAGTAGCTGGAGGTCTACATGTAGGAGATCTACTAGCAGAAGT,1
CCCTGATCAGCACAAG,ATTGTTGTTGCAGATGCAGTTGATGCTGATGAAGTTGTACAAGGTCGAGC,1
CCCTGATCAGCACAAG,ATAGGAGTAGTTGGTGATGGTCTACCAGAAGGTGAAGGTGGAGAAGTTGG,1
CCCTGATCAGCACAAG,ATTGTTGTTGCAGATGCAGTTGATGCTGATGAAGTTGTACAAGGTCGAGC,1
CCCTGATCAGCACAAG,ATAGGAGTAGTTGGTGATGGTCTACCAGAAGGTGAAGGTGGAGAAGTTGG,1
CCCTGATCAGCACAAG,ATAGGAGTAGTTGGTGATGGTCTACCAGAAGGTGAAGGTGGAGAAGTTGG,1
CCCTGATCAGCACAAG,ATTAAAGTAGTTGGTCAACATCATGTTCGTCCACTTGGTGATGATCTTCC,1
CCCTGATCAGCACAAG,ATTCATGTAGTTCCTCTTGTTCTAGATGATCCTGGTGCACTTCAACTACA,1
CCCTGATCAGCACAAG,AGCATGCCCGCCAGCGCTACTCCGCACCTGCCACCCTCAGCTCTCGGGCC,1
CCCTGATCAGCACAAG,ATAGGAGTAGTTGGTGATGGTCTACCAGAAGGTGAAGGTGGAGAAGTTGG,1
CCCTGATCAGCACAAG,ATAGGAGTAGTTGGTGATGGTCTACCAGAAGGTGAAGGTGGAGAAGTTGG,1
CCCTGATCAGCACAAG,ATAGGAGTAGTTGGTGATGGTCTACCAGAAGGTGAAGGTGGAGAAGTTGG,1
CCCTGATCAGCACAAG,ATAGGAGTAGTTGGTGATGGTCTACCAGAAGGTGAAGGTGGAGAAGTTGG,1
CCCTGATCAGCACAAG,ATAGGAGTAGTTGGTGATGGTCTACCAGAAGGTGAAGGTGGAGAAGTTGG,1
CCCTGATCAGCACAAG,ATAGGAGTAGTTGGTGATGGTCTACCAGAAGGTGAAGGTGGAGAAGTTGG,1
CCCTGATCAGCACAAG,ATACGAGGTGTTGCTGATGGTCTAGGTGAAGGTCGAGGTGGAGAAGGTCG,1
CCCTGATCAGCACAAG,ATACTAGCTCAAGCAGTACTACTACTTCGTCTTCATGCAGAACAACATGG,1
CCCTGATCAGCACAAG,ATAGAAGTTCAACGTGGAGCTGATGGAGCTCAAGTACCAGATCTTGTACA,1
CCCTGATCAGCACAAG,ATAGATCCTGCACATGCTCTTGGACATGTAGCTCAAGGACCAGCAGGAGA,1
CCCTGATCAGCACAAG,ATAGATCGACGACCTGTACGACTTCAACCAGTAGCAGTAGATCATCATCA,1
CCCTGATCAGCACAAG,ATAGATGCACTTGGTGGTCGAGTTCTAGTTGTAGCTGATCGTCCAGCTCT,1
CCCTGATCAGCACAAG,ATAGCTCCAGGACTAGGTGGTCGAGTTCTTCGTCCTGTACAACCACTACC,1
CCCTGATCAGCACAAG,ATTCCTCTACAACGTCTTGTTGTACGACATCTACTTCGACGTGATCGAGG,1
CCCTGATCAGCACAAG,ATAGGTCGTGTTGTTGGAGGTGTTGATGCAGTACTTGTTCGAGTAGTTCC,1
CCCTGATCAGCACAAG,ATAGTAGATCAAGTAGTTGCTGTTCTTGAAGTTCAAGCAGTACGTGGTGC,1
CCCTGATCAGCACAAG,ATAGTAGATGAACGTCCTCTACATGTTCTTCGTCAAGTACCAGCACAACG,1
CCCTGATCAGCACAAG,ATTCAAGCACTTGGAGTTCCTGCTGTTGTTGTACCACAACTACTACTTGG,1
CCCTGATCAGCACAAG,ATTCAAGTACCTCAACTTCGTCTACTACCAGATCGAGTACCTGGTCAAGG,1
CCCTGATCAGCACAAG,ATTCCAGGAGGTGAACTTGATCCACTTCATGCAGGTGTTGCTGTTCTAGT,1
CCCTGATCAGCACAAG,ATTCGACTTGATCTTCTAGAACATGGTGAACTAGCAGGTGCTGATCCTGA,1
CCCTGATCAGCACAAG,ATTCGTCCTGTTCGTGATCTACAAGATGCACCTCTTGTTGCTGAAGATGT,1
CCCTGATCAGCACAAG,ATTCGTGGTGGACTTCGTGATGTTCTTGTAGGTGTACCTGATGCAGTTCC,1
CCCTGATCAGCACAAG,ATTCTACAACAACGTGAAGGTCTACCTGTTGTAGAAGGTGTTCATGTACA,1
CCCTGATCAGCACAAG,ATTCTAGGAGCTGTTGTAGATCCTCAACAAGATGTTCTACTACATGATCT,1
CCCTGATCAGCACAAG,ATTGAACGTGGAGTTGAACTTGTACTACGAGTACGTCTAGAACATGAACC,1
CCCTGATCAGCACAAG,ATTGAACTAGGTGTAGTTGTAGCTGATGGTCTTGAAGTTCCTGTTCGACC,1
CCCTGATCAGCACAAG,ATTGCAGCTGGTCTAGCTGGTGCAGCTGTACGTGCTGATCTTCGTCTAGC,1
CCCTGATCAGCACAAG,ATTGGAGCAGTTGAACTTCGACTACAACGAAGTACTAGTTCCTGCTGTAC,1
CCCTGATCAGCACAAG,ATTGTTCATGGTGGTCCAGAAGTAGTTCCTCGTCTAGTTGCAGTTCTAGG,1
CCCTGATCAGCACAAG,ATAGGAGTAGTTGGTGATGGTCTACCAGAAGGTGAAGGTGGAGAAGTTGG,1
CCCTGATCAGCACAAG,ATAGGAGTAGTTGGTGATGGTCTACCAGAAGGTGAAGGTGGAGAAGTTGG,1
CCCTGATCAGCACAAG,AACTGAAGTACAAAGCCATCAGCGAGGAGCTGGACCACGCTCTCAACGAT,1
CCCTGATCAGCACAAG,ATAGGAGTAGTTGGTGATGGTCTACCAGAAGGTGAAGGTGGAGAAGTTGG,1
CCCTGATCAGCACAAG,ATTCGTGGTGGACTTCGTGATGTTCTTGTAGGTGTACCTGATGCAGTTCC,1
CCCTGATCAGCACAAG,ATACTAGCTCAAGCAGTACTACTACTTCGTCTTCATGCAGAACAACATGG,1
CCCTGATCAGCACAAG,ATTGGTCGAGATCTTCCTCATGTTGAAGTAGGTCATGGTGCAGTTGAACT,1
CCCTGATCAGCACAAG,ATAGGAGTAGTTGGTGATGGTCTACCAGAAGGTGAAGGTGGAGAAGTTGG,1
CCCTGATCAGCACAAG,ATTCGACGTCTTGCTGTTCAACGTGTTGAAGATCGAGTTGGTCTAGCTCT,1
CCCTGATCAGCACAAG,ATAGCTGGTGTACTTGATGTTGTTCAAGTTCGAGTAGTTCTAGTAGTTCG,1
CCCTGATCAGCACAAG,ATTCGAGTAGATCTTCCTGCACCACCAGTACATGTACCTGTTCCATAGCA,1
CCCTGATCAGCACAAG,ATACTTCCAGCAGAACTTGTAGCACTTGCTGTACTAGTTCATGATCGTCC,1
CCCTGATCAGCACAAG,ATAGGAGTAGTTGGTGATGGTCTACCAGAAGGTGAAGGTGGAGAAGTTGG,1
CCCTGATCAGCACAAG,ATAGAAGTACTTGATCGACGTCCTGATCGTGTAGATGTTCTTCTACTAGA,1
CCCTGATCAGCACAAG,ATTCGACTTGATCTTCTAGAACATGGTGAACTAGCAGGTGCTGATCCTGA,1
CCCTGATCAGCACAAG,AGCATGCCCGCCAGCGCTACTCCGCACCTGCCACCCTCAGCTCTCGGGCC,1
CCCTGATCAGCACAAG,AGCATGCCCGCCAGCGCTACTCCGCACCTGCCACCCTCAGCTCTCGGGCC,1
CCCTGATCAGCACAAG,ATACTAGCTCAAGCAGTACTACTACTTCGTCTTCATGCAGAACAACATGG,1
CCCTGATCAGCACAAG,ATAGGACGTGTTCCTGGTGAAGCTCGACAAGGACAAGATGTAGTTGGTGC,1
CCCTGATCAGCACAAG,ATAGGAGTAGTTGGTGATGGTCTACCAGAAGGTGAAGGTGGAGAAGTTGG,1
CCCTGATCAGCACAAG,ATACCAGTTGGAGTAGGTCTAGTACTTCGTGCTCTACTACGTCGTGGTGA,1
CCCTGATCAGCACAAG,ATACTAGCTCAAGCAGTACTACTACTTCGTCTTCATGCAGAACAACATGG,1
CCCTGATCAGCACAAG,ATACTTCATCTACCTGTTGATCCTGCTCTAGGACCACTTGCTGCAGAAGA,1
CCCTGATCAGCACAAG,ATACTTCGTGATCTTGGTGTACAACAAGAAGTTGAACTTCTTGTTCGTCG,1
CCCTGATCAGCACAAG,ATAGATCTAGCAGCAGGACCTCTTCTAGCAGGTGGTGGTGTAGGTCGTCA,1
CCCTGATCAGCACAAG,ATAGCTCCAGGACTAGGTGGTCGAGTTCTTCGTCCTGTACAACCACTACC,1
CCCTGATCAGCACAAG,ATAGGTCTACGTCTACTAGGACTTGCAGCTCTTGGAGGAGCTCTTCCTGA,1
CCCTGATCAGCACAAG,ATAGTTCTTCTAGTTGGTCCTGTACATCAAGGTCTAGTTCAAGGTCTAGT,1
CCCTGATCAGCACAAG,ATTCCAGGAGGTGAACTTGATCCACTTCATGCAGGTGTTGCTGTTCTAGT,1
CCCTGATCAGCACAAG,ATTCGACCAGAACCACATGCAGTTCAACGTGTTCGAGGTGTAGATGCTCC,1
CCCTGATCAGCACAAG,ATTCGTCAACTTGTACAACTTCTACGTGGAGTAGATCTTCCAGAACCTCA,1
CCCTGATCAGCACAAG,ATTCGTCCTGTTCGTGATCTACAAGATGCACCTCTTGTTGCTGAAGATGT,1
CCCTGATCAGCACAAG,ATTCGTGCTGTAGCTGGTGGTGTACTTGCTGTAGTACTACAAGAACTTCC,1
CCCTGATCAGCACAAG,ATTCTTGGAGTTCTAGTACGTGTTGGTGTTCTTGTTCATGATGCTGTACC,1
CCCTGATCAGCACAAG,ATTGAACGTGGAGTTGAACTTGTACTACGAGTACGTCTAGAACATGAACC,1
CCCTGATCAGCACAAG,ATTGAAGATCCACTAGCACGTCATGAAGCTCAAGTAGGTCCAGATGAAGA,1
CCCTGATCAGCACAAG,ATTGTAGTAGAACGTGCACTACGTCTTCAAGATGTAGATCGACTAGTAGC,1
CCCTGATCAGCACAAG,ATTGTTGGAGCAGAAGGAGATGTTCAAGGAGCTGAAGGTGGTCGACAACT,1
CCCTGATCAGCACAAG,ATTGTTGTTGATGCTCCTCGACCAGGTGGTGGTCATGGAGATCAAGTTGG,1
CCCTGATCAGCACAAG,TTCGTCTTGAAGCTGGTGTACGTGTTGCTCGAGTTGAACTAGTTGGTCAA,1
CCCTGATCAGCACAAG,ATAGGAGTAGTTGGTGATGGTCTACCAGAAGGTGAAGGTGGAGAAGTTGG,1
CCCTGATCAGCACAAG,ATAGGAGTAGTTGGTGATGGTCTACCAGAAGGTGAAGGTGGAGAAGTTGG,1
CCCTGATCAGCACAAG,ATAGGAGTAGTTGGTGATGGTCTACCAGAAGGTGAAGGTGGAGAAGTTGG,1
CCCTGATCAGCACAAG,ATAGGAGTAGTTGGTGATGGTCTACCAGAAGGTGAAGGTGGAGAAGTTGG,1
CCCTGATCAGCACAAG,ATAGGAGTAGTTGGTGATGGTCTACCAGAAGGTGAAGGTGGAGAAGTTGG,1
CCCTGATCAGCACAAG,ATAGGAGTAGTTGGTGATGGTCTACCAGAAGGTGAAGGTGGAGAAGTTGG,1
CCCTGATCAGCACAAG,ATAGGAGTAGTTGGTGATGGTCTACCAGAAGGTGAAGGTGGAGAAGTTGG,1
CCCTGATCAGCACAAG,ATTGCTGCTGTTCTACATGGTCAACCAGAAGTACGTGCTCTACATCAACT,1
CCGCAAGCATGTGGTT,ATTGCAGCTGGTCTAGCTGGTGCAGCTGTACGTGCTGATCTTCGTCTAGC,1
CCGCAAGCATGTGGTT,ATTCGACGTCTTGCTGTTCAACGTGTTGAAGATCGAGTTGGTCTAGCTCT,1
CCGCAAGCATGTGGTT,ATACATCTTGTTGATGGACGTGTTGTAGTTCATCCAGTACATGAACCAGT,1
CCGCAAGCATGTGGTT,ATACTAGCTCAAGCAGTACTACTACTTCGTCTTCATGCAGAACAACATGG,1
CCGCAAGCATGTGGTT,ATACGTGGTGTAGGACATGCAGGACCTGTTGTTGAACATGTTCGTGTAGG,1
CCGCAAGCATGTGGTT,AGCATGCCCGCCAGCGCTACTCCGCACCTGCCACCCTCAGCTCTCGGGCC,1
CCGCAAGCATGTGGTT,ATTGATCCTGATCGAGAAGGAGTACCAGAACAAGTAGCACGTGATCGACA,1
CCGCAAGCATGTGGTT,GGTGCTCAACTTCTTGTTGTACTTCTAGTTGATGTTGGACGTCATCAAGG,1
CCGCAAGCATGTGGTT,ATAGTAGATGAACGTCCTCTACATGTTCTTCGTCAAGTACCAGCACAACG,1
CCGCAAGCATGTGGTT,ATTGTTGCTCTTCTTGAAGTTGCTGGACTAGTTGGTCTTGAACTAGTTGT,1
CCGCAAGCATGTGGTT,ATTCTTCATCTACGAGGTGATGTACCTCGTCTACGAGATCCACATCGTGT,1
CCTAAGACACTCCTTG,ATGGTCGATAGTACTAGTTGGTGAAGTACTTCAAGTTGTACTAGGTGGTC,1
CCTAAGACACTCCTTG,AGCATGCCCGCCAGCGCTACTCCGCACCTGCCACCCTCAGCTCTCGGGCC,1
CCTAAGACACTCCTTG,ATGGTCGATAGTACTAGTTGGTGAAGTACTTCAAGTTGTACTAGGTGGTC,1
CCTAAGACACTCCTTG,ATGGTCGATAGTACTAGTTGGTGAAGTACTTCAAGTTGTACTAGGTGGTC,1
CCTAAGACACTCCTTG,ATGGTCGATAGTACTAGTTGGTGAAGTACTTCAAGTTGTACTAGGTGGTC,1
CCTAAGACACTCCTTG,ATGGTCGATAGTACTAGTTGGTGAAGTACTTCAAGTTGTACTAGGTGGTC,1
CCTAAGACACTCCTTG,ATACTAGCTCAAGCAGTACTACTACTTCGTCTTCATGCAGAACAACATGG,1
CCTAAGACACTCCTTG,ATACTTCCAGCAGAACTTGTAGCACTTGCTGTACTAGTTCATGATCGTCC,1
CCTAAGACACTCCTTG,ATGGTCGATAGTACTAGTTGGTGAAGTACTTCAAGTTGTACTAGGTGGTC,1
CCTAAGACACTCCTTG,ATTCCTGTACTTGTTGGACTAGAACTTGTACGTGTTCTACTTGATGAACG,1
CCTAAGACACTCCTTG,ATTCGACCAGAACCACATGCAGTTCAACGTGTTCGAGGTGTAGATGCTCC,1
CCTAAGACACTCCTTG,ATTCGAGTAGATCTTCCTGCACCACCAGTACATGTACCTGTTCCATAGCA,1
CCTAAGACACTCCTTG,ATGGTCGATAGTACTAGTTGGTGAAGTACTTCAAGTTGTACTAGGTGGTC,1
CCTAAGACACTCCTTG,ATACTAGCTCAAGCAGTACTACTACTTCGTCTTCATGCAGAACAACATGG,1
CCTAAGACACTCCTTG,ATGGTCGATAGTACTAGTTGGTGAAGTACTTCAAGTTGTACTAGGTGGTC,1
CCTAAGACACTCCTTG,ATTGATCCTGATCGAGAAGGAGTACCAGAACAAGTAGCACGTGATCGACA,1
CCTAAGACACTCCTTG,ATGGTCGATAGTACTAGTTGGTGAAGTACTTCAAGTTGTACTAGGTGGTC,1
CCTAAGACACTCCTTG,ATGGTCGATAGTACTAGTTGGTGAAGTACTTCAAGTTGTACTAGGTGGTC,1
CCTAAGACACTCCTTG,ATGGTCGATAGTACTAGTTGGTGAAGTACTTCAAGTTGTACTAGGTGGTC,1
CCTAAGACACTCCTTG,ATACAACAACTAGAAGATCTACGTCTAGGAGGTCGTCGAGTTCTAGTAGT,1
CCTAAGACACTCCTTG,ATACTTGATGATGTACCTGGTCCTCGACTACTACGTGTTGCTGCAGTTGA,1
CCTAAGACACTCCTTG,ATAGATCGACGACCTGTACGACTTCAACCAGTAGCAGTAGATCATCATCA,1
CCTAAGACACTCCTTG,ATTCATGAACGTGATCCTGGTGTAGGACTTGCTGTAGCAGGTGATGTAGT,1
CCTAAGACACTCCTTG,ATTCGACTTGATCTTCTAGAACATGGTGAACTAGCAGGTGCTGATCCTGA,1
CCTAAGACACTCCTTG,ATTCTTCATCTACGAGGTGATGTACCTCGTCTACGAGATCCACATCGTGT,1
CCTAAGACACTCCTTG,ATTCTTGGAGTTCTAGTACGTGTTGGTGTTCTTGTTCATGATGCTGTACC,1
CCTAAGACACTCCTTG,ATGGTCGATAGTACTAGTTGGTGAAGTACTTCAAGTTGTACTAGGTGGTC,1
CCTAAGACACTCCTTG,ATGGTCGATAGTACTAGTTGGTGAAGTACTTCAAGTTGTACTAGGTGGTC,1
CCTAAGACACTCCTTG,ATGGTCGATAGTACTAGTTGGTGAAGTACTTCAAGTTGTACTAGGTGGTC,1
CCTAAGACACTCCTTG,ATGGTCGATAGTACTAGTTGGTGAAGTACTTCAAGTTGTACTAGGTGGTC,1
CCTAAGACACTCCTTG,ATGGTCGATAGTACTAGTTGGTGAAGTACTTCAAGTTGTACTAGGTGGTC,1
CCTAAGACACTCCTTG,ATGGTCGATAGTACTAGTTGGTGAAGTACTTCAAGTTGTACTAGGTGGTC,1
CCTAAGACACTCCTTG,ATGGTCGATAGTACTAGTTGGTGAAGTACTTCAAGTTGTACTAGGTGGTC,1
CCTAAGACACTCCTTG,ATGGTCGATAGTACTAGTTGGTGAAGTACTTCAAGTTGTACTAGGTGGTC,1
CCTAAGACACTCCTTG,ATGGTCGATAGTACTAGTTGGTGAAGTACTTCAAGTTGTACTAGGTGGTC,1
CCTAAGACACTCCTTG,ATAGAAGAACTTGATCCAGCTCGTGATGGTCGACTAGTTGAAGTACATCG,1
CCTAAGACACTCCTTG,ATACTTGTTGGTGGTGATGCTGCTGAACTACTAGAACGAGGAGAAGCAGA,1
CCTAAGACACTCCTTG,ATGGTCGATAGTACTAGTTGGTGAAGTACTTCAAGTTGTACTAGGTGGTC,1
CCTAAGACACTCCTTG,ATGGTCGATAGGACTAGTTGGTGAAGTCCTTCAAGAAGTCGGATGTCGGC,1
CCTAAGACACTCCTTG,ATTCAAGCACTTGGAGTTCCTGCTGTTGTTGTACCACAACTACTACTTGG,1
CCTAAGACACTCCTTG,ATTCTTCATCTACGAGGTGATGTACCTCGTCTACGAGATCCACATCGTGT,1
CCTAAGACACTCCTTG,ATTGTTCATCTTCGTGTACTTGTTCCTGAAGTAGAACATCCACCTGATCC,1
CCTAAGACACTCCTTG,ATTGTTCGTGTAGTTGATCGAGATGAAGGTGTTCATCTTGTACATCTAGA,1
CCTAAGACACTCCTTG,ATTGTTGTTGATGCTCCTCGACCAGGTGGTGGTCATGGAGATCAAGTTGG,1
CCTAAGACACTCCTTG,ATGGTCGATAGTACTAGTTGGTGAAGTACTTCAAGTTGTACTAGGTGGTC,1
CCTAAGACACTCCTTG,ATGGTCGATAGTACTAGTTGGTGAAGTACTTCAAGTTGTACTAGGTGGTC,1
CCTAAGACACTCCTTG,ATGGTCGATAGTACTAGTTGGTGAAGTACTTCAAGTTGTACTAGGTGGTC,1
CCTAAGACACTCCTTG,ATGGTCGATAGTACTAGTTGGTGAAGTACTTCAAGTTGTACTAGGTGGTC,1
CCTAAGACACTCCTTG,ATTCGTCTAGTAGCAGCAGGTCGTCCTCTTGCTCTACCACGTGCAGTACT,1
CCTAAGACACTCCTTG,ATGGTCGATAGTACTAGTTGGTGAAGTACTTCAAGTTGTACTAGGTGGTC,1
CCTAAGACACTCCTTG,ATGGTCGATAGTACTAGTTGGTGAAGTACTTCAAGTTGTACTAGGTGGTC,1
CCTAAGACACTCCTTG,ATGGTCGATAGTACTAGTTGGTGAAGTACTTCAAGTTGTACTAGGTGGTC,1
CCTAAGACACTCCTTG,ATGGTCGATAGTACTAGTTGGTGAAGTACTTCAAGTTGTACTAGGTGGTC,1
CCTAAGACACTCCTTG,ATGGTCGATAGTACTAGTTGGTGAAGTACTTCAAGTTGTACTAGGTGGTC,1
CCTAAGACACTCCTTG,ATGGTCGATAGTACTAGTTGGTGAAGTACTTCAAGTTGTACTAGGTGGTC,1
CCTAAGACACTCCTTG,ATGGTCGATAGTACTAGTTGGTGAAGTACTTCAAGTTGTACTAGGTGGTC,1
CCTAAGACACTCCTTG,ATGGTCGATAGTACTAGTTGGTGAAGTACTTCAAGTTGTACTAGGTGGTC,1
CCTAAGACACTCCTTG,ATGGTCGATAGTACTAGTTGGTGAAGTACTTCAAGTTGTACTAGGTGGTC,1
CCTAAGACACTCCTTG,ATACAACATGATCATGAACGTGTACATCCTGTTGTAGCTGATGTACTAGG,1
CCTAAGACACTCCTTG,ATACTAGCTCAAGCAGTACTACTACTTCGTCTTCATGCAGAACAACATGG,1
CCTAAGACACTCCTTG,ATACTTGAAGTAGCACCACGTCGTCATCAAGTTCTTCCACCAGATGTTCC,1
CCTAAGACACTCCTTG,ATTCAAGCACTTGGAGTTCCTGCTGTTGTTGTACCACAACTACTACTTGG,1
CCTAAGACACTCCTTG,ATTCATGTAGTTCCTCTTGTTCTAGATGATCCTGGTGCACTTCAACTACA,1
CCTAAGACACTCCTTG,ATTCGACTTGATCTTCTAGAACATGGTGAACTAGCAGGTGCTGATCCTGA,1
CCTAAGACACTCCTTG,ATTCGTCTAGTAGCAGCAGGTCGTCCTCTTGCTCTACCACGTGCAGTACT,1
CCTAAGACACTCCTTG,ATTCTTCATCTACGAGGTGATGTACCTCGTCTACGAGATCCACATCGTGT,1
CCTAAGACACTCCTTG,ATTCTTGGAGTTCTAGTACGTGTTGGTGTTCTTGTTCATGATGCTGTACC,1
CCTAAGACACTCCTTG,ATTGATCCAGCACAAGCTGTACCTCGACTACCAGGTCATGTAGCTCCAGA,1
CCTAAGACACTCCTTG,ATTGCAGTTGGACTAGGTGCAGTTGAAGAACTTGGTCTACATGTTCGTGT,1
CCTAAGACACTCCTTG,ATTGGTCATGAAGCTGATCTTGAACCACATGATGTTCGTCTTGGTGAACA,1
CCTAAGACACTCCTTG,ATTGGTCGTGAAGCAGTAGATGGAGCAGATGTTCATCTACCTGAAGAAGG,1
CCTAAGACACTCCTTG,ATTGTTGTTGCAGATGCAGTTGATGCTGATGAAGTTGTACAAGGTCGAGC,1
CCTAAGACACTCCTTG,ATGGTCGATAGTACTAGTTGGTGAAGTACTTCAAGTTGTACTAGGTGGTC,1
CCTAAGACACTCCTTG,ATGGTCGATAGTACTAGTTGGTGAAGTACTTCAAGTTGTACTAGGTGGTC,1
CCTAAGACACTCCTTG,ATGGTCGATAGTACTAGTTGGTGAAGTACTTCAAGTTGTACTAGGTGGTC,1
CCTAAGACACTCCTTG,ATGGTCGATAGTACTAGTTGGTGAAGTACTTCAAGTTGTACTAGGTGGTC,1
CCTAAGACACTCCTTG,ATGGTCGATAGTACTAGTTGGTGAAGTACTTCAAGTTGTACTAGGTGGTC,1
CCTAAGACACTCCTTG,ATGGTCGATAGTACTAGTTGGTGAAGTACTTCAAGTTGTACTAGGTGGTC,1
CCTAAGACACTCCTTG,ATATAGAAGCTGATGTACGAGCTGATGATGGTGTAGATGTTGGTGATCAA,1
CCTAAGACACTCCTTG,ATGGTCGATAGTACTAGTTGGTGAAGTACTTCAAGTTGTACTAGGTGGTC,1
CCTAAGACACTCCTTG,ATTGCTGCTGTTGTTGTTGGTCAAGTACTTGAAGTTCTTCCTCCTCATGA,1
CCTAAGACACTCCTTG,ATGGTCGATAGTACTAGTTGGTGAAGTACTTCAAGTTGTACTAGGTGGTC,1
CCTAAGACACTCCTTG,ATGGTCGATAGTACTAGTTGGTGAAGTACTTCAAGTTGTACTAGGTGGTC,1
CCTAAGACACTCCTTG,ATGGTCGATAGTACTAGTTGGTGAAGTACTTCAAGTTGTACTAGGTGGTC,1
CCTAAGACACTCCTTG,ATGGTCGATAGTACTAGTTGGTGAAGTACTTCAAGTTGTACTAGGTGGTC,1
CCTAAGACACTCCTTG,ATGGTCGATAGTACTAGTTGGTGAAGTACTTCAAGTTGTACTAGGTGGTC,1
CCTAAGACACTCCTTG,ATGGTCGATAGTACTAGTTGGTGAAGTACTTCAAGTTGTACTAGGTGGTC,1
CCTAAGACACTCCTTG,ATTCTTCATGAAGTTCTAGATCGTCCACTACCACGAGGAGGAGAAGGTCA,1
CCTAAGACACTCCTTG,ATGGTCGATAGTACTAGTTGGTGAAGTACTTCAAGTTGTACTAGGTGGTC,1
CCTAAGACACTCCTTG,ATACCTGATGGACTACCTGCTGCAGTAGGACCAGAACGTGCACCTGTACA,1
CCTAAGACACTCCTTG,ATACGTCGTGGAGTAGTTCCTCGTGCACTTGATCCTGCTGATCTACCTGA,1
CCTAAGACACTCCTTG,ATACTACATGCAGATCATCTTGTTGTACTACCTGCTCAAGTTCTACAAGT,1
CCTAAGACACTCCTTG,ATACTTCCAGCAGAACTTGTAGCACTTGCTGTACTAGTTCATGATCGTCC,1
CCTAAGACACTCCTTG,ATACTTGAAGTAGCACCACGTCGTCATCAAGTTCTTCCACCAGATGTTCC,1
CCTAAGACACTCCTTG,ATAGATCCTGCACATGCTCTTGGACATGTAGCTCAAGGACCAGCAGGAGA,1
CCTAAGACACTCCTTG,ATTCAAGCACTTGGAGTTCCTGCTGTTGTTGTACCACAACTACTACTTGG,1
CCTAAGACACTCCTTG,ATTCCTCTACAACGTCTTGTTGTACGACATCTACTTCGACGTGATCGAGG,1
CCTAAGACACTCCTTG,ATTCCTGTACTTGTTGGACTAGAACTTGTACGTGTTCTACTTGATGAACG,1
CCTAAGACACTCCTTG,ATTCGTCCTGTTCGTGATCTACAAGATGCACCTCTTGTTGCTGAAGATGT,1
CCTAAGACACTCCTTG,ATTCGTGCTGTAGCTGGTGGTGTACTTGCTGTAGTACTACAAGAACTTCC,1
CCTAAGACACTCCTTG,ATTCGTGGTGGACTTCGTGATGTTCTTGTAGGTGTACCTGATGCAGTTCC,1
CCTAAGACACTCCTTG,ATTCGTGGTGTAGGTGTTGCTCGTGATCAACCTCATGGTGGTGTTGCTGA,1
CCTAAGACACTCCTTG,ATTGAACGTGGAGTTGAACTTGTACTACGAGTACGTCTAGAACATGAACC,1
CCTAAGACACTCCTTG,ATTGATGGTCAACCTGGTGTTCATCATCTTGTTCATGAACTTCGACGTGC,1
CCTAAGACACTCCTTG,ATTGCAGTTGGACTAGGTGCAGTTGAAGAACTTGGTCTACATGTTCGTGT,1
CCTAAGACACTCCTTG,ATTGTTCTTGCAGTTGTTCTAGATGTAGAAGATGATGGTGATGTTCGTCT,1
CCTAAGACACTCCTTG,ATTGTTGGTGTTGTTGAAGTTCCTGTTCGTGGACCTGGTCATGGTGGTGC,1
CCTAAGACACTCCTTG,ATTGTTGTTGCAGATGCAGTTGATGCTGATGAAGTTGTACAAGGTCGAGC,1
CCTAAGACACTCCTTG,ATGGTCGATAGTACTAGTTGGTGAAGTACTTCAAGTTGTACTAGGTGGTC,1
CCTAAGACACTCCTTG,ATGGTCGATAGTACTAGTTGGTGAAGTACTTCAAGTTGTACTAGGTGGTC,1
CCTAAGACACTCCTTG,ATGGTCGATAGTACTAGTTGGTGAAGTACTTCAAGTTGTACTAGGTGGTC,1
CCTAAGACACTCCTTG,ATGGTCGATAGTACTAGTTGGTGAAGTACTTCAAGTTGTACTAGGTGGTC,1
CCTAAGACACTCCTTG,ATGGTCGATAGTCCTATTGATTGAAGTCCTGAAACTTGTACTAGTTCTTC,1
CCTAAGACACTCCTTG,ATTCCTCTACAACGTCTTGTTGTACGACATCTACTTCGACGTGATCGAGG,1
CCTAAGACACTCCTTG,ATGGTCGATAGTACTAGTTGGTGAAGTACTTCAAGTTGTACTAGGTGGTC,1
CCTAAGACACTCCTTG,ATGGTCGATAGTACTAGTTGGTGAAGTACTTCAAGTTGTACTAGGTGGTC,1
CCTAAGACACTCCTTG,ATGGTCGATAGTACTAGTTGGTGAAGTACTTCAAGTTGTACTAGGTGGTC,1
CCTAAGACACTCCTTG,ATACCAGTTGGAGTAGGTCTAGTACTTCGTGCTCTACTACGTCGTGGTGA,1
CCTAAGACACTCCTTG,ATTCCTCTACAACGTCTTGTTGTACGACATCTACTTCGACGTGATCGAGG,1
CCTAAGACACTCCTTG,ATTCGTCCTGTTCGTGATCTACAAGATGCACCTCTTGTTGCTGAAGATGT,1
CCTAAGACACTCCTTG,ATTCGTCTAGTAGCAGCAGGTCGTCCTCTTGCTCTACCACGTGCAGTACT,1
CCTAAGACACTCCTTG,ATTCTAGCTGTACTTGTTCCTCCTGCAGCTCTTGTACGTGATGTAGGTCT,1
CCTAAGACACTCCTTG,ATGGTCGATAGTACTAGTTGGTGAAGTACTTCAAGTTGTACTAGGTGGTC,1
CCTAAGACACTCCTTG,ATGGTCGATAGTACTAGTTGGTGAAGTACTTCAAGTTGTACTAGGTGGTC,1
CCTAAGACACTCCTTG,ATGGTCGATAGTACTAGTTGGTGAAGTACTTCAAGTTGTACTAGGTGGTC,1
CCTAAGACACTCCTTG,ATTGAAGATCCACTAGCACGTCATGAAGCTCAAGTAGGTCCAGATGAAGA,1
CCTAAGACACTCCTTG,ATAGGAGATGAAGTTCGTGTTCGTCAACTACGTCTTGTTGAACGACTTCA,1
CCTAAGACACTCCTTG,ATGGTCGATAGTACTAGTTGGTGAAGTACTTCAAGTTGTACTAGGTGGTC,1
CCTAAGACACTCCTTG,AGCATGCCCGCCAGCGCTACTCCGCACCTGCCACCCTCAGCTCTCGGGCC,1
CCTAAGACACTCCTTG,AGCATGCCCGCCAGCGCTACTCCGCACCTGCCACCCTCAGCTCTCGGGCC,1
CCTAAGACACTCCTTG,ATTGTTCAACTTGCAGGACTTCATGGTGATCGAGCTGATGTTGGTCTTGT,1
CCTAAGACACTCCTTG,AGGACAGCCTCCTGGCCGCCGAAGAGGCCGCCGCCAAGGCTGAAGCCGAC,1
CCTAAGACACTCCTTG,CCAGATGGAACTCCAGCAGATCATGAAGGGCAACTTCAGTTCATTTATGC,1
CCTAAGACACTCCTTG,ATGGTCGATAGTACTAGTTGGTGAAGTACTTCAAGTTGTACTAGGTGGTC,1
CCTAAGACACTCCTTG,ATACCACCTGCTGGTGCTGTTCTAGTTGAACTAGGAGTTCCAGTTCTTGT,1
CCTCTAGAGCGATTCT,ATACATCGAGTACCTCTTGTAGAACATGATCCACCTCCAGCTCCAGCAGG,1
CCTCTAGAGCGATTCT,ATTCAAGCACTTGGAGTTCCTGCTGTTGTTGTACCACAACTACTACTTGG,1
CCTCTAGAGCGATTCT,ATAGTAGGTGAAGTAGGACGTGTTCTTGCTCGTCTTCCAGGTGTTGATGT,1
CCTCTAGAGCGATTCT,ATTCGTGGTGGACTTCGTGATGTTCTTGTAGGTGTACCTGATGCAGTTCC,1
CCTCTAGAGCGATTCT,ATTCTTCATGAAGTTCTAGATCGTCCACTACCACGAGGAGGAGAAGGTCA,1
CCTCTAGAGCGATTCT,ATACATCGAGTACCTCTTGTAGAACATGATCCACCTCCAGCTCCAGCAGG,1
CCTCTAGAGCGATTCT,ATACATGGTCCACGTCATCCTCGTGTTCTTGGAGGACTAGCAGCTCGAGA,1
CCTCTAGAGCGATTCT,ATTCTTGCTGGTGATCTACATCAAGTTCTTGAACGACCACTTCTTGATGG,1
CCTCTAGAGCGATTCT,ATTGTTCTTCTTCGACATCGTCGTGGTGCTGCTCTACGTGCAGAAGTACC,1
CCTCTAGAGCGATTCT,ATTCCTCTACAACGTCTTGTTGTACGACATCTACTTCGACGTGATCGAGG,1
CCTCTAGAGCGATTCT,ATTGAAGTTCCAGCTCGACGAGGACATGTACTTGGTGTTGTTGCAGATGC,1
CCTCTAGAGCGATTCT,TGGCCAGTGGTAAGATTGCAGCTGCTGGACTGGATGTGACGAGCCCAGAA,1
CCTCTAGAGCGATTCT,AGCATGCCCGCCAGCGCTACTCCGCACCTGCCACCCTCAGCTCTCGGGCC,1
CCTCTAGAGCGATTCT,ATACTTGCACGAGTTGAAGGTGTTCAAGATGCTCGAGATGGTGCACTTCG,1
CGAGGCTCATAACTCG,ATTCATGAACGTGATCCTGGTGTAGGACTTGCTGTAGCAGGTGATGTAGT,1
CGAGGCTCATAACTCG,AGCATGCCCGCCAGCGCTACTCCGCACCTGCCACCCTCAGCTCTCGGGCC,1
CGAGGCTCATAACTCG,TGGAGCTGGTCATCGCCGCGCTTTCGGTGGCGGGCAACGTGCTGGTGTGC,1
CGAGGCTCATAACTCG,ATTGAACGTGGAGTTGAACTTGTACTACGAGTACGTCTAGAACATGAACC,1
CGAGGCTCATAACTCG,ATTCCTGAACGTGGTGAACTACGTGGTGTACATGTTCGACAAGCAGCTGA,1
CGTCAAATCGATGCAT,ATACTAGCTCAAGCAGTACTACTACTTCGTCTTCATGCAGAACAACATGG,1
CGTGATAAGTTGGAGC,ATACTAGCTCAAGCAGTACTACTACTTCGTCTTCATGCAGAACAACATGG,1
CGTGATAAGTTGGAGC,AGCATGCCCGCCAGCGCTACTCCGCACCTGCCACCCTCAGCTCTCGGGCC,1
CGTGATAAGTTGGAGC,ATTGCTGGTGTAGTTCGACTTGTTCATGATCGACGTCTTCTTGGAGATGA,1
CGTGATAAGTTGGAGC,ATACTAGCTCAAGCAGTACTACTACTTCGTCTTCATGCAGAACAACATGG,1
CGTGATAAGTTGGAGC,ATACTAGCTCAAGCAGTACTACTACTTCGTCTTCATGCAGAACAACATGG,1
CGTGATAAGTTGGAGC,ATACTAGCTCAAGCAGTACTACTACTTCGTCTTCATGCAGAACAACATGG,1
CGTGATAAGTTGGAGC,ATACTAGCTCAAGCAGTACTACTACTTCGTCTTCATGCAGAACAACATGG,1
CGTGATAAGTTGGAGC,ATACTAGCTCAAGCAGTACTACTACTTCGTCTTCATGCAGAACAACATGG,1
CGTGATAAGTTGGAGC,ATTCGAGGTCTTGTAGGTCTACATGCACTTGATCCTGTTCTTGTTGGTGC,1
CGTGATAAGTTGGAGC,ATACAACAACTAGAAGATCTACGTCTAGGAGGTCGTCGAGTTCTAGTAGT,1
CGTGATAAGTTGGAGC,ATACTACCTGTTGGTGATCATCATGTAGGTCTTGCTCAAGTTGCTCTTGC,1
CGTGATAAGTTGGAGC,AGACTAGCTCTAGCAGTACTACTACTTCGTCTGCCGGGCGCACAACATCG,1
CGTGATAAGTTGGAGC,ATACTTCGTGATCTTGGTGTACAACAAGAAGTTGAACTTCTTGTTCGTCG,1
CGTGATAAGTTGGAGC,ATAGATGTAGTTGATCTTGTTCCTGGTCTAGTTGATGTTCCTGATGATGG,1
CGTGATAAGTTGGAGC,ATAGGAGTAGTTGGTGATGGTCTACCAGAAGGTGAAGGTGGAGAAGTTGG,1
CGTGATAAGTTGGAGC,ATTAAAGTAGTTGGTCAACATCATGTTCGTCCACTTGGTGATGATCTTCC,1
CGTGATAAGTTGGAGC,ATTCCTCTACAACGTCTTGTTGTACGACATCTACTTCGACGTGATCGAGG,1
CGTGATAAGTTGGAGC,ATTCGACCAGAACCACATGCAGTTCAACGTGTTCGAGGTGTAGATGCTCC,1
CGTGATAAGTTGGAGC,ATTCGACTTGATCTTCTAGAACATGGTGAACTAGCAGGTGCTGATCCTGA,1
CGTGATAAGTTGGAGC,ATTCGAGCTGGTCATCAAGGTGAAGTAGCACTTGCTGGACTAGGAGAAGA,1
CGTGATAAGTTGGAGC,ATTCTTGGAGTTCTAGTACGTGTTGGTGTTCTTGTTCATGATGCTGTACC,1
CGTGATAAGTTGGAGC,ATTCTTGTTGTAGATGGTCATGGACAAGCTCCTCTACTAGTTGGTCCAGC,1
CGTGATAAGTTGGAGC,ATTGAACGTGGAGTTGAACTTGTACTACGAGTACGTCTAGAACATGAACC,1
CGTGATAAGTTGGAGC,ATTGATCCTGATCGAGAAGGAGTACCAGAACAAGTAGCACGTGATCGACA,1
CGTGATAAGTTGGAGC,ATTGGTGATGAACATGTTCTTCTAGAAGAAGTTCGTGTAGGTGTAGTTCA,1
CGTGATAAGTTGGAGC,ATTGTTGTTGCAGATGCAGTTGATGCTGATGAAGTTGTACAAGGTCGAGC,1
CGTGATAAGTTGGAGC,ATACTAGCTCAAGCAGTACTACTACTTCGTCTTCATGCAGAACAACATGG,1
CGTGATAAGTTGGAGC,ATTGCAGCTGCACTTGCACCTCAACTTGATCAAGTTCTACGTCGAGGTGC,1
CGTGATAAGTTGGAGC,ATACTAGCTCAAGCAGTACTACTACTTCGTCTTCATGCAGAACAACATGG,1
CGTTAGATCGACATTG,ATACGTGATGCAGGTCTTCTACTAGTTCGTCTAGTAGATGTAGTTCTTCA,1
CGTTAGATCGACATTG,ATACGTGATGCAGGTCTTCTACTAGTTCGTCTAGTAGATGTAGTTCTTCA,1
CGTTAGATCGACATTG,ATACGTGATGCAGGTCTTCTACTAGTTCGTCTAGTAGATGTAGTTCTTCA,1
CGTTAGATCGACATTG,ATACGTGATGCAGGTCTTCTACTAGTTCGTCTAGTAGATGTAGTTCTTCA,1
CGTTAGATCGACATTG,ATACGTGATGCAGGTCTTCTACTAGTTCGTCTAGTAGATGTAGTTCTTCA,1
CGTTAGATCGACATTG,ATACATCCAGCTGCAGTTCCTGCTGAACGACTAGTTCGACATGGAGATCG,1
CGTTAGATCGACATTG,ATACGAGCTGTAGGTCGTGGAGCTCGTGCACAAGGTCCAGTACGAGGAGG,1
CGTTAGATCGACATTG,ATAGATCCTGCACATGCTCTTGGACATGTAGCTCAAGGACCAGCAGGAGA,1
CGTTAGATCGACATTG,ATTCATCTACGTCATGTTCCTGGTGATCGTGTTGATCAACAAGATCCAGT,1
CGTTAGATCGACATTG,ATTCGACCAGAACCACATGCAGTTCAACGTGTTCGAGGTGTAGATGCTCC,1
CGTTAGATCGACATTG,ATTCGTCCTGTTCGTGATCTACAAGATGCACCTCTTGTTGCTGAAGATGT,1
CGTTAGATCGACATTG,ATTGAACGTGGAGTTGAACTTGTACTACGAGTACGTCTAGAACATGAACC,1
CGTTAGATCGACATTG,ATTGCTGCTGTTGTTGTTGGTCAAGTACTTGAAGTTCTTCCTCCTCATGA,1
CGTTAGATCGACATTG,ATACTACTAGATCTAGATGAACATGATGTTCCTCGTGCAGTTCGTGCAGC,1
CGTTAGATCGACATTG,ATACGTGATGCAGGTCTTCTACTAGTTCGTCTAGTAGATGTAGTTCTTCA,1
CGTTAGATCGACATTG,ATACATCCAGCTGCAGTTCCTGCTGAACGACTAGTTCGACATGGAGATCG,1
CGTTAGATCGACATTG,ATACGTGATGCAGGTCTTCTACTAGTTCGTCTAGTAGATGTAGTTCTTCA,1
CTACGGGGTACAGAAT,CCGGGCGCAGTGGTTCGTGCCTGTAATCCCAGCACTTTGGGAGGCCAAGG,1
CTACGGGGTACAGAAT,ATTGGTGCAGTTCAAGTAGGAGCAGAACCTCGAGTTCGTCTACATCAAGG,1
CTACGGGGTACAGAAT,ATACTACCTGTTGGTGATCATCATGTAGGTCTTGCTCAAGTTGCTCTTGC,1
CTACGGGGTACAGAAT,ATACTTGAAGTAGCACCACGTCGTCATCAAGTTCTTCCACCAGATGTTCC,1
CTACGGGGTACAGAAT,ATTGGTGCAGTTCAAGTAGGAGCAGAACCTCGAGTTCGTCTACATCAAGG,1
CTACGGGGTACAGAAT,ATACTTCCAGCAGAACTTGTAGCACTTGCTGTACTAGTTCATGATCGTCC,1
CTCAAGAAGCACTCTA,ATACTTCCAGCAGAACTTGTAGCACTTGCTGTACTAGTTCATGATCGTCC,1
CTCAAGAAGCACTCTA,ATTGGTCGTGAAGCAGTAGATGGAGCAGATGTTCATCTACCTGAAGAAGG,1
CTCAAGAAGCACTCTA,ATTGAAGATCCACTAGCACGTCATGAAGCTCAAGTAGGTCCAGATGAAGA,1
CTCAAGAAGCACTCTA,ATTCCTCTACAACGTCTTGTTGTACGACATCTACTTCGACGTGATCGAGG,1
CTCAAGAAGCACTCTA,AGCATGCCCGCCAGCGCTACTCCGCACCTGCCACCCTCAGCTCTCGGGCC,1
CTCAAGAAGCACTCTA,ATTCGTGCTGTAGCTGGTGGTGTACTTGCTGTAGTACTACAAGAACTTCC,1
CTCAAGAAGCACTCTA,ATTCAAGCACTTGGAGTTCCTGCTGTTGTTGTACCACAACTACTACTTGG,1
CTCAAGAAGCACTCTA,CGCGCATCTCTCTGCTGCAACGCGAGGCCGCTCAGGCAATGTACATCGAC,1
CTCAAGAAGCACTCTA,ATACTAGCTCAAGCAGTACTACTACTTCGTCTTCATGCAGAACAACATGG,1
CTCAAGAAGCACTCTA,ATTCAAGTACCTCAACTTCGTCTACTACCAGATCGAGTACCTGGTCAAGG,1
CTCAAGAAGCACTCTA,ATTCGTCTAGTAGCAGCAGGTCGTCCTCTTGCTCTACCACGTGCAGTACT,1
CTCAATTGTACGCTTA,ATACATCGAGTACCTCTTGTAGAACATGATCCACCTCCAGCTCCAGCAGG,1
CTCAATTGTACGCTTA,ATACATCGAGTACCTCTTGTAGAACATGATCCACCTCCAGCTCCAGCAGG,1
CTCAATTGTACGCTTA,ATACATCGAGTACCTCTTGTAGAACATGATCCACCTCCAGCTCCAGCAGG,1
CTCAATTGTACGCTTA,ATACATCGAGTACCTCTTGTAGAACATGATCCACCTCCAGCTCCAGCAGG,1
CTCAATTGTACGCTTA,ATACATCGAGTACCTCTTGTAGAACATGATCCACCTCCAGCTCCAGCAGG,1
CTCAATTGTACGCTTA,ATACATCGAGTACCTCTTGTAGAACATGATCCACCTCCAGCTCCAGCAGG,1
CTCAATTGTACGCTTA,ATACCACAACGTGAACCAGTAGATCGTGATGTAGATGCACGTGATCGACT,1
CTCAATTGTACGCTTA,ATACTAGCTCAAGCAGTACTACTACTTCGTCTTCATGCAGAACAACATGG,1
CTCAATTGTACGCTTA,ATAGATGCACTTGGTGGTCGAGTTCTAGTTGTAGCTGATCGTCCAGCTCT,1
CTCAATTGTACGCTTA,ATAGGAGATCGTGGTCATCTTGGTCCTGAACATGATGCAGTAGAAGAACA,1
CTCAATTGTACGCTTA,ATAGGAGTAGTTGGTGATGGTCTACCAGAAGGTGAAGGTGGAGAAGTTGG,1
CTCAATTGTACGCTTA,ATAGTAGATGAACGTCCTCTACATGTTCTTCGTCAAGTACCAGCACAACG,1
CTCAATTGTACGCTTA,ATCCATCGAGTAACTATTGTAGATCATGATACACCTACAGCTCTCGAAGG,1
CTCAATTGTACGCTTA,ATTCAACATGGTGTTGGAGGACGTGTACCTGCAGTTCTTGGTGGTGTACT,1
CTCAATTGTACGCTTA,ATTCAAGCACTTGGAGTTCCTGCTGTTGTTGTACCACAACTACTACTTGG,1
CTCAATTGTACGCTTA,ATTCATGAACGTGATCCTGGTGTAGGACTTGCTGTAGCAGGTGATGTAGT,1
CTCAATTGTACGCTTA,ATTCCACGTGATCAACAAGTAGGAGTACTTGATCGTGTTGTTGTAGGTCG,1
CTCAATTGTACGCTTA,ATTCCTGTACTTGTTGGACTAGAACTTGTACGTGTTCTACTTGATGAACG,1
CTCAATTGTACGCTTA,ATTCGACCAGAACCACATGCAGTTCAACGTGTTCGAGGTGTAGATGCTCC,1
CTCAATTGTACGCTTA,ATTCTTGGAGTTCTAGTACGTGTTGGTGTTCTTGTTCATGATGCTGTACC,1
CTCAATTGTACGCTTA,ATTGAACGTGGAGTTGAACTTGTACTACGAGTACGTCTAGAACATGAACC,1
CTCAATTGTACGCTTA,ATTGGTCGTGAAGCAGTAGATGGAGCAGATGTTCATCTACCTGAAGAAGG,1
CTCAATTGTACGCTTA,ATTGTAGTAGAACGTGCACTACGTCTTCAAGATGTAGATCGACTAGTAGC,1
CTCAATTGTACGCTTA,ATTGTTGTTGCAGATGCAGTTGATGCTGATGAAGTTGTACAAGGTCGAGC,1
CTCAATTGTACGCTTA,ATACATCGAGTACCTCTTGTAGAACATGATCCACCTCCAGCTCCAGCAGG,1
CTCAATTGTACGCTTA,ATACATCGAGTACCTCTTGTAGAACATGATCCACCTCCAGCTCCAGCAGG,1
CTCAATTGTACGCTTA,ATTCCTCTACAACGTCTTGTTGTACGACATCTACTTCGACGTGATCGAGG,1
CTCAATTGTACGCTTA,ATACATCGAGTACCTCTTGTAGAACATGATCCACCTCCAGCTCCAGCAGG,1
CTCAATTGTACGCTTA,ATACATCGAGTACCTCTTGTAGAACATGATCCACCTCCAGCTCCAGCAGG,1
CTTTCAATCCACAAGT,ATAGGAGTAGTTGGTGATGGTCTACCAGAAGGTGAAGGTGGAGAAGTTGG,1
GAATCACCATCATCTT,ATTGCACAAGTTCTTCGACTTGTTGGAGTAGGACTAGTTGCTGTTGTTGA,1
GAGGGATGTAACATCC,ATAGGAGTAGTTGGTGATGGTCTACCAGAAGGTGAAGGTGGAGAAGTTGG,1
GAGGGATGTAACATCC,ATAGGAGTAGTTGGTGATGGTCTACCAGAAGGTGAAGGTGGAGAAGTTGG,1
GAGGGATGTAACATCC,ATAGGAGTAGTTGGTGATGGTCTACCAGAAGGTGAAGGTGGAGAAGTTGG,1
GAGGGATGTAACATCC,ATAGGAGTAGTTGGTGATGGTCTACCAGAAGGTGAAGGTGGAGAAGTTGG,1
GAGGGATGTAACATCC,ATACGTGATGCAGGTCTTCTACTAGTTCGTCTAGTAGATGTAGTTCTTCA,1
GAGGGATGTAACATCC,ATACGTCGTGGAGTAGTTCCTCGTGCACTTGATCCTGCTGATCTACCTGA,1
GAGGGATGTAACATCC,ATACTACCTGTTGGTGATCATCATGTAGGTCTTGCTCAAGTTGCTCTTGC,1
GAGGGATGTAACATCC,ATACTTGTTGGTGGTGATGCTGCTGAACTACTAGAACGAGGAGAAGCAGA,1
GAGGGATGTAACATCC,ATAGCTGTTCCTGTTCTTCAACATCCTCATGATGTTGCTCTTGCTCCAGG,1
GAGGGATGTAACATCC,ATTCAAGATGATGATGATCAAGTAGTACGTCCTCTACTACCACGTCATCA,1
GAGGGATGTAACATCC,ATTCAAGCACTTGGAGTTCCTGCTGTTGTTGTACCACAACTACTACTTGG,1
GAGGGATGTAACATCC,ATTCATGGTGTTGGTGGTCATCTACGAGGTCATGGAGGACTACTAGTTGT,1
GAGGGATGTAACATCC,ATTCGACTTGATCTTCTAGAACATGGTGAACTAGCAGGTGCTGATCCTGA,1
GAGGGATGTAACATCC,ATTCGAGTAGATCTTCCTGCACCACCAGTACATGTACCTGTTCCATAGCA,1
GAGGGATGTAACATCC,ATTCGTCCTGTTCGTGATCTACAAGATGCACCTCTTGTTGCTGAAGATGT,1
GAGGGATGTAACATCC,ATTCGTCTAGTAGCAGCAGGTCGTCCTCTTGCTCTACCACGTGCAGTACT,1
GAGGGATGTAACATCC,ATTCTAGCTGTACTTGTTCCTCCTGCAGCTCTTGTACGTGATGTAGGTCT,1
GAGGGATGTAACATCC,ATTCTTCATCTACGAGGTGATGTACCTCGTCTACGAGATCCACATCGTGT,1
GAGGGATGTAACATCC,ATTGCTCTTGGTGCACTAGTTCAACGTGGTCGTGAAGATCAAGCAGGTGG,1
GAGGGATGTAACATCC,ATTGGACATGCTCTTCATGCTGGTCCACAAGTTCATCTTGTTCTAGGTCT,1
GAGGGATGTAACATCC,ATTGTTGTTGCAGATGCAGTTGATGCTGATGAAGTTGTACAAGGTCGAGC,1
GAGGGATGTAACATCC,ATTGTTGTTGATGCTCCTCGACCAGGTGGTGGTCATGGAGATCAAGTTGG,1
GAGGGATGTAACATCC,ATAGGAGTAGTTGGTGATGGTCTACCAGAAGGTGAAGGTGGAGAAGTTGG,1
GAGGGATGTAACATCC,ATAGGAGTAGTTGGTGATGGTCTACCAGAAGGTGAAGGTGGAGAAGTTGG,1
GAGGGATGTAACATCC,ATAGGAGTAGTTGGTGATGGTCTACCAGAAGGTGAAGGTGGAGAAGTTGG,1
GAGGGATGTAACATCC,ATAGGAGTAGTTGGTGATGGTCTACCAGAAGGTGAAGGTGGAGAAGTTGG,1
GAGGGATGTAACATCC,ATAGGAGTAGTTGGTGATGGTCTACCAGAAGGTGAAGGTGGAGAAGTTGG,1
GAGGGATGTAACATCC,ATAGGAGTAGTTGGTGATGGTCTACCAGAAGGTGAAGGTGGAGAAGTTGG,1
GAGGGATGTAACATCC,ATAGGAGTAGTTGGTGATGGTCTACCAGAAGGTGAAGGTGGAGAAGTTGG,1
GAGGGATGTAACATCC,ATTGAACGTGGAGTTGAACTTGTACTACGAGTACGTCTAGAACATGAACC,1
GAGGGATGTAACATCC,ATAGGAGTAGTTGGTGATGGTCTACCAGAAGGTGAAGGTGGAGAAGTTGG,1
GAGGGATGTAACATCC,ATTGAACGTGGAGTTGAACTTGTACTACGAGTACGTCTAGAACATGAACC,1
GAGGGATGTAACATCC,ATAGGTCTACGTCTACTAGGACTTGCAGCTCTTGGAGGAGCTCTTCCTGA,1
GAGTGAGGTGGTACAG,ATTGATCCTGATCGAGAAGGAGTACCAGAACAAGTAGCACGTGATCGACA,1
GAGTGAGGTGGTACAG,ATTGATGGTCAACCTGGTGTTCATCATCTTGTTCATGAACTTCGACGTGC,1
GAGTGAGGTGGTACAG,ATACTTGATGATGTACCTGGTCCTCGACTACTACGTGTTGCTGCAGTTGA,1
GAGTGAGGTGGTACAG,AGCATGCCCGCCAGCGCTACTCCGCACCTGCCACCCTCAGCTCTCGGGCC,1
GAGTGAGGTGGTACAG,ATTGGACGTCTTGAAGCACCTGGAGGTCTAGGTCCTCGACATGCTGGTCG,1
GAGTGAGGTGGTACAG,ATTGTTCCTGTTGATGAACCTGCAGTTGATCTAGATCAACCAGCACTTGT,1
GAGTGAGGTGGTACAG,ATACTACTAGATCTAGATGAACATGATGTTCCTCGTGCAGTTCGTGCAGC,1
GAGTGAGGTGGTACAG,ATTCGACCAGAACCACATGCAGTTCAACGTGTTCGAGGTGTAGATGCTCC,1
GAGTGAGGTGGTACAG,ATACCACAACGTGAACCAGTAGATCGTGATGTAGATGCACGTGATCGACT,1
GAGTGAGGTGGTACAG,ACCCAAAGCTACTGAACCAGTTACAGTACTGTGAGGAGGCAGGCATCCCA,1
GAGTGAGGTGGTACAG,ATTGGTCGAGATCTTCCTCATGTTGAAGTAGGTCATGGTGCAGTTGAACT,1
GAGTGAGGTGGTACAG,ATTGGTCGTGAAGCAGTAGATGGAGCAGATGTTCATCTACCTGAAGAAGG,1
GATTCTTGTAGTGTGG,ATTCGACCAGAACCACATGCAGTTCAACGTGTTCGAGGTGTAGATGCTCC,1
GATTCTTGTAGTGTGG,ATAGATCCTGCACATGCTCTTGGACATGTAGCTCAAGGACCAGCAGGAGA,1
GATTCTTGTAGTGTGG,ATTCTTCATCTACGAGGTGATGTACCTCGTCTACGAGATCCACATCGTGT,1
GCCAGGTCACCAGACC,ATACAACAACTAGAAGATCTACGTCTAGGAGGTCGTCGAGTTCTAGTAGT,1
GCCAGGTCACCAGACC,ATACTAGCTCAAGCAGTACTACTACTTCGTCTTCATGCAGAACAACATGG,1
GCCAGGTCACCAGACC,CATCCGGCTCAGCTTCGAGGACTTCGTCACCATGACAGCTTCTCGGATGC,1
GCCAGGTCACCAGACC,ATACGAGCAGAAGATGAAGTAGATGTAGGTCCAGAAGATCGAGCTCAAGT,1
GCCAGGTCACCAGACC,ATTGTACGAGTACGAGCACTAGTTCAACGACGTCTTGCACTGCAGTTGAT,1
GCCAGGTCACCAGACC,ATACTTCGACTTCGAGTTCGTCCTGGACTTCTTGGACCAGGTCTTGTACG,1
GCCAGGTCACCAGACC,ATTCTTCATCTACGAGGTGATGTACCTCGTCTACGAGATCCACATCGTGT,1
GCCAGGTCACCAGACC,ATTCATGGTGTTGGTGGTCATCTACGAGGTCATGGAGGACTACTAGTTGT,1
GCCAGGTCACCAGACC,ATACTAGGTGGACCTTCCTTCCCGCGGCCTGCTGCCGGCTCTGCGGCCTC,1
GCCAGGTCACCAGACC,ATTGGTCGTGAAGCAGTAGATGGAGCAGATGTTCATCTACCTGAAGAAGG,1
GCCAGGTCACCAGACC,ATACATCTAGAAGGAGTACTTGATCGACTACAACGTCTTGGACAAGTACG,1
GCGAGAAAGGACAAGA,ATTGAAGATCCACTAGCACGTCATGAAGCTCAAGTAGGTCCAGATGAAGA,1
GCGAGAAAGGACAAGA,ATAGCACAACTTGTTCGAGTAGAACGTCTTCGTGATGCACCAGGACTAGA,1
GCGAGAAAGGACAAGA,ATAGCACAACTTGTTCGAGTAGAACGTCTTCGTGATGCACCAGGACTAGA,1
GCGAGAAAGGACAAGA,ATTCTTGTAGGAGAAGTAGATCAAGCTGCACGTGGTCTTGTTGCACCTGG,1
GCGAGAAAGGACAAGA,ATAGCACAACTTGTTCGAGTAGAACGTCTTCGTGATGCACCAGGACTAGA,1
GCGAGAAAGGACAAGA,ATAGCACAACTTGTTCGAGTAGAACGTCTTCGTGATGCACCAGGACTAGA,1
GCGAGAAAGGACAAGA,ATAGCACAACTTGTTCGAGTAGAACGTCTTCGTGATGCACCAGGACTAGA,1
GCGAGAAAGGACAAGA,ATAGCACAACTTGTTCGAGTAGAACGTCTTCGTGATGCACCAGGACTAGA,1
GCGAGAAAGGACAAGA,ATTCGACTTGATCTTCTAGAACATGGTGAACTAGCAGGTGCTGATCCTGA,1
GCGAGAAAGGACAAGA,ATACATCCAGCTGCAGTTCCTGCTGAACGACTAGTTCGACATGGAGATCG,1
GCGAGAAAGGACAAGA,ATACGTCCTCAACGTGATGCACTACATCTTCTTGTTCTTCCTGAAGCAGG,1
GCGAGAAAGGACAAGA,ATACTAGCTCAAGCAGTACTACTACTTCGTCTTCATGCAGAACAACATGG,1
GCGAGAAAGGACAAGA,ATACTTCCTCTTCCAGGAGTTGTTGGTGCAGGACATGTACTACTTCAACT,1
GCGAGAAAGGACAAGA,ATAGATGCACTTGGTGGTCGAGTTCTAGTTGTAGCTGATCGTCCAGCTCT,1
GCGAGAAAGGACAAGA,ATAGCTGTAGTTGTTCCTGATCATCCTGCTGAAGTACGAGGAGCTCCTCC,1
GCGAGAAAGGACAAGA,ATAGGAGTAGTTGGTGATGGTCTACCAGAAGGTGAAGGTGGAGAAGTTGG,1
GCGAGAAAGGACAAGA,ATTCAAGCACTTGGAGTTCCTGCTGTTGTTGTACCACAACTACTACTTGG,1
GCGAGAAAGGACAAGA,ATTCCAGTTGGTGGAGAAGTAGTAGGACAAGGTCGACGAGCTCATGTACT,1
GCGAGAAAGGACAAGA,ATTCCTCTACAACGTCTTGTTGTACGACATCTACTTCGACGTGATCGAGG,1
GCGAGAAAGGACAAGA,ATTCGACGTCTTGCTGTTCAACGTGTTGAAGATCGAGTTGGTCTAGCTCT,1
GCGAGAAAGGACAAGA,ATTCTTCTTCTTCTTCGTGATGTAGTTGTTGATGAACCACCTCCTCGAGA,1
GCGAGAAAGGACAAGA,ATTGATGGTCAACCTGGTGTTCATCATCTTGTTCATGAACTTCGACGTGC,1
GCGAGAAAGGACAAGA,ATTGTACGAGTACGAGCACTAGTTCAACGACGTCTTGCACTGCAGTTGAT,1
GCGAGAAAGGACAAGA,ATTGTTGTTGCAGATGCAGTTGATGCTGATGAAGTTGTACAAGGTCGAGC,1
GCGAGAAAGGACAAGA,ATACTTCCTCTTCCAGGAGTTGTTGGTGCAGGACATGTACTACTTCAACT,1
GCGAGAAAGGACAAGA,ATAGCACAACTTGTTCGAGTAGAACGTCTTCGTGATGCACCAGGACTAGA,1
GCGAGAAAGGACAAGA,ATAGCACAACTTGTTCGAGTAGAACGTCTTCGTGATGCACCAGGACTAGA,1
GCGAGAAAGGACAAGA,ATTGAAGATCCACTAGCACGTCATGAAGCTCAAGTAGGTCCAGATGAAGA,1
GCGAGAAAGGACAAGA,ATAGCACAACTTGTTCGAGTAGAACGTCTTCGTGATGCACCAGGACTAGA,1
GCGAGAAAGGACAAGA,ATTCCTCTACAACGTCTTGTTGTACGACATCTACTTCGACGTGATCGAGG,1
GCGAGAAAGGACAAGA,ATAGCACAACTTGTTCGAGTAGAACGTCTTCGTGATGCACCAGGACTAGA,1
GCGAGAAAGGACAAGA,ATAGTTCCTCCTGTTCAACTTGCAGTTCTACTTGTACTACATCATGGAGT,1
GCGAGAAAGGACAAGA,ATTGATGGTCAACCTGGTGTTCATCATCTTGTTCATGAACTTCGACGTGC,1
GCGAGAAAGGACAAGA,ATTCGTCTTGCTGCTCAAGTAGGTCTAGTACATGGTGTAGTTGTTGTACT,1
GCGAGAAAGGACAAGA,ATACTACTAGATCTAGATGAACATGATGTTCCTCGTGCAGTTCGTGCAGC,1
GCGAGAAAGGACAAGA,ATACATCCAGCTGCAGTTCCTGCTGAACGACTAGTTCGACATGGAGATCG,1
GCGAGAAAGGACAAGA,ATTGTACAACTTCCACTTCTTGGTCCTCTACAAGCACATCCAGCTGGTCG,1
GCGAGAAAGGACAAGA,ATAGCACAACTTGTTCGAGTAGAACGTCTTCGTGATGCACCAGGACTAGA,1
GCGAGAAAGGACAAGA,ATAGCACAACTTGTTCGAGTAGAACGTCTTCGTGATGCACCAGGACTAGA,1
GCGAGAAAGGACAAGA,ATAGCACAACTTGTTCGAGTAGAACGTCTTCGTGATGCACCAGGACTAGA,1
GCGAGAAAGGACAAGA,ATACTAGCTCAAGCAGTACTACTACTTCGTCTTCATGCAGAACAACATGG,1
GCGAGAAAGGACAAGA,ATTCGTCTAGTAGCAGCAGGTCGTCCTCTTGCTCTACCACGTGCAGTACT,1
GCGAGAAAGGACAAGA,ATTGTAGGTGGACATCAACGTGGTGATGTAGTACGTCCTGTTCATGCTCC,1
GCGAGAAAGGACAAGA,ATAGCACAACTTGTTCGAGTAGAACGTCTTCGTGATGCACCAGGACTAGA,1
GCGAGAAAGGACAAGA,ATAGCACAACTTGTTCGAGTAGAACGTCTTCGTGATGCACCAGGACTAGA,1
GCGAGAAAGGACAAGA,ATTCTTGTTCCAGGACTAGATGGTCTAGATCATCTAGTAGTTCGTGAAGG,1
GCGAGAAAGGACAAGA,AGCATGCCCGCCAGCGCTACTCCGCACCTGCCACCCTCAGCTCTCGGGCC,1
GGAGATGGTTCGGCGT,ATAGGAGTAGTTGGTGATGGTCTACCAGAAGGTGAAGGTGGAGAAGTTGG,1
GGAGATGGTTCGGCGT,ATTGCTCTTGGTGCACTAGTTCAACGTGGTCGTGAAGATCAAGCAGGTGG,1
GGAGATGGTTCGGCGT,ATTCGTGGTGTAGGTGTTGCTCGTGATCAACCTCATGGTGGTGTTGCTGA,1
GGAGATGGTTCGGCGT,ATACTTGAAGTAGCACCACGTCGTCATCAAGTTCTTCCACCAGATGTTCC,1
GGAGATGGTTCGGCGT,ATACCTGAAGCTGTAGTAGGACTTGCAGTAGAAGTAGCAGTTCGAGGTCG,1
GGAGATGGTTCGGCGT,ATTCTTCATCTACGAGGTGATGTACCTCGTCTACGAGATCCACATCGTGT,1
GGAGATGGTTCGGCGT,CGCGCATCTCTCTGCTGCAACGCGAGGCCGCTCAGGCAATGTACATCGAC,1
GGAGATGGTTCGGCGT,ATACCTGAAGCTGTAGTAGGACTTGCAGTAGAAGTAGCAGTTCGAGGTCG,1
GGAGATGGTTCGGCGT,ATTCGACTTGATCTTCTAGAACATGGTGAACTAGCAGGTGCTGATCCTGA,1
GGAGATGGTTCGGCGT,ATAGTTGTAGGTCTTGCTGTTCGACGAGGTGCTCTAGTTCAAGTTGCACG,1
GGAGATGGTTCGGCGT,ATACTAGTTCAACATCAAGTTCTTGAAGTAGGTGTAGCTCGACTTGAACT,1
GGAGATGGTTCGGCGT,ATACTAGCTCAAGCAGTACTACTACTTCGTCTTCATGCAGAACAACATGG,1
GGAGATGGTTCGGCGT,GAGATGTTGAGGATACAGGGAATCTGGAAGGAACTGTTCATCGGATTCTG,1
GGAGATGGTTCGGCGT,ATACATCCAGCTGCAGTTCCTGCTGAACGACTAGTTCGACATGGAGATCG,1
GGAGATGGTTCGGCGT,AGCATGCCCGCCAGCGCTACTCCGCACCTGCCACCCTCAGCTCTCGGGCC,1
GGAGATGGTTCGGCGT,ATTCGACTTGATCTTCTAGAACATGGTGAACTAGCAGGTGCTGATCCTGA,1
GGAGATGGTTCGGCGT,ATACCTGAAGCTGTAGTAGGACTTGCAGTAGAAGTAGCAGTTCGAGGTCG,1
GGAGATGGTTCGGCGT,ATACCTGAAGCTGTAGTAGGACTTGCAGTAGAAGTAGCAGTTCGAGGTCG,1
GGAGATGGTTCGGCGT,ATACCTGAAGCTGTAGTAGGACTTGCAGTAGAAGTAGCAGTTCGAGGTCG,1
GGAGATGGTTCGGCGT,ATACCTGAAGCTGTAGTAGGACTTGCAGTAGAAGTAGCAGTTCGAGGTCG,1
GGAGATGGTTCGGCGT,ATACCTGAAGCTGTAGTAGGACTTGCAGTAGAAGTAGCAGTTCGAGGTCG,1
GGAGATGGTTCGGCGT,ATACCTGAAGCTGTAGTAGGACTTGCAGTAGAAGTAGCAGTTCGAGGTCG,1
GGAGATGGTTCGGCGT,ATACCTGAAGCTGTAGTAGGACTTGCAGTAGAAGTAGCAGTTCGAGGTCG,1
GGAGATGGTTCGGCGT,ATACCTGAAGCTGTAGTAGGACTTGCAGTAGAAGTAGCAGTTCGAGGTCG,1
GGAGATGGTTCGGCGT,ATACTTGAAGTAGCACCACGTCGTCATCAAGTTCTTCCACCAGATGTTCC,1
GGAGATGGTTCGGCGT,ATACTTGTTGGTGGTGATGCTGCTGAACTACTAGAACGAGGAGAAGCAGA,1
GGAGATGGTTCGGCGT,ATTCATGTAGTTCCTCTTGTTCTAGATGATCCTGGTGCACTTCAACTACA,1
GGAGATGGTTCGGCGT,ATTCGACCAGAACCACATGCAGTTCAACGTGTTCGAGGTGTAGATGCTCC,1
GGAGATGGTTCGGCGT,ATTCGTCCTGTTCGTGATCTACAAGATGCACCTCTTGTTGCTGAAGATGT,1
GGAGATGGTTCGGCGT,ATTCGTGGTGGACTTCGTGATGTTCTTGTAGGTGTACCTGATGCAGTTCC,1
GGAGATGGTTCGGCGT,ATTCTAGCTGTACTTGTTCCTCCTGCAGCTCTTGTACGTGATGTAGGTCT,1
GGAGATGGTTCGGCGT,ATTCTTCATCTACGAGGTGATGTACCTCGTCTACGAGATCCACATCGTGT,1
GGAGATGGTTCGGCGT,ATTCTTCATGAAGTTCTAGATCGTCCACTACCACGAGGAGGAGAAGGTCA,1
GGAGATGGTTCGGCGT,ATTGAACGTGGAGTTGAACTTGTACTACGAGTACGTCTAGAACATGAACC,1
GGAGATGGTTCGGCGT,ATTGCAGGTCCAGTAGAACAAGTTCTTGTACGTCTTGATGTTCTTCTTGG,1
GGAGATGGTTCGGCGT,ATACCTGAAGCTGTAGTAGGACTTGCAGTAGAAGTAGCAGTTCGAGGTCG,1
GGAGATGGTTCGGCGT,ATACCTGAAGCTGTAGTAGGACTTGCAGTAGAAGTAGCAGTTCGAGGTCG,1
GGAGATGGTTCGGCGT,ATTGCTGTTCAACTTGCAGGTGTTGGTGCAGGTCGACCTGCAGGTGAACT,1
GGAGATGGTTCGGCGT,ATACCTGAAGCTGTAGTAGGACTTGCAGTAGAAGTAGCAGTTCGAGGTCG,1
GGAGATGGTTCGGCGT,ATACCTGAAGCTGTAGTAGGACTTGCAGTAGAAGTAGCAGTTCGAGGTCG,1
GGAGATGGTTCGGCGT,ATACCTGAAGCTGTAGTAGGACTTGCAGTAGAAGTAGCAGTTCGAGGTCG,1
GGAGATGGTTCGGCGT,ATACCTGAAGCTGTAGTAGGACTTGCAGTAGAAGTAGCAGTTCGAGGTCG,1
GGAGATGGTTCGGCGT,ATACCTGAAGCTGTAGTAGGACTTGCAGTAGAAGTAGCAGTTCGAGGTCG,1
GGAGATGGTTCGGCGT,ATACCTGAAGCTGTAGTAGGACTTGCAGTAGAAGTAGCAGTTCGAGGTCG,1
GGAGATGGTTCGGCGT,ATTCGACCAGAACCACATGCAGTTCAACGTGTTCGAGGTGTAGATGCTCC,1
GGAGATGGTTCGGCGT,ATACCTGAAGCTGTAGTAGGACTTGCAGTAGAAGTAGCAGTTCGAGGTCG,1
GGAGATGGTTCGGCGT,ATACCTGAAGCTGTAGTAGGACTTGCAGTAGAAGTAGCAGTTCGAGGTCG,1
GGAGATGGTTCGGCGT,ATTGGTCGTGAAGCAGTAGATGGAGCAGATGTTCATCTACCTGAAGAAGG,1
GGAGATGGTTCGGCGT,ATACCTGAAGCTGTAGTAGGACTTGCAGTAGAAGTAGCAGTTCGAGGTCG,1
GGAGATGGTTCGGCGT,ATTGAACGTGGAGTTGAACTTGTACTACGAGTACGTCTAGAACATGAACC,1
GGAGATGGTTCGGCGT,ATACCTGAAGCTGTAGTAGGACTTGCAGTAGAAGTAGCAGTTCGAGGTCG,1
GGAGATGGTTCGGCGT,ATACCTGAAGCTGTAGTAGGACTTGCAGTAGAAGTAGCAGTTCGAGGTCG,1
GGAGATGGTTCGGCGT,ATACCTGAAGCTGTAGTAGGACTTGCAGTAGAAGTAGCAGTTCGAGGTCG,1
GGAGATGGTTCGGCGT,ATACCTGAAGCTGTAGTAGGACTTGCAGTAGAAGTAGCAGTTCGAGGTCG,1
GGAGATGGTTCGGCGT,ATACCTGAAGCTGTAGTAGGACTTGCAGTAGAAGTAGCAGTTCGAGGTCG,1
GGAGATGGTTCGGCGT,ATACCTGAAGCTGTAGTAGGACTTGCAGTAGAAGTAGCAGTTCGAGGTCG,1
GGAGATGGTTCGGCGT,ATACTTGATGCAGATCGTCTTCATGTTGTACCTCGACTTCTAGCTCTACA,1
GGAGATGGTTCGGCGT,ATACATCTAGAAGGAGTACTTGATCGACTACAACGTCTTGGACAAGTACG,1
GGAGATGGTTCGGCGT,ATACCAGTTGGAGTAGGTCTAGTACTTCGTGCTCTACTACGTCGTGGTGA,1
GGAGATGGTTCGGCGT,ATACTAGATCGAGTTGCTGTTGATCTTGGTGCTGCAGTTCCTCGAGATGC,1
GGAGATGGTTCGGCGT,ATACTAGCTCAAGCAGTACTACTACTTCGTCTTCATGCAGAACAACATGG,1
GGAGATGGTTCGGCGT,ATACTAGGTGGACCTGGTCCAGGAGGTCAACCAGTTGCTCTTGTACGAGG,1
GGAGATGGTTCGGCGT,ATAGATCCTGCACATGCTCTTGGACATGTAGCTCAAGGACCAGCAGGAGA,1
GGAGATGGTTCGGCGT,ATAGATGCACTTGGTGGTCGAGTTCTAGTTGTAGCTGATCGTCCAGCTCT,1
GGAGATGGTTCGGCGT,ATAGCTCCAGGACTAGGTGGTCGAGTTCTTCGTCCTGTACAACCACTACC,1
GGAGATGGTTCGGCGT,ATTGCTCTTGGTGCACTAGTTCAACGTGGTCGTGAAGATCAAGCAGGTGG,1
GGAGATGGTTCGGCGT,ATAGCTGGTGTACTTGATGTTGTTCAAGTTCGAGTAGTTCTAGTAGTTCG,1
GGAGATGGTTCGGCGT,ATAGGAGTAGTTGGTGATGGTCTACCAGAAGGTGAAGGTGGAGAAGTTGG,1
GGAGATGGTTCGGCGT,ATAGGCAAGCACCAGGAGCTCAACATGGAGCTGTAGTTCTAGAACTAGGA,1
GGAGATGGTTCGGCGT,ATAGGTCCTGATCTAGCAGCACTTGTTCGACGACGACATGCTCAAGTAGC,1
GGAGATGGTTCGGCGT,ATAGGTCGTGTTGTTGGAGGTGTTGATGCAGTACTTGTTCGAGTAGTTCC,1
GGAGATGGTTCGGCGT,ATAGTAGATGAACGTCCTCTACATGTTCTTCGTCAAGTACCAGCACAACG,1
GGAGATGGTTCGGCGT,ATAGTTGTAGGTCTTGCTGTTCGACGAGGTGCTCTAGTTCAAGTTGCACG,1
GGAGATGGTTCGGCGT,ATTCATGATCTTCCACATCAAGTTCGTCTTCTTGATCTTCAACGTCGTGT,1
GGAGATGGTTCGGCGT,ATTCCTCTACAACGTCTTGTTGTACGACATCTACTTCGACGTGATCGAGG,1
GGAGATGGTTCGGCGT,ATTCCTGTACTTGTTGGACTAGAACTTGTACGTGTTCTACTTGATGAACG,1
GGAGATGGTTCGGCGT,ATTCGAGTAGATCTTCCTGCACCACCAGTACATGTACCTGTTCCATAGCA,1
GGAGATGGTTCGGCGT,ATTCGTGCTGTAGCTGGTGGTGTACTTGCTGTAGTACTACAAGAACTTCC,1
GGAGATGGTTCGGCGT,ATTCTTGGAGTTCTAGTACGTGTTGGTGTTCTTGTTCATGATGCTGTACC,1
GGAGATGGTTCGGCGT,ATTGAACGTGGAGTTGAACTTGTACTACGAGTACGTCTAGAACATGAACC,1
GGAGATGGTTCGGCGT,ATTGAAGATCCACTAGCACGTCATGAAGCTCAAGTAGGTCCAGATGAAGA,1
GGAGATGGTTCGGCGT,ATTGCTCAAGTACTAGCTCGACTAGTTGTTCGTGCTGTTCGAGATCTTCT,1
GGAGATGGTTCGGCGT,ATTGGACGTCTTGAAGCACCTGGAGGTCTAGGTCCTCGACATGCTGGTCG,1
GGAGATGGTTCGGCGT,ATTGGAGGAGGTCCACATCAAGAACCAGGTCATCGAGCTCTTGATCCAGT,1
GGAGATGGTTCGGCGT,ATTGTTCCAGTAGCTGGAGGTCTACATGTAGGAGATCTACTAGCAGAAGT,1
GGAGATGGTTCGGCGT,ATACCTGAAGCTGTAGTAGGACTTGCAGTAGAAGTAGCAGTTCGAGGTCG,1
GGAGATGGTTCGGCGT,ATACCTGAAGCTGTAGTAGGACTTGCAGTAGAAGTAGCAGTTCGAGGTCG,1
GGAGATGGTTCGGCGT,ATACCTGAAGCTGTAGTAGGACTTGCAGTAGAAGTAGCAGTTCGAGGTCG,1
GGAGATGGTTCGGCGT,ATACCTGAAGCTGTAGTAGGACTTGCAGTAGAAGTAGCAGTTCGAGGTCG,1
GGAGATGGTTCGGCGT,ATACCTGAAGCTGTAGTAGGACTTGCAGTAGAAGTAGCAGTTCGAGGTCG,1
GGAGATGGTTCGGCGT,ATACCTGAAGCTGTAGTAGGACTTGCAGTAGAAGTAGCAGTTCGAGGTCG,1
GGAGATGGTTCGGCGT,ATACCTGAAGCTGTAGTAGGACTTGCAGTAGAAGTAGCAGTTCGAGGTCG,1
GGAGATGGTTCGGCGT,ATACCTGAAGCTGTAGTAGGACTTGCAGTAGAAGTAGCAGTTCGAGGTCG,1
GGAGATGGTTCGGCGT,ATTCATGCTCGAGTTCTTGAACGACCAGGACGAGTTGTTGGACATCCACT,1
GGAGATGGTTCGGCGT,ATTGATCTAGATGATCATGAAGAAGTACGTCAACTACGTGATCGAGATGA,1
GGAGATGGTTCGGCGT,ATACGACTAGTTGGAGTTCAAGATGATGTAGTAGTAGTTGAACGTCTACC,1
GGAGATGGTTCGGCGT,AGCATGCCCGCCAGCGCTACTCCGCACCTGCCACCCTCAGCTCTCGGGCC,1
GGGAAGTAGAGTGTGC,ATACATCGTCATCGTGATCGAGTACTTCCACCTGGTGCTCATCGTCTAGG,1
GGGAAGTAGAGTGTGC,ATACTTCAAGAAGGAGCTGAAGTACTAGTTCCAGTTGTTCTAGATGATCT,1
GGGAAGTAGAGTGTGC,ATTGCACCAGCTCTTCCTGCTGCTGGACCTGATCAACATCATGCTCTACA,1
GGGAAGTAGAGTGTGC,ATTGAACGTGGAGTTGAACTTGTACTACGAGTACGTCTAGAACATGAACC,1
GTCCTCAGTCTCTCCA,ATAGTTGTAGGTCTTGCTGTTCGACGAGGTGCTCTAGTTCAAGTTGCACG,1
GTCCTCAGTCTCTCCA,ATTCGTCTTGCTGCTCAAGTAGGTCTAGTACATGGTGTAGTTGTTGTACT,1
TCACTATTCGCCTAGG,ATTCGACCAGAACCACATGCAGTTCAACGTGTTCGAGGTGTAGATGCTCC,1
TCACTATTCGCCTAGG,ATTGCAGTTGATCTTCATCTACCTCATGAACTAGTTGCACCAGTTGGTCA,1
TCACTATTCGCCTAGG,ATTGTTGTTGCAGATGCAGTTGATGCTGATGAAGTTGTACAAGGTCGAGC,1
TCACTATTCGCCTAGG,ATAGGTGAAGGTGATGCACCTCGTCAACAAGTACGAGAAGCTCATGGTGA,1
TCACTATTCGCCTAGG,ATAGGTGAAGGTGATGCACCTCGTCAACAAGTACGAGAAGCTCATGGTGA,1
TCACTATTCGCCTAGG,ATAGGTGAAGGTGATGCACCTCGTCAACAAGTACGAGAAGCTCATGGTGA,1
TCACTATTCGCCTAGG,ATAGGTGAAGGTGATGCACCTCGTCAACAAGTACGAGAAGCTCATGGTGA,1
TCACTATTCGCCTAGG,ATAGGTGAAGGTGATGCACCTCGTCAACAAGTACGAGAAGCTCATGGTGA,1
TCACTATTCGCCTAGG,ATAGGTGAAGGTGATGCACCTCGTCAACAAGTACGAGAAGCTCATGGTGA,1
TCACTATTCGCCTAGG,ATAGGTGAAGGTGATGCACCTCGTCAACAAGTACGAGAAGCTCATGGTGA,1
TCACTATTCGCCTAGG,ATTCGACTTGATCTTCTAGAACATGGTGAACTAGCAGGTGCTGATCCTGA,1
TCACTATTCGCCTAGG,ATACAACTACGAGGACATCAACTACGAGTACCTCTTCTTGCACTAGATCG,1
TCACTATTCGCCTAGG,ATACTAGCTCAAGCAGTACTACTACTTCGTCTTCATGCAGAACAACATGG,1
TCACTATTCGCCTAGG,ATAGATGCACTTGGTGGTCGAGTTCTAGTTGTAGCTGATCGTCCAGCTCT,1
TCACTATTCGCCTAGG,ATAGGACGTGTTCCTGGTGAAGCTCGACAAGGACAAGATGTAGTTGGTGC,1
TCACTATTCGCCTAGG,ATAGGAGTAGTTGGTGATGGTCTACCAGAAGGTGAAGGTGGAGAAGTTGG,1
TCACTATTCGCCTAGG,ATTCAAGCACTTGGAGTTCCTGCTGTTGTTGTACCACAACTACTACTTGG,1
TCACTATTCGCCTAGG,ATTCATGAACGTGATCCTGGTGTAGGACTTGCTGTAGCAGGTGATGTAGT,1
TCACTATTCGCCTAGG,ATTCCTGCAGTAGTGTTCTTCTTGGTGGTCTAGATGCTGAAGTTGCTCAA,1
TCACTATTCGCCTAGG,ATTCGACCAGAACCACATGCAGTTCAACGTGTTCGAGGTGTAGATGCTCC,1
TCACTATTCGCCTAGG,ATTCTTGGAGTTCTAGTACGTGTTGGTGTTCTTGTTCATGATGCTGTACC,1
TCACTATTCGCCTAGG,ATTGAACGTGGAGTTGAACTTGTACTACGAGTACGTCTAGAACATGAACC,1
TCACTATTCGCCTAGG,ATTGCAGCTGGTCTAGCTGGTGCAGCTGTACGTGCTGATCTTCGTCTAGC,1
TCACTATTCGCCTAGG,ATTGTACCTCTTGGAGCTCATGTTGCTCATGCAGGTCTACAAGAACAACT,1
TCACTATTCGCCTAGG,TCTAGGACGAGCTGTACAAGTAGGATAGGTGAAGGTGATGCACCACGTCA,1
TCACTATTCGCCTAGG,ATAGGTGAAGGTGATGCACCTCGTCAACAAGTACGAGAAGCTCATGGTGA,1
TCACTATTCGCCTAGG,CCTCCTTGACTGTGGACAACAAGCGCTTCTTCTTCGATGTGGGCTCCAAC,1
TCACTATTCGCCTAGG,ATAGAAGATGTTCGTCCTGATCAAGTTGTAGGTCCTGTACAACGAGAAGC,1
TCATCCGTCCTTTAGT,ATACTTCCTGGTCCACGAGCTGATGTTGAACCTGCTGTAGTCGAGATCTT,1
TCATCCGTCCTTTAGT,ATACATCCAGCTGCAGTTCCTGCTGAACGACTAGTTCGACATGGAGATCG,1
TCATCCGTCCTTTAGT,ATACCAGTTGGAGTAGGTCTAGTACTTCGTGCTCTACTACGTCGTGGTGA,1
TCATCCGTCCTTTAGT,ATACTAGCTCAAGCAGTACTACTACTTCGTCTTCATGCAGAACAACATGG,1
TCATCCGTCCTTTAGT,ATAGGAGTAGTTGGTGATGGTCTACCAGAAGGTGAAGGTGGAGAAGTTGG,1
TCATCCGTCCTTTAGT,ATTCCTCTACAACGTCTTGTTGTACGACATCTACTTCGACGTGATCGAGG,1
TCATCCGTCCTTTAGT,ATTCCTGCTCCTCTTCGTGTTGATGTTGCAGTTCATCGACTTGCACGTCG,1
TCATCCGTCCTTTAGT,ATTCTAGATGTTGCACAAGATCCTGCAGGACCTGTTGATGATGTACCTCT,1
TCATCCGTCCTTTAGT,ATTGCTGCTGTTCTACATGGTCAACCAGAAGTACGTGCTCTACATCAACT,1
TCATCCGTCCTTTAGT,ATTGTTCTTGGACTAGTTGCTGCTGTAGTAGTACCACTTCTTGTTGTACG,1
TCATCCGTCCTTTAGT,ATACCAGTTGGAGTAGGTCTAGTACTTCGTGCTCTACTACGTCGTGGTGA,1
TCATCCGTCCTTTAGT,ATTCCTGATGATCTGTTCTTCTAGATGCTGCTGTACTACGTGTTCTTCTT,1
TCATCCGTCCTTTAGT,ATACCAGTTGGAGTAGGTCTAGTACTTCGTGCTCTACTACGTCGTGGTGA,1
TCATCCGTCCTTTAGT,ATACCAGTTGGAGTAGGTCTAGTACTTCGTGCTCTACTACGTCGTGGTGA,1
TCATCCGTCCTTTAGT,ATTGCACAAGTTCGTGCTCAACTTGGTCTACTTGTTGGTCGAGATGATCA,1
TCATCCGTCCTTTAGT,ATAGATGCACTTGGTGGTCGAGTTCTAGTTGTAGCTGATCGTCCAGCTCT,1
TCATCCGTCCTTTAGT,ATTGTTGTTGCAGATGCAGTTGATGCTGATGAAGTTGTACAAGGTCGAGC,1
TCATCCGTCCTTTAGT,ATACCAGTTGGAGTAGGTCTAGTACTTCGTGCTCTACTACGTCGTGGTGA,1
TCATCCGTCCTTTAGT,ATTCGTCCTGTTCGTGATCTACAAGATGCACCTCTTGTTGCTGAAGATGT,1
TCATCCGTCCTTTAGT,ATTGAACTTGAAGGTGTTCATGTTGTTCCTCTAGTAGTAGTTCTTCCTCT,1
TCATCCGTCCTTTAGT,AGCATGCCCGCCAGCGCTACTCCGCACCTGCCACCCTCAGCTCTCGGGCC,1
TCATCCGTCCTTTAGT,AGCATGCCCGCCAGCGCTACTCCGCACCTGCCACCCTCAGCTCTCGGGCC,1
TCATCCGTCCTTTAGT,AAGAATGTGGTAAAGCCTTTAACCAGTCCTCAACCCTTACTACACATAAG,1
TCATCCGTCCTTTAGT,ATACCAGTTGGAGTAGGTCTAGTACTTCGTGCTCTACTACGTCGTGGTGA,1
TCATCCGTCCTTTAGT,ATACCAGTTGGAGTAGGTCTAGTACTTCGTGCTCTACTACGTCGTGGTGA,1
TCATCCGTCCTTTAGT,ATTGTTCTTGGACTAGTTGCTGCTGTAGTAGTACCACTTCTTGTTGTACG,1
TCATCCGTCCTTTAGT,ATACCAGTTGGAGTAGGTCTAGTACTTCGTGCTCTACTACGTCGTGGTGA,1
TCATCCGTCCTTTAGT,ATACCAGTTGGAGTAGGTCTAGTACTTCGTGCTCTACTACGTCGTGGTGA,1
TCATCCGTCCTTTAGT,ACAACCAGGCACGTAAGCTGCAGCGGTCGCTGGACGAGCAGACGGAGCAG,1
TCATCCGTCCTTTAGT,ATACCAGTTGGAGTAGGTCTAGTACTTCGTGCTCTACTACGTCGTGGTGA,1
TCATCCGTCCTTTAGT,ATACCAGTTGGAGTAGGTCTAGTACTTCGTGCTCTACTACGTCGTGGTGA,1
TCATCCGTCCTTTAGT,ATACCAGTTGGAGTAGGTCTAGTACTTCGTGCTCTACTACGTCGTGGTGA,1
TCATCCGTCCTTTAGT,ATACCAGTTGGAGTAGGTCTAGTACTTCGTGCTCTACTACGTCGTGGTGA,1
TCATCCGTCCTTTAGT,ATACGAGGTCTAGCTCTTGCTCGTGATCGTGCAGAAGATCATGCAGCAGT,1
TCATCCGTCCTTTAGT,ATACGTGATGCAGGTCTTCTACTAGTTCGTCTAGTAGATGTAGTTCTTCA,1
TCATCCGTCCTTTAGT,ATACTAGCTCAAGCAGTACTACTACTTCGTCTTCATGCAGAACAACATGG,1
TCATCCGTCCTTTAGT,ATACTTGTTGGTGGTGATGCTGCTGAACTACTAGAACGAGGAGAAGCAGA,1
TCATCCGTCCTTTAGT,ATAGATGCACTTGGTGGTCGAGTTCTAGTTGTAGCTGATCGTCCAGCTCT,1
TCATCCGTCCTTTAGT,ATAGATGTAGTTGATCTTGTTCCTGGTCTAGTTGATGTTCCTGATGATGG,1
TCATCCGTCCTTTAGT,ATAGTAGATGTTGTTGAACAAGAAGAAGCAGGAGCAGTTCCACTTCCAGC,1
TCATCCGTCCTTTAGT,ATAGTTCCTCCTGTTCAACTTGCAGTTCTACTTGTACTACATCATGGAGT,1
TCATCCGTCCTTTAGT,ATAGTTGCAGCAGATGATCTTCAAGTTCTTGGTCATCCTCGAGAACATCA,1
TCATCCGTCCTTTAGT,ATTCAAGCACTTGGAGTTCCTGCTGTTGTTGTACCACAACTACTACTTGG,1
TCATCCGTCCTTTAGT,ATTCATGAACGTGATCCTGGTGTAGGACTTGCTGTAGCAGGTGATGTAGT,1
TCATCCGTCCTTTAGT,ATTCGACCAGAACCACATGCAGTTCAACGTGTTCGAGGTGTAGATGCTCC,1
TCATCCGTCCTTTAGT,ATTCGACTTGATCTTCTAGAACATGGTGAACTAGCAGGTGCTGATCCTGA,1
TCATCCGTCCTTTAGT,ATTCGTCCTGTTCGTGATCTACAAGATGCACCTCTTGTTGCTGAAGATGT,1
TCATCCGTCCTTTAGT,ATTCGTGGTGGACTTCGTGATGTTCTTGTAGGTGTACCTGATGCAGTTCC,1
TCATCCGTCCTTTAGT,ATTCGTGGTGTAGGTGTTGCTCGTGATCAACCTCATGGTGGTGTTGCTGA,1
TCATCCGTCCTTTAGT,ATTCTTCATCTACGAGGTGATGTACCTCGTCTACGAGATCCACATCGTGT,1
TCATCCGTCCTTTAGT,ATTGAACGTGGAGTTGAACTTGTACTACGAGTACGTCTAGAACATGAACC,1
TCATCCGTCCTTTAGT,ATTGCAGTTGGACTAGGTGCAGTTGAAGAACTTGGTCTACATGTTCGTGT,1
TCATCCGTCCTTTAGT,ATTGGTCATCTAGGTGCAGAACATGAAGCTGAACTTGTTGTTCTTGCTGC,1
TCATCCGTCCTTTAGT,ATTGTACTAGTTGATCTTGATCAAGAAGCTCATCCTCCTCTACTTGATCA,1
TCATCCGTCCTTTAGT,ATTGTTCTTGGACTAGTTGCTGCTGTAGTAGTACCACTTCTTGTTGTACG,1
TCATCCGTCCTTTAGT,ATTGTTGTTGCAGATGCAGTTGATGCTGATGAAGTTGTACAAGGTCGAGC,1
TCATCCGTCCTTTAGT,ATACCAGTTGGAGTAGGTCTAGTACTTCGTGCTCTACTACGTCGTGGTGA,1
TCATCCGTCCTTTAGT,ATACCAGTTGGAGTAGGTCTAGTACTTCGTGCTCTACTACGTCGTGGTGA,1
TCATCCGTCCTTTAGT,ATACCAGTTGGAGTAGGTCTAGTACTTCGTGCTCTACTACGTCGTGGTGA,1
TCATCCGTCCTTTAGT,ATAGCTGTTGTTGTTGTTGTAGGTGAACTAGAAGTAGTAGTTGTTCAAGG,1
TCATCCGTCCTTTAGT,ATTCGACCAGAACCACATGCAGTTCAACGTGTTCGAGGTGTAGATGCTCC,1
TCATCCGTCCTTTAGT,ATACCAGTTGGAGTAGGTCTAGTACTTCGTGCTCTACTACGTCGTGGTGA,1
TCCTAATGTCGAGATG,ATTCGTCCTGTTCGTGATCTACAAGATGCACCTCTTGTTGCTGAAGATGT,1
TCCTAATGTCGAGATG,ATACTACTAGATCTAGATGAACATGATGTTCCTCGTGCAGTTCGTGCAGC,1
TCCTAATGTCGAGATG,ATTGAAGTTCCAGCTCGACGAGGACATGTACTTGGTGTTGTTGCAGATGC,1
TCCTAATGTCGAGATG,ATTCCTCTACAACGTCTTGTTGTACGACATCTACTTCGACGTGATCGAGG,1
TCCTAATGTCGAGATG,ATACGTGGTGTAGGACATGCAGGACCTGTTGTTGAACATGTTCGTGTAGG,1
TCCTAATGTCGAGATG,AGCATGCCCGCCAGCGCTACTCCGCACCTGCCACCCTCAGCTCTCGGGCC,1
TCCTAATGTCGAGATG,ATTGTTGTTGCAGATGCAGTTGATGCTGATGAAGTTGTACAAGGTCGAGC,1
TCCTAATGTCGAGATG,ATTGCTGTTCAACTTGCAGGTGTTGGTGCAGGTCGACCTGCAGGTGAACT,1
TCCTAATGTCGAGATG,ATACTTCGTGTACGTCATCTTCTAGCTCTACATCCACGTCATCGTCAACA,1
TCCTAATGTCGAGATG,GCGTCAGCCAGATCTCGGTGCTCAGCGGCGGCAAGGCCAAGTGCTCGCAG,1
TCGAACACACTAGTAC,ATTGAACGTGGAGTTGAACTTGTACTACGAGTACGTCTAGAACATGAACC,1
TCGAACACACTAGTAC,ATACATCCAGCTGCAGTTCCTGCTGAACGACTAGTTCGACATGGAGATCG,1
TGTAAGCGTCTCGCGA,ATTGTTGTTGCAGATGCAGTTGATGCTGATGAAGTTGTACAAGGTCGAGC,1
TGTAAGCGTCTCGCGA,ATTGTTGTTGCAGATGCAGTTGATGCTGATGAAGTTGTACAAGGTCGAGC,1
TGTAAGCGTCTCGCGA,ATTGTTGTTGCAGATGCAGTTGATGCTGATGAAGTTGTACAAGGTCGAGC,1
TGTAAGCGTCTCGCGA,ATTGTTGTTGCAGATGCAGTTGATGCTGATGAAGTTGTACAAGGTCGAGC,1
TGTAAGCGTCTCGCGA,ATTGTTGTTGCAGATGCAGTTGATGCTGATGAAGTTGTACAAGGTCGAGC,1
TGTAAGCGTCTCGCGA,ATTGTTGTTGCAGATGCAGTTGATGCTGATGAAGTTGTACAAGGTCGAGC,1
TGTAAGCGTCTCGCGA,ATTCTTGCTGGTGATCTACATCAAGTTCTTGAACGACCACTTCTTGATGG,1
TGTAAGCGTCTCGCGA,ATACAACTACGAGGACATCAACTACGAGTACCTCTTCTTGCACTAGATCG,1
TGTAAGCGTCTCGCGA,ATACATCCAGCTGCAGTTCCTGCTGAACGACTAGTTCGACATGGAGATCG,1
TGTAAGCGTCTCGCGA,ATACATCGAGTACCTCTTGTAGAACATGATCCACCTCCAGCTCCAGCAGG,1
TGTAAGCGTCTCGCGA,ATACCTGATGGACTACCTGCTGCAGTAGGACCAGAACGTGCACCTGTACA,1
TGTAAGCGTCTCGCGA,ATACTACTAGATCTAGATGAACATGATGTTCCTCGTGCAGTTCGTGCAGC,1
TGTAAGCGTCTCGCGA,ATACTAGCTCAAGCAGTACTACTACTTCGTCTTCATGCAGAACAACATGG,1
TGTAAGCGTCTCGCGA,ATACTTGCACGAGTTGAAGGTGTTCAAGATGCTCGAGATGGTGCACTTCG,1
TGTAAGCGTCTCGCGA,ATAGATCTAGCAGCAGGACCTCTTCTAGCAGGTGGTGGTGTAGGTCGTCA,1
TGTAAGCGTCTCGCGA,ATAGATGCACTTGGTGGTCGAGTTCTAGTTGTAGCTGATCGTCCAGCTCT,1
TGTAAGCGTCTCGCGA,ATAGCTCCAGGACTAGGTGGTCGAGTTCTTCGTCCTGTACAACCACTACC,1
TGTAAGCGTCTCGCGA,ATTCAACGTCTAGGACGAGGTCTTCATGTTCCTGCTCGTCTACTTGGACC,1
TGTAAGCGTCTCGCGA,ATTCAAGCACTTGGAGTTCCTGCTGTTGTTGTACCACAACTACTACTTGG,1
TGTAAGCGTCTCGCGA,ATTCATGAACGTGATCCTGGTGTAGGACTTGCTGTAGCAGGTGATGTAGT,1
TGTAAGCGTCTCGCGA,ATTCCTCTACAACGTCTTGTTGTACGACATCTACTTCGACGTGATCGAGG,1
TGTAAGCGTCTCGCGA,ATTCGACTTGATCTTCTAGAACATGGTGAACTAGCAGGTGCTGATCCTGA,1
TGTAAGCGTCTCGCGA,ATTCTTCTTGGACCAGTACTTGCACTACCTGAAGAACTTGCTCTTCGTCT,1
TGTAAGCGTCTCGCGA,ATTCTTGGAGTTCTAGTACGTGTTGGTGTTCTTGTTCATGATGCTGTACC,1
TGTAAGCGTCTCGCGA,ATTGCAGCTGGTCTAGCTGGTGCAGCTGTACGTGCTGATCTTCGTCTAGC,1
TGTAAGCGTCTCGCGA,ATTGGTCATGAAGCTGATCTTGAACCACATGATGTTCGTCTTGGTGAACA,1
TGTAAGCGTCTCGCGA,ATTGTTGTTGCAGATGCAGTTGATGCTGATGAAGTTGTACAAGGTCGAGC,1
TGTAAGCGTCTCGCGA,ATTGTTGTTGCAGATGCAGTTGATGCTGATGAAGTTGTACAAGGTCGAGC,1
TGTAAGCGTCTCGCGA,ATTCGACCAGAACCACATGCAGTTCAACGTGTTCGAGGTGTAGATGCTCC,1
TGTAAGCGTCTCGCGA,ATTGTTGTTGCAGATGCAGTTGATGCTGATGAAGTTGTACAAGGTCGAGC,1
TGTAAGCGTCTCGCGA,ATTGTTGTTGCAGATGCAGTTGATGCTGATGAAGTTGTACAAGGTCGAGC,1
TGTAAGCGTCTCGCGA,ATTGTTGTTGCAGATGCAGTTGATGCTGATGAAGTTGTACAAGGTCGAGC,1
TGTAAGCGTCTCGCGA,ATTGTTGTTGCAGATGCAGTTGATGCTGATGAAGTTGTACAAGGTCGAGC,1
TGTAAGCGTCTCGCGA,ATTGTTGTTGCAGATGCAGTTGATGCTGATGAAGTTGTACAAGGTCGAGC,1
TGTAAGCGTCTCGCGA,ATACGTGATGCAGGTCTTCTACTAGTTCGTCTAGTAGATGTAGTTCTTCA,1
TGTAAGCGTCTCGCGA,ATTCGACCAGAACCACATGCAGTTCAACGTGTTCGAGGTGTAGATGCTCC,1
TGTAAGCGTCTCGCGA,ATTGCAGCTGGTCTAGCTGGTGCAGCTGTACGTGCTGATCTTCGTCTAGC,1
TGTAAGCGTCTCGCGA,ATTGCTCTTGGTGCACTAGTTCAACGTGGTCGTGAAGATCAAGCAGGTGG,1
TGTAAGCGTCTCGCGA,ATAGATGCACTTGGTGGTCGAGTTCTAGTTGTAGCTGATCGTCCAGCTCT,1
TGTAAGCGTCTCGCGA,ATTGTTGTTGCAGATGCAGTTGATGCTGATGAAGTTGTACAAGGTCGAGC,1
TGTAAGCGTCTCGCGA,ATTGTTGTTGCAGATGCAGTTGATGCTGATGAAGTTGTACAAGGTCGAGC,1
TGTAAGCGTCTCGCGA,ATTGTTGTTGCAGATGCAGTTGATGCTGATGAAGTTGTACAAGGTCGAGC,1
TGTAAGCGTCTCGCGA,ATACGTCGTGGAGTAGTTCCTCGTGCACTTGATCCTGCTGATCTACCTGA,1
TGTAAGCGTCTCGCGA,ATTGTTGTTGCAGATGCAGTTGATGCTGATGAAGTTGTACAAGGTCGAGC,1
TGTAAGCGTCTCGCGA,ATTGTTGTTGCAGATGCAGTTGATGCTGATGAAGTTGTACAAGGTCGAGC,1
TGTAAGCGTCTCGCGA,ATTGTTGTTGCAGATGCAGTTGATGCTGATGAAGTTGTACAAGGTCGAGC,1
TGTAAGCGTCTCGCGA,ATTGTTGTTGCAGATGCAGTTGATGCTGATGAAGTTGTACAAGGTCGAGC,1
TGTAAGCGTCTCGCGA,ATTGTTGTTGCAGATGCAGTTGATGCTGATGAAGTTGTACAAGGTCGAGC,1
TGTAAGCGTCTCGCGA,ATTGTTGTTGCAGATGCAGTTGATGCTGATGAAGTTGTACAAGGTCGAGC,1
TGTAAGCGTCTCGCGA,ATTGTTGTTGCAGATGCAGTTGATGCTGATGAAGTTGTACAAGGTCGAGC,1
TGTAAGCGTCTCGCGA,ATAGATGAAGTTCGACAACTTGCTCGTCTTGAAGATCGTCGAGTTCATGA,1
TGTAAGCGTCTCGCGA,ATTCGTCCTGTTCGTGATCTACAAGATGCACCTCTTGTTGCTGAAGATGT,1
TGTAAGCGTCTCGCGA,ATTGCAGCTGGTCTAGCTGGTGCAGCTGTACGTGCTGATCTTCGTCTAGC,1
TGTAAGCGTCTCGCGA,ATTGGACGTGTAGTTCCAGTAGGAGTTCAAGCTCTTGATCATGCTGATGA,1
TGTAAGCGTCTCGCGA,ATAGTTCCAGATCCTGTACAAGATCTAGATCTACTACGTGAAGTTGGTGG,1
TGTAAGCGTCTCGCGA,ATTGTTGTTGCAGATGCAGTTGATGCTGATGAAGTTGTACAAGGTCGAGC,1
TGTAAGCGTCTCGCGA,ATACTACTAGATCTAGATGAACATGATGTTCCTCGTGCAGTTCGTGCAGC,1
TGTAAGCGTCTCGCGA,ATACTAGCTCAAGCAGTACTACTACTTCGTCTTCATGCAGAACAACATGG,1
TGTAAGCGTCTCGCGA,ATTCGACCAGAACCACATGCAGTTCAACGTGTTCGAGGTGTAGATGCTCC,1
TGTAAGCGTCTCGCGA,ATTGTTGATGAAGATGAAGTTGATGATGATCAAGTAGAACATCGTCGAGC,1
TGTAAGCGTCTCGCGA,ATTGCAGCTGGTCTAGCTGGTGCAGCTGTACGTGCTGATCTTCGTCTAGC,1
TGTAAGCGTCTCGCGA,ATTGTTGTTGCAGATGCAGTTGATGCTGATGAAGTTGTACAAGGTCGAGC,1
TGTAAGCGTCTCGCGA,ATTGTTGTTGCAGATGCAGTTGATGCTGATGAAGTTGTACAAGGTCGAGC,1
TGTAAGCGTCTCGCGA,ATTGTTGTTGCAGATGCAGTTGATGCTGATGAAGTTGTACAAGGTCGAGC,1
TGTAAGCGTCTCGCGA,ATTGTTGTTGCAGATGCAGTTGATGCTGATGAAGTTGTACAAGGTCGAGC,1
TGTAAGCGTCTCGCGA,ATTCGACTTGATCTTCTAGAACATGGTGAACTAGCAGGTGCTGATCCTGA,1
TGTAAGCGTCTCGCGA,ATTGTTGTTGCAGATGCAGTTGATGCTGATGAAGTTGTACAAGGTCGAGC,1
TGTAAGCGTCTCGCGA,ATTGTTGTTGCAGATGCAGTTGATGCTGATGAAGTTGTACAAGGTCGAGC,1
TGTAAGCGTCTCGCGA,ATTGTTGTTGCAGATGCAGTTGATGCTGATGAAGTTGTACAAGGTCGAGC,1
TGTAAGCGTCTCGCGA,ATTGTTGTTGCAGATGCAGTTGATGCTGATGAAGTTGTACAAGGTCGAGC,1
TGTAAGCGTCTCGCGA,ATTGTTGTTGCAGATGCAGTTGATGCTGATGAAGTTGTACAAGGTCGAGC,1
TGTAAGCGTCTCGCGA,ATACCAGTTGGAGTAGGTCTAGTACTTCGTGCTCTACTACGTCGTGGTGA,1
TGTAAGCGTCTCGCGA,ATTGTTGTTGCAGATGCAGTTGATGCTGATGAAGTTGTACAAGGTCGAGC,1
TGTAAGCGTCTCGCGA,ATTGTTGTTGCAGATGCAGTTGATGCTGATGAAGTTGTACAAGGTCGAGC,1
TGTAAGCGTCTCGCGA,ATTGTTGTTGCAGATGCAGTTGATGCTGATGAAGTTGTACAAGGTCGAGC,1
TGTAAGCGTCTCGCGA,ATTGTTGTTGCAGATGCAGTTGATGCTGATGAAGTTGTACAAGGTCGAGC,1
TGTAAGCGTCTCGCGA,ATTGTTGTTGCAGATGCAGTTGATGCTGATGAAGTTGTACAAGGTCGAGC,1
TGTAAGCGTCTCGCGA,ATTGTTGTTGCAGATGCAGTTGATGCTGATGAAGTTGTACAAGGTCGAGC,1
TGTAAGCGTCTCGCGA,ATTGTTGTTGCAGATGCAGTTGATGCTGATGAAGTTGTACAAGGTCGAGC,1
TGTAAGCGTCTCGCGA,ATACATCCAGCTGCAGTTCCTGCTGAACGACTAGTTCGACATGGAGATCG,1
TGTAAGCGTCTCGCGA,ATACCTGTAGGAGTTCTTGTACTTGCTCTAGGTGAAGTAGATGGAGCTGT,1
TGTAAGCGTCTCGCGA,ATACTACTAGATCTAGATGAACATGATGTTCCTCGTGCAGTTCGTGCAGC,1
TGTAAGCGTCTCGCGA,ATACTACTAGTTGAAGCACGTCCTGCTGAAGGACGTCTACGTCATGGAGG,1
TGTAAGCGTCTCGCGA,ATACTAGCTCAAGCAGTACTACTACTTCGTCTTCATGCAGAACAACATGG,1
TGTAAGCGTCTCGCGA,ATACTTCCAGCAGAACTTGTAGCACTTGCTGTACTAGTTCATGATCGTCC,1
TGTAAGCGTCTCGCGA,ATACTTGTTGTAGCTGGTGTAGGTCGACTTCCTCTAGTTCTAGGACTTCG,1
TGTAAGCGTCTCGCGA,ATAGATCTAGCAGCAGGACCTCTTCTAGCAGGTGGTGGTGTAGGTCGTCA,1
TGTAAGCGTCTCGCGA,ATAGATGCACTTGGTGGTCGAGTTCTAGTTGTAGCTGATCGTCCAGCTCT,1
TGTAAGCGTCTCGCGA,ATAGCACTTGATGCTGTTCCAGTTCGTCTTGTTCGAGGAGTAGGTCCACG,1
TGTAAGCGTCTCGCGA,ATAGCTCCAGGACTAGGTGGTCGAGTTCTTCGTCCTGTACAACCACTACC,1
TGTAAGCGTCTCGCGA,ATAGCTGGTGTACTTGATGTTGTTCAAGTTCGAGTAGTTCTAGTAGTTCG,1
TGTAAGCGTCTCGCGA,ATAGCTGTTCCTGTTCTTCAACATCCTCATGATGTTGCTCTTGCTCCAGG,1
TGTAAGCGTCTCGCGA,ATAGGAGTAGTTGGTGATGGTCTACCAGAAGGTGAAGGTGGAGAAGTTGG,1
TGTAAGCGTCTCGCGA,ATAGTAGTTGTTCAACAACTTCATCATGATGGTGTTCATCATGAACTACC,1
TGTAAGCGTCTCGCGA,ATAGTTGTAGGTCTTGCTGTTCGACGAGGTGCTCTAGTTCAAGTTGCACG,1
TGTAAGCGTCTCGCGA,ATTCCTGTACTTGTTGGACTAGAACTTGTACGTGTTCTACTTGATGAACG,1
TGTAAGCGTCTCGCGA,ATTCGACCAGAACCACATGCAGTTCAACGTGTTCGAGGTGTAGATGCTCC,1
TGTAAGCGTCTCGCGA,ATTCGACGTCTTGCTGTTCAACGTGTTGAAGATCGAGTTGGTCTAGCTCT,1
TGTAAGCGTCTCGCGA,ATTCGACTTGATCTTCTAGAACATGGTGAACTAGCAGGTGCTGATCCTGA,1
TGTAAGCGTCTCGCGA,ATTCGTGGTGGACTTCGTGATGTTCTTGTAGGTGTACCTGATGCAGTTCC,1
TGTAAGCGTCTCGCGA,ATTCTAGCTCCTGTTGTTGAACGAGTACTAGCTCTAGGTGCAGCTCTTCT,1
TGTAAGCGTCTCGCGA,ATTGCTCATGAAGCAGAACTACGACCTGTTGTACTACAACGTCTTCGACA,1
TGTAAGCGTCTCGCGA,ATTGTTCCAGTAGCTGGAGGTCTACATGTAGGAGATCTACTAGCAGAAGT,1
TGTAAGCGTCTCGCGA,ATTGTTGATGTTGATGTAGTACAACGTGTACAAGTTCTAGATGTAGGTGA,1
TGTAAGCGTCTCGCGA,ATTGTTGCTGCTCTTGTTCTTGTTGTAGATGTTCTACGTGCTCAAGCTCA,1
TGTAAGCGTCTCGCGA,ATTGTTGCTGTAGATGTTGGTGAAGGTGTTCTACGTGTTCGTCATGGAGT,1
TGTAAGCGTCTCGCGA,ATTGTTGTAGCAGATGCGGTTGAAGCTCATCAACTAGTACAAGGACGAGA,1
TGTAAGCGTCTCGCGA,ATAGTAGTAGCTGTTGGTGTTGAAGTACTTCCTCTTGCTCCTCGTGCAGG,1
TGTAAGCGTCTCGCGA,ATTGTTGTTGCAGATGCAGTTGATGCTGATGAAGTTGTACAAGGTCGAGC,1
TGTAAGCGTCTCGCGA,ATTGTTGTTGCAGATGCAGTTGATGCTGATGAAGTTGTACAAGGTCGAGC,1
TGTAAGCGTCTCGCGA,ATTGTTGTTGCAGATGCAGTTGATGCTGATGAAGTTGTACAAGGTCGAGC,1
TGTAAGCGTCTCGCGA,ATTGTTGTTGCAGATGCAGTTGATGCTGATGAAGTTGTACAAGGTCGAGC,1
TGTAAGCGTCTCGCGA,ATTGTTGTTGCAGATGCAGTTGATGCTGATGAAGTTGTACAAGGTCGAGC,1
TGTAAGCGTCTCGCGA,ATTGTTGTTGCAGATGCAGTTGATGCTGATGAAGTTGTACAAGGTCGAGC,1
TGTAAGCGTCTCGCGA,ATTGTTGTTGCAGATGCAGTTGATGCTGATGAAGTTGTACAAGGTCGAGC,1
TGTAAGCGTCTCGCGA,ATTGTTGTTGCAGATGCAGTTGATGCTGATGAAGTTGTACAAGGTCGAGC,1
TGTAAGCGTCTCGCGA,ATTGTTGTTGCAGATGCAGTTGATGCTGATGAAGTTGTACAAGGTCGAGC,1
TGTAAGCGTCTCGCGA,ATACCAGTACCACTAGTAGTACTAGCTGTACGTGAAGTACTTCTAGATGT,1
TGTAAGCGTCTCGCGA,ATAGATGCACTTGGTGGTCGAGTTCTAGTTGTAGCTGATCGTCCAGCTCT,1
TGTAAGCGTCTCGCGA,ATAGCTGGTGTACTTGATGTTGTTCAAGTTCGAGTAGTTCTAGTAGTTCG,1
TGTAAGCGTCTCGCGA,ATAGTACATGGTGGACCTGGACTTCGAGATGGAGCTCTTGTTCCTGCACA,1
TGTAAGCGTCTCGCGA,ATAGTAGATGAACGTCCTCTACATGTTCTTCGTCAAGTACCAGCACAACG,1
TGTAAGCGTCTCGCGA,ATTCAACGTCTAGGACGAGGTCTTCATGTTCCTGCTCGTCTACTTGGACC,1
TGTAAGCGTCTCGCGA,ATTCGACCAGAACCACATGCAGTTCAACGTGTTCGAGGTGTAGATGCTCC,1
TGTAAGCGTCTCGCGA,ATTCGACTTGATCTTCTAGAACATGGTGAACTAGCAGGTGCTGATCCTGA,1
TGTAAGCGTCTCGCGA,ATTGATCTTGCAGAAGCAGATCATGCTGATGAAGAAGTACAATGTCTAGC,1
TGTAAGCGTCTCGCGA,ATTGTACGTGGTCGTGTACCTGCTCCAGGACGAGCTGGAGCAGTTGTTCA,1
TGTAAGCGTCTCGCGA,ATTGCAGCTGGTCTAGCTGGTGCAGCTGTACGTGCTGATCTTCGTCTAGC,1
TGTAAGCGTCTCGCGA,ATTGTTGTTGCAGATGCAGTTGATGCTGATGAAGTTGTACAAGGTCGAGC,1
TGTAAGCGTCTCGCGA,ATTGTTGTTGCAGATGCAGTTGATGCTGATGAAGTTGTACAAGGTCGAGC,1
TGTAAGCGTCTCGCGA,ATTGTTGTTGCAGATGCAGTTGATGCTGATGAAGTTGTACAAGGTCGAGC,1
TGTAAGCGTCTCGCGA,ATTGTTGTTGCAGATGCAGTTGATGCTGATGAAGTTGTACAAGGTCGAGC,1
TGTAAGCGTCTCGCGA,ATTGCTCTTGGTGCACTAGTTCAACGTGGTCGTGAAGATCAAGCAGGTGG,1
TGTAAGCGTCTCGCGA,ATTGTTGTTGCAGATGCAGTTGATGCTGATGAAGTTGTACAAGGTCGAGC,1
TGTAAGCGTCTCGCGA,ATACATCCAGCTGCAGTTCCTGCTGAACGACTAGTTCGACATGGAGATCG,1
TGTAAGCGTCTCGCGA,ATACGAGCTGTAGGTCGTGGAGCTCGTGCACAAGGTCCAGTACGAGGAGG,1
TGTAAGCGTCTCGCGA,ATACGTGGTGATGTACTACTTCCACCTGAACAAGTTCGTCCACAACCAGG,1
TGTAAGCGTCTCGCGA,ATTGGTCCACTACGTGATGGTCGAGTTGCTGGTGTTGCTCTACGTGGTCG,1
TGTAAGCGTCTCGCGA,ATTGGTCGTGAAGCAGTAGATGGAGCAGATGTTCATCTACCTGAAGAAGG,1
TGTAAGCGTCTCGCGA,ATTCTAGATGCAGATCCTGATGATGCTCATGAACTTGTACAAGGTCTAGC,1
TGTAAGCGTCTCGCGA,ATTGTTGTTGCAGATGCAGTTGATGCTGATGAAGTTGTACAAGGTCGAGC,1
TGTAAGCGTCTCGCGA,ATTGTTGTTGCAGATGCAGTTGATGCTGATGAAGTTGTACAAGGTCGAGC,1
TGTAAGCGTCTCGCGA,ATTGTTGTTGCAGATGCAGTTGATGCTGATGAAGTTGTACAAGGTCGAGC,1
TGTAAGCGTCTCGCGA,ATTGTTGTTGCAGATGCAGTTGATGCTGATGAAGTTGTACAAGGTCGAGC,1
TGTAAGCGTCTCGCGA,ATACATGGTCCACGTCATCCTCGTGTTCTTGGAGGACTAGCAGCTCGAGA,1
TGTAAGCGTCTCGCGA,ATTGTTGTTGCAGATGCAGTTGATGCTGATGAAGTTGTACAAGGTCGAGC,1
TGTAAGCGTCTCGCGA,ATTGTTGTTGCAGATGCAGTTGATGCTGATGAAGTTGTACAAGGTCGAGC,1
TGTAAGCGTCTCGCGA,ATTCCTGTACTTGTTGGACTAGAACTTGTACGTGTTCTACTTGATGAACG,1
TGTAAGCGTCTCGCGA,ATTGTTGTTGCAGATGCAGTTGATGCTGATGAAGTTGTACAAGGTCGAGC,1
TGTAAGCGTCTCGCGA,ATTGTTGTTGCAGATGCAGTTGATGCTGATGAAGTTGTACAAGGTCGAGC,1
TGTAAGCGTCTCGCGA,ATTGTTGTTGCAGATGCAGTTGATGCTGATGAAGTTGTACAAGGTCGAGC,1
TGTAAGCGTCTCGCGA,ATTGTTGTTGCAGATGCAGTTGATGCTGATGAAGTTGTACAAGGTCGAGC,1
TGTAAGCGTCTCGCGA,ATTGTTGTTGCAGATGCAGTTGATGCTGATGAAGTTGTACAAGGTCGAGC,1
TGTAAGCGTCTCGCGA,ATTGTTGTTGCAGATGCAGTTGATGCTGATGAAGTTGTACAAGGTCGAGC,1
TGTAAGCGTCTCGCGA,ATTGTTGTTGCAGATGCAGTTGATGCTGATGAAGTTGTACAAGGTCGAGC,1
TGTAAGCGTCTCGCGA,ATTGTTGTTGCAGATGCAGTTGATGCTGATGAAGTTGTACAAGGTCGAGC,1
TGTAAGCGTCTCGCGA,ATTGGTGATGAACATGTTCTTCTAGAAGAAGTTCGTGTAGGTGTAGTTCA,1
TGTAAGCGTCTCGCGA,ATACTACTAGTTGAAGCACGTCCTGCTGAAGGACGTCTACGTCATGGAGG,1
TGTAAGCGTCTCGCGA,ATACTAGCTCAAGCAGTACTACTACTTCGTCTTCATGCAGAACAACATGG,1
TGTAAGCGTCTCGCGA,ATAGATGCACTTGGTGGTCGAGTTCTAGTTGTAGCTGATCGTCCAGCTCT,1
TGTAAGCGTCTCGCGA,ATAGCTCCAGGACTAGGTGGTCGAGTTCTTCGTCCTGTACAACCACTACC,1
TGTAAGCGTCTCGCGA,ATAGTTCATGAACCTCATGGTGATCGAGTAGGACAACTACAACATCCTGT,1
TGTAAGCGTCTCGCGA,ATGGTCGATAGTACTAGTTGGTGAAGTACTTCAAGTTGTACTAGGTGGTC,1
TGTAAGCGTCTCGCGA,ATTCATGAACGTGATCCTGGTGTAGGACTTGCTGTAGCAGGTGATGTAGT,1
TGTAAGCGTCTCGCGA,ATTCCTCTACAACGTCTTGTTGTACGACATCTACTTCGACGTGATCGAGG,1
TGTAAGCGTCTCGCGA,ATTCGACTTGATCTTCTAGAACATGGTGAACTAGCAGGTGCTGATCCTGA,1
TGTAAGCGTCTCGCGA,ATTCGTGGTGTAGGTGTTGCTCGTGATCAACCTCATGGTGGTGTTGCTGA,1
TGTAAGCGTCTCGCGA,ATTGAACGTGGAGTTGAACTTGTACTACGAGTACGTCTAGAACATGAACC,1
TGTAAGCGTCTCGCGA,ATTGCAGTTGATCTTCATCTACCTCATGAACTAGTTGCACCAGTTGGTCA,1
TGTAAGCGTCTCGCGA,ATTGTTGTTGTTGGACTACGACATGAAGCAGTTGCAGCTCTACAAGATCG,1
TGTAAGCGTCTCGCGA,ATTGTTGTTGCAGATGCAGTTGATGCTGATGAAGTTGTACAAGGTCGAGC,1
TGTAAGCGTCTCGCGA,ATTGTTGTTGCAGATGCAGTTGATGCTGATGAAGTTGTACAAGGTCGAGC,1
TGTAAGCGTCTCGCGA,ATTGTTGTTGCAGATGCAGTTGATGCTGATGAAGTTGTACAAGGTCGAGC,1
TGTAAGCGTCTCGCGA,ATTGTTGTTGCAGATGCAGTTGATGCTGATGAAGTTGTACAAGGTCGAGC,1
TGTAAGCGTCTCGCGA,ATACATCCAGCTGCAGTTCCTGCTGAACGACTAGTTCGACATGGAGATCG,1
TGTAAGCGTCTCGCGA,ATACCTGATGGACTACCTGCTGCAGTAGGACCAGAACGTGCACCTGTACA,1
TGTAAGCGTCTCGCGA,ATACTAGCTCAAGCAGTACTACTACTTCGTCTTCATGCAGAACAACATGG,1
TGTAAGCGTCTCGCGA,ATAGATGCACTTGGTGGTCGAGTTCTAGTTGTAGCTGATCGTCCAGCTCT,1
TGTAAGCGTCTCGCGA,ATAGATGTAGTTGATCTTGTTCCTGGTCTAGTTGATGTTCCTGATGATGG,1
TGTAAGCGTCTCGCGA,ATAGCTGGTGTACTTGATGTTGTTCAAGTTCGAGTAGTTCTAGTAGTTCG,1
TGTAAGCGTCTCGCGA,ATAGGACGTGTTCCTGGTGAAGCTCGACAAGGACAAGATGTAGTTGGTGC,1
TGTAAGCGTCTCGCGA,ATTCATCTAGGTCTTGGAGTTGTTCAAGTACTTGCTCTACTTCCACCTCT,1
TGTAAGCGTCTCGCGA,ATTCGACTTGATCTTCTAGAACATGGTGAACTAGCAGGTGCTGATCCTGA,1
TGTAAGCGTCTCGCGA,ATTCGTGGTGTAGGTGTTGCTCGTGATCAACCTCATGGTGGTGTTGCTGA,1
TGTAAGCGTCTCGCGA,ATTCTACAACAACGTGAAGGTCTACCTGTTGTAGAAGGTGTTCATGTACA,1
TGTAAGCGTCTCGCGA,ATTCTTGCTGGTGATCTACATCAAGTTCTTGAACGACCACTTCTTGATGG,1
TGTAAGCGTCTCGCGA,ATTCTTGTAGGAGAAGTAGATCAAGCTGCACGTGGTCTTGTTGCACCTGG,1
TGTAAGCGTCTCGCGA,ATTGAACGTGGAGTTGAACTTGTACTACGAGTACGTCTAGAACATGAACC,1
TGTAAGCGTCTCGCGA,ATTGCAGTTGGACTAGGTGCAGTTGAAGAACTTGGTCTACATGTTCGTGT,1
TGTAAGCGTCTCGCGA,ATTGGTCGTGAAGCAGTAGATGGAGCAGATGTTCATCTACCTGAAGAAGG,1
TGTAAGCGTCTCGCGA,ATTGTTGTTGCAGATGCAGTTGATGCTGATGAAGTTGTACAAGGTCGAGC,1
TGTAAGCGTCTCGCGA,ATTGTTGTTGCAGATGCAGTTGATGCTGATGAAGTTGTACAAGGTCGAGC,1
TGTAAGCGTCTCGCGA,ATTGTTGTTGCAGATGCAGTTGATGCTGATGAAGTTGTACAAGGTCGAGC,1
TGTAAGCGTCTCGCGA,ATTGTTGTTGCAGATGCAGTTGATGCTGATGAAGTTGTACAAGGTCGAGC,1
TGTAAGCGTCTCGCGA,ATTGTTGTTGCAGATGCAGTTGATGCTGATGAAGTTGTACAAGGTCGAGC,1
TGTAAGCGTCTCGCGA,ATTCTTCATCTACGAGGTGATGTACCTCGTCTACGAGATCCACATCGTGT,1
TGTAAGCGTCTCGCGA,ATTCGACTTGATCTTCTAGAACATGGTGAACTAGCAGGTGCTGATCCTGA,1
TGTAAGCGTCTCGCGA,ATTCAAGCACTTGGAGTTCCTGCTGTTGTTGTACCACAACTACTACTTGG,1
TGTAAGCGTCTCGCGA,ATTGTTGTTGCAGATGCAGTTGATGCTGATGAAGTTGTACAAGGTCGAGC,1
TGTAAGCGTCTCGCGA,ATACTAGCTCAAGCAGTACTACTACTTCGTCTTCATGCAGAACAACATGG,1
TGTAAGCGTCTCGCGA,ATTGTTGTTGCAGATGCAGTTGATGCTGATGAAGTTGTACAAGGTCGAGC,1
TGTAAGCGTCTCGCGA,ACAACCAGGCACGTAAGCTGCAGCGGTCGCTGGACGAGCAGACGGAGCAG,1
TGTAAGCGTCTCGCGA,ATTGTTGTTGCAGATGCAGTTGATGCTGATGAAGTTGTACAAGGTCGAGC,1
TGTAAGCGTCTCGCGA,ATTGTTGTTGCAGATGCAGTTGATGCTGATGAAGTTGTACAAGGTCGAGC,1
TGTAAGCGTCTCGCGA,ATTGTTGTTGCAGATGCAGTTGATGCTGATGAAGTTGTACAAGGTCGAGC,1
TGTAAGCGTCTCGCGA,ATTGTTGTTGCAGATGCAGTTGATGCTGATGAAGTTGTACAAGGTCGAGC,1
TGTAAGCGTCTCGCGA,ATTGTTGTTGCAGATGCAGTTGATGCTGATGAAGTTGTACAAGGTCGAGC,1
TGTAAGCGTCTCGCGA,ATAGCAGTACGACATGCTGTTCAAGGTGTTGGAGTTCCAGTTCCACATCT,1
TGTAAGCGTCTCGCGA,ATTCAACATGGTGTTGGAGGACGTGTACCTGCAGTTCTTGGTGGTGTACT,1
TGTAAGCGTCTCGCGA,ATTCCTCTACAACGTCTTGTTGTACGACATCTACTTCGACGTGATCGAGG,1
TGTAAGCGTCTCGCGA,ATTCGTGCTGTAGCTGGTGGTGTACTTGCTGTAGTACTACAAGAACTTCC,1
TGTAAGCGTCTCGCGA,ATTCGTGGTGGACTTCGTGATGTTCTTGTAGGTGTACCTGATGCAGTTCC,1
TGTAAGCGTCTCGCGA,ATTGGTCGTGAAGCAGTAGATGGAGCAGATGTTCATCTACCTGAAGAAGG,1
TGTAAGCGTCTCGCGA,ATTGTTGCTGTAGATGTTGGTGAAGGTGTTCTACGTGTTCGTCATGGAGT,1
TGTAAGCGTCTCGCGA,ATTGTTGTTGCAGATGCAGTTGATGCTGATGAAGTTGTACAAGGTCGAGC,1
TGTAAGCGTCTCGCGA,ATTGTTGTTGCAGATGCAGTTGATGCTGATGAAGTTGTACAAGGTCGAGC,1
TGTAAGCGTCTCGCGA,ATTGTTGTTGCAGATGCAGTTGATGCTGATGAAGTTGTACAAGGTCGAGC,1
TGTAAGCGTCTCGCGA,ATTGTTGTTGCAGATGCAGTTGATGCTGATGAAGTTGTACAAGGTCGAGC,1
TGTAAGCGTCTCGCGA,ATTCGAGTAGATCTTCCTGCACCACCAGTACATGTACCTGTTCCATAGCA,1
TGTAAGCGTCTCGCGA,ATTGTTGTTGCAGATGCAGTTGATGCTGATGAAGTTGTACAAGGTCGAGC,1
TGTAAGCGTCTCGCGA,ATTGTTGTTGCAGATGCAGTTGATGCTGATGAAGTTGTACAAGGTCGAGC,1
TGTAAGCGTCTCGCGA,ATTGTTGTTGCAGATGCAGTTGATGCTGATGAAGTTGTACAAGGTCGAGC,1
TGTAAGCGTCTCGCGA,ATTGTTGTTGCAGATGCAGTTGATGCTGATGAAGTTGTACAAGGTCGAGC,1
TGTAAGCGTCTCGCGA,ATTGTTGTTGCAGATGCAGTTGATGCTGATGAAGTTGTACAAGGTCGAGC,1
TGTAAGCGTCTCGCGA,ATTGTTGTTGCAGATGCAGTTGATGCTGATGAAGTTGTACAAGGTCGAGC,1
TGTAAGCGTCTCGCGA,ATTGTTGTTGCAGATGCAGTTGATGCTGATGAAGTTGTACAAGGTCGAGC,1
TGTAAGCGTCTCGCGA,ATTGTTGTTGCAGATGCAGTTGATGCTGATGAAGTTGTACAAGGTCGAGC,1
TGTAAGCGTCTCGCGA,ATACATCCAGCTGCAGTTCCTGCTGAACGACTAGTTCGACATGGAGATCG,1
TGTAAGCGTCTCGCGA,ATTCGTCTAGTAGCAGCAGGTCGTCCTCTTGCTCTACCACGTGCAGTACT,1
TGTAAGCGTCTCGCGA,ATTCAAGTACCTCAACTTCGTCTACTACCAGATCGAGTACCTGGTCAAGG,1
TGTAAGCGTCTCGCGA,ATTCCACTTCTAGTTCGAGTTCAAGTTGTTCATCATGATCATGCTGGTGC,1
TGTAAGCGTCTCGCGA,ATTCCTCTACAACGTCTTGTTGTACGACATCTACTTCGACGTGATCGAGG,1
TGTAAGCGTCTCGCGA,ATTCGACCAGAACCACATGCAGTTCAACGTGTTCGAGGTGTAGATGCTCC,1
TGTAAGCGTCTCGCGA,ATTCGTCCTGTTCGTGATCTACAAGATGCACCTCTTGTTGCTGAAGATGT,1
TGTAAGCGTCTCGCGA,ATTCGTGCTGTAGCTGGTGGTGTACTTGCTGTAGTACTACAAGAACTTCC,1
TGTAAGCGTCTCGCGA,ATTCTAGCTGTACTTGTTCCTCCTGCAGCTCTTGTACGTGATGTAGGTCT,1
TGTAAGCGTCTCGCGA,ATTCTTGGAGTTCTAGTACGTGTTGGTGTTCTTGTTCATGATGCTGTACC,1
TGTAAGCGTCTCGCGA,ATTGGTCCACTACGTGATGGTCGAGTTGCTGGTGTTGCTCTACGTGGTCG,1
TGTAAGCGTCTCGCGA,GGTGCTCAACTTCTTGTTGTACTTCTAGTTGATGTTGGACGTCATCAAGG,1
TGTAAGCGTCTCGCGA,ATTGTTGTTGCAGATGCAGTTGATGCTGATGAAGTTGTACAAGGTCGAGC,1
TGTAAGCGTCTCGCGA,ATTGTTGTTGCAGATGCAGTTGATGCTGATGAAGTTGTACAAGGTCGAGC,1
TGTAAGCGTCTCGCGA,ATTGTTGTTGCAGATGCAGTTGATGCTGATGAAGTTGTACAAGGTCGAGC,1
TTGGTTTTCCTTATGT,ATACTAGCTCAAGCAGTACTACTACTTCGTCTTCATGCAGAACAACATGG,1
TTTGACTGTTTATGCG,ATACTTCCTGATCATGAACAACTTGAAGTTGGTCGTCCAGGTGTACAACT,1
TTTGACTGTTTATGCG,ATTGCTGCTGTTGTTGTTGGTCAAGTACTTGAAGTTCTTCCTCCTCATGA,1
TTTGACTGTTTATGCG,ATTGGACGTCTTGAAGCACCTGGAGGTCTAGGTCCTCGACATGCTGGTCG,1
TTTGACTGTTTATGCG,ATTGAACGTGGAGTTGAACTTGTACTACGAGTACGTCTAGAACATGAACC,1
TTTGACTGTTTATGCG,ATACTAGCTCAAGCAGTACTACTACTTCGTCTTCATGCAGAACAACATGG,1
